-- --------------------------------------------------------
-- Host:                         127.0.0.1
-- Server version:               10.1.16-MariaDB - mariadb.org binary distribution
-- Server OS:                    Win32
-- HeidiSQL Version:             9.3.0.4984
-- --------------------------------------------------------

/*!40101 SET @OLD_CHARACTER_SET_CLIENT=@@CHARACTER_SET_CLIENT */;
/*!40101 SET NAMES utf8mb4 */;
/*!40014 SET @OLD_FOREIGN_KEY_CHECKS=@@FOREIGN_KEY_CHECKS, FOREIGN_KEY_CHECKS=0 */;
/*!40101 SET @OLD_SQL_MODE=@@SQL_MODE, SQL_MODE='NO_AUTO_VALUE_ON_ZERO' */;

-- Dumping database structure for timf
DROP DATABASE IF EXISTS `timf`;
CREATE DATABASE IF NOT EXISTS `timf` /*!40100 DEFAULT CHARACTER SET latin1 */;
USE `timf`;


-- Dumping structure for table timf.account_status
DROP TABLE IF EXISTS `account_status`;
CREATE TABLE IF NOT EXISTS `account_status` (
  `id` int(11) unsigned NOT NULL AUTO_INCREMENT,
  `description` varchar(200) NOT NULL,
  PRIMARY KEY (`id`)
) ENGINE=InnoDB AUTO_INCREMENT=6 DEFAULT CHARSET=utf8;

-- Dumping data for table timf.account_status: ~5 rows (approximately)
DELETE FROM `account_status`;
/*!40000 ALTER TABLE `account_status` DISABLE KEYS */;
INSERT INTO `account_status` (`id`, `description`) VALUES
	(1, 'Active'),
	(2, 'Inactive'),
	(3, 'Suspended'),
	(4, 'Deactivated'),
	(5, 'Blocked');
/*!40000 ALTER TABLE `account_status` ENABLE KEYS */;


-- Dumping structure for table timf.appformandpassbooks
DROP TABLE IF EXISTS `appformandpassbooks`;
CREATE TABLE IF NOT EXISTS `appformandpassbooks` (
  `id` int(11) NOT NULL AUTO_INCREMENT,
  `serial_no` int(11) DEFAULT NULL,
  `member_name` varchar(500) DEFAULT NULL,
  `member_id` varchar(500) DEFAULT NULL,
  `mobile_no` varchar(500) DEFAULT NULL,
  `date` varchar(500) DEFAULT NULL,
  `app_form` varchar(500) DEFAULT NULL,
  `passbook` varchar(500) DEFAULT NULL,
  `share_number` int(11) DEFAULT NULL,
  `share_amount` int(11) DEFAULT NULL,
  `saving_amount` int(11) DEFAULT NULL,
  `name` varchar(500) DEFAULT NULL,
  `CompanyrajCode` varchar(500) DEFAULT NULL,
  `unitprice` decimal(10,2) DEFAULT '0.00',
  `created_at` datetime DEFAULT NULL,
  `updated_at` datetime DEFAULT NULL,
  PRIMARY KEY (`id`),
  FULLTEXT KEY `idx_name` (`name`)
) ENGINE=InnoDB DEFAULT CHARSET=utf8;

-- Dumping data for table timf.appformandpassbooks: ~0 rows (approximately)
DELETE FROM `appformandpassbooks`;
/*!40000 ALTER TABLE `appformandpassbooks` DISABLE KEYS */;
/*!40000 ALTER TABLE `appformandpassbooks` ENABLE KEYS */;


-- Dumping structure for table timf.areas
DROP TABLE IF EXISTS `areas`;
CREATE TABLE IF NOT EXISTS `areas` (
  `id` int(11) NOT NULL AUTO_INCREMENT,
  `name` varchar(500) DEFAULT NULL,
  `AreaName` varchar(500) DEFAULT NULL,
  `AreaCode` varchar(500) DEFAULT NULL,
  `ZoneId` int(11) DEFAULT NULL,
  `created_at` datetime DEFAULT NULL,
  `updated_at` datetime DEFAULT NULL,
  PRIMARY KEY (`id`)
) ENGINE=InnoDB AUTO_INCREMENT=11 DEFAULT CHARSET=utf8;

-- Dumping data for table timf.areas: ~4 rows (approximately)
DELETE FROM `areas`;
/*!40000 ALTER TABLE `areas` DISABLE KEYS */;
INSERT INTO `areas` (`id`, `name`, `AreaName`, `AreaCode`, `ZoneId`, `created_at`, `updated_at`) VALUES
	(7, NULL, 'area1', '3001', 11, '2017-01-23 09:37:37', '2017-01-23 09:37:37'),
	(8, NULL, 'area2', '3002', 11, '2017-01-23 09:38:00', '2017-01-23 09:38:00'),
	(9, NULL, 'area1', '3003', 12, '2017-01-23 09:39:04', '2017-01-23 09:39:04'),
	(10, NULL, 'area34', '3034', 13, '2017-01-23 09:39:35', '2017-01-23 09:39:35');
/*!40000 ALTER TABLE `areas` ENABLE KEYS */;


-- Dumping structure for table timf.assets
DROP TABLE IF EXISTS `assets`;
CREATE TABLE IF NOT EXISTS `assets` (
  `id` int(11) NOT NULL AUTO_INCREMENT,
  `name` varchar(500) DEFAULT NULL,
  `AssetDescription` varchar(500) DEFAULT NULL,
  `created_at` datetime DEFAULT NULL,
  `updated_at` datetime DEFAULT NULL,
  PRIMARY KEY (`id`)
) ENGINE=InnoDB AUTO_INCREMENT=2 DEFAULT CHARSET=utf8;

-- Dumping data for table timf.assets: ~1 rows (approximately)
DELETE FROM `assets`;
/*!40000 ALTER TABLE `assets` DISABLE KEYS */;
INSERT INTO `assets` (`id`, `name`, `AssetDescription`, `created_at`, `updated_at`) VALUES
	(1, '9', '85', '2017-01-11 06:18:22', '2017-01-23 10:55:58');
/*!40000 ALTER TABLE `assets` ENABLE KEYS */;


-- Dumping structure for table timf.assets_debt_info
DROP TABLE IF EXISTS `assets_debt_info`;
CREATE TABLE IF NOT EXISTS `assets_debt_info` (
  `id` int(11) NOT NULL AUTO_INCREMENT,
  `member_id` int(11) unsigned DEFAULT NULL,
  `loan_id` int(11) unsigned DEFAULT NULL,
  `type_id` int(11) unsigned DEFAULT NULL,
  `description` varchar(100) DEFAULT NULL,
  `amount` varchar(100) DEFAULT NULL,
  PRIMARY KEY (`id`)
) ENGINE=InnoDB DEFAULT CHARSET=utf8;

-- Dumping data for table timf.assets_debt_info: ~0 rows (approximately)
DELETE FROM `assets_debt_info`;
/*!40000 ALTER TABLE `assets_debt_info` DISABLE KEYS */;
/*!40000 ALTER TABLE `assets_debt_info` ENABLE KEYS */;


-- Dumping structure for table timf.blog_post
DROP TABLE IF EXISTS `blog_post`;
CREATE TABLE IF NOT EXISTS `blog_post` (
  `id` int(10) unsigned NOT NULL AUTO_INCREMENT,
  `title` varchar(255) COLLATE utf8_unicode_ci NOT NULL,
  `description` varchar(255) COLLATE utf8_unicode_ci NOT NULL,
  `created_at` timestamp NULL DEFAULT NULL,
  `updated_at` timestamp NULL DEFAULT NULL,
  PRIMARY KEY (`id`)
) ENGINE=InnoDB AUTO_INCREMENT=2 DEFAULT CHARSET=utf8 COLLATE=utf8_unicode_ci;

-- Dumping data for table timf.blog_post: ~0 rows (approximately)
DELETE FROM `blog_post`;
/*!40000 ALTER TABLE `blog_post` DISABLE KEYS */;
INSERT INTO `blog_post` (`id`, `title`, `description`, `created_at`, `updated_at`) VALUES
	(1, '1', '2', NULL, NULL);
/*!40000 ALTER TABLE `blog_post` ENABLE KEYS */;


-- Dumping structure for table timf.brns
DROP TABLE IF EXISTS `brns`;
CREATE TABLE IF NOT EXISTS `brns` (
  `id` int(11) NOT NULL AUTO_INCREMENT,
  `name` varchar(500) DEFAULT NULL,
  `AreaId` int(11) DEFAULT NULL,
  `BranchName` varchar(500) DEFAULT NULL,
  `BranchCode` varchar(500) DEFAULT NULL,
  `unitprice` decimal(10,0) DEFAULT NULL,
  `created_at` datetime DEFAULT NULL,
  `updated_at` datetime DEFAULT NULL,
  PRIMARY KEY (`id`)
) ENGINE=InnoDB AUTO_INCREMENT=10 DEFAULT CHARSET=utf8;

-- Dumping data for table timf.brns: ~4 rows (approximately)
DELETE FROM `brns`;
/*!40000 ALTER TABLE `brns` DISABLE KEYS */;
INSERT INTO `brns` (`id`, `name`, `AreaId`, `BranchName`, `BranchCode`, `unitprice`, `created_at`, `updated_at`) VALUES
	(5, NULL, 7, 'branch1', '4001', NULL, '2017-01-23 09:41:13', '2017-01-23 09:41:13'),
	(6, NULL, 7, 'branch2', '4002', NULL, '2017-01-23 09:41:24', '2017-01-23 09:41:24'),
	(7, NULL, 7, 'branch3', '4003', NULL, '2017-01-23 09:41:37', '2017-01-23 09:41:37'),
	(8, NULL, 7, 'branch4', '4004', NULL, '2017-01-23 09:41:49', '2017-01-23 09:41:49'),
	(9, NULL, 8, 'branch1', '4005', NULL, '2017-01-23 09:42:48', '2017-01-23 09:42:48');
/*!40000 ALTER TABLE `brns` ENABLE KEYS */;


-- Dumping structure for table timf.business_types
DROP TABLE IF EXISTS `business_types`;
CREATE TABLE IF NOT EXISTS `business_types` (
  `id` int(11) unsigned NOT NULL AUTO_INCREMENT,
  `name` varchar(200) NOT NULL,
  PRIMARY KEY (`id`)
) ENGINE=InnoDB AUTO_INCREMENT=3 DEFAULT CHARSET=utf8;

-- Dumping data for table timf.business_types: ~2 rows (approximately)
DELETE FROM `business_types`;
/*!40000 ALTER TABLE `business_types` DISABLE KEYS */;
INSERT INTO `business_types` (`id`, `name`) VALUES
	(1, 'OwnerShip'),
	(2, 'PartnerShip');
/*!40000 ALTER TABLE `business_types` ENABLE KEYS */;


-- Dumping structure for table timf.bussinesscashinflows
DROP TABLE IF EXISTS `bussinesscashinflows`;
CREATE TABLE IF NOT EXISTS `bussinesscashinflows` (
  `id` int(11) NOT NULL AUTO_INCREMENT,
  `name` varchar(500) DEFAULT NULL,
  `ProductSaleDescription` varchar(500) DEFAULT NULL,
  `created_at` datetime DEFAULT NULL,
  `updated_at` datetime DEFAULT NULL,
  PRIMARY KEY (`id`)
) ENGINE=InnoDB AUTO_INCREMENT=7 DEFAULT CHARSET=utf8;

-- Dumping data for table timf.bussinesscashinflows: ~2 rows (approximately)
DELETE FROM `bussinesscashinflows`;
/*!40000 ALTER TABLE `bussinesscashinflows` DISABLE KEYS */;
INSERT INTO `bussinesscashinflows` (`id`, `name`, `ProductSaleDescription`, `created_at`, `updated_at`) VALUES
	(4, '9', 'ধান - পাতা', '2017-01-11 05:50:14', '2017-01-11 07:43:19'),
	(6, NULL, 'কাঠ বিক্রয়', '2017-01-12 08:23:27', '2017-01-12 08:23:27');
/*!40000 ALTER TABLE `bussinesscashinflows` ENABLE KEYS */;


-- Dumping structure for table timf.bussinesscashoutflows
DROP TABLE IF EXISTS `bussinesscashoutflows`;
CREATE TABLE IF NOT EXISTS `bussinesscashoutflows` (
  `id` int(11) NOT NULL AUTO_INCREMENT,
  `name` varchar(500) DEFAULT NULL,
  `RowMaterialPurchageDescription` varchar(500) DEFAULT NULL,
  `created_at` datetime DEFAULT NULL,
  `updated_at` datetime DEFAULT NULL,
  PRIMARY KEY (`id`)
) ENGINE=InnoDB AUTO_INCREMENT=7 DEFAULT CHARSET=utf8;

-- Dumping data for table timf.bussinesscashoutflows: ~3 rows (approximately)
DELETE FROM `bussinesscashoutflows`;
/*!40000 ALTER TABLE `bussinesscashoutflows` DISABLE KEYS */;
INSERT INTO `bussinesscashoutflows` (`id`, `name`, `RowMaterialPurchageDescription`, `created_at`, `updated_at`) VALUES
	(4, '87', 'কাগজ', '2017-01-11 05:46:55', '2017-01-12 08:24:12'),
	(5, NULL, 'বস্তা', '2017-01-11 07:48:57', '2017-01-11 07:48:57'),
	(6, NULL, 'চিনি ক্রয়', '2017-01-12 08:24:33', '2017-01-12 08:24:33');
/*!40000 ALTER TABLE `bussinesscashoutflows` ENABLE KEYS */;


-- Dumping structure for table timf.cashinflows
DROP TABLE IF EXISTS `cashinflows`;
CREATE TABLE IF NOT EXISTS `cashinflows` (
  `id` int(11) NOT NULL AUTO_INCREMENT,
  `name` varchar(500) DEFAULT NULL,
  `TotalIncomeDescription` varchar(500) DEFAULT NULL,
  `created_at` datetime DEFAULT NULL,
  `updated_at` datetime DEFAULT NULL,
  PRIMARY KEY (`id`)
) ENGINE=InnoDB AUTO_INCREMENT=6 DEFAULT CHARSET=utf8;

-- Dumping data for table timf.cashinflows: ~3 rows (approximately)
DELETE FROM `cashinflows`;
/*!40000 ALTER TABLE `cashinflows` DISABLE KEYS */;
INSERT INTO `cashinflows` (`id`, `name`, `TotalIncomeDescription`, `created_at`, `updated_at`) VALUES
	(3, '9', 'ছাগল বিক্রয়', '2017-01-10 06:40:10', '2017-01-12 08:18:23'),
	(4, NULL, 'বাড়ী ভাড়া', '2017-01-11 07:55:16', '2017-01-12 08:18:29'),
	(5, NULL, 'চাঁদাবাজি', '2017-01-12 08:18:47', '2017-01-12 08:18:47');
/*!40000 ALTER TABLE `cashinflows` ENABLE KEYS */;


-- Dumping structure for table timf.cashoutflows
DROP TABLE IF EXISTS `cashoutflows`;
CREATE TABLE IF NOT EXISTS `cashoutflows` (
  `id` int(11) NOT NULL AUTO_INCREMENT,
  `name` varchar(500) DEFAULT NULL,
  `TotalExpenditureDescription` varchar(500) DEFAULT NULL,
  `created_at` datetime DEFAULT NULL,
  `updated_at` datetime DEFAULT NULL,
  PRIMARY KEY (`id`)
) ENGINE=InnoDB AUTO_INCREMENT=4 DEFAULT CHARSET=utf8;

-- Dumping data for table timf.cashoutflows: ~2 rows (approximately)
DELETE FROM `cashoutflows`;
/*!40000 ALTER TABLE `cashoutflows` DISABLE KEYS */;
INSERT INTO `cashoutflows` (`id`, `name`, `TotalExpenditureDescription`, `created_at`, `updated_at`) VALUES
	(1, '1', 'পারিবারিক ব্যয়', '2017-01-03 04:13:40', '2017-01-11 08:03:49'),
	(2, NULL, 'বাড়ী ভাড়া প্রদান', '2017-01-11 08:03:22', '2017-01-11 08:03:22'),
	(3, NULL, 'চাঁদা প্রদান', '2017-01-12 08:19:44', '2017-01-12 08:19:54');
/*!40000 ALTER TABLE `cashoutflows` ENABLE KEYS */;


-- Dumping structure for table timf.cash_inflow
DROP TABLE IF EXISTS `cash_inflow`;
CREATE TABLE IF NOT EXISTS `cash_inflow` (
  `id` mediumint(8) unsigned NOT NULL AUTO_INCREMENT,
  `name` varchar(20) NOT NULL,
  `description` varchar(100) NOT NULL,
  PRIMARY KEY (`id`)
) ENGINE=InnoDB AUTO_INCREMENT=3 DEFAULT CHARSET=utf8;

-- Dumping data for table timf.cash_inflow: ~2 rows (approximately)
DELETE FROM `cash_inflow`;
/*!40000 ALTER TABLE `cash_inflow` DISABLE KEYS */;
INSERT INTO `cash_inflow` (`id`, `name`, `description`) VALUES
	(1, 'test', 'test'),
	(2, ' member', 'test Member');
/*!40000 ALTER TABLE `cash_inflow` ENABLE KEYS */;


-- Dumping structure for table timf.cash_outflow
DROP TABLE IF EXISTS `cash_outflow`;
CREATE TABLE IF NOT EXISTS `cash_outflow` (
  `id` mediumint(8) unsigned NOT NULL AUTO_INCREMENT,
  `name` varchar(20) NOT NULL,
  `description` varchar(100) NOT NULL,
  PRIMARY KEY (`id`)
) ENGINE=InnoDB AUTO_INCREMENT=3 DEFAULT CHARSET=utf8;

-- Dumping data for table timf.cash_outflow: ~2 rows (approximately)
DELETE FROM `cash_outflow`;
/*!40000 ALTER TABLE `cash_outflow` DISABLE KEYS */;
INSERT INTO `cash_outflow` (`id`, `name`, `description`) VALUES
	(1, 'test', 'test'),
	(2, ' member', 'test Member');
/*!40000 ALTER TABLE `cash_outflow` ENABLE KEYS */;


-- Dumping structure for table timf.countrs
DROP TABLE IF EXISTS `countrs`;
CREATE TABLE IF NOT EXISTS `countrs` (
  `id` int(11) NOT NULL AUTO_INCREMENT,
  `name` varchar(500) DEFAULT NULL,
  `CountryName` varchar(500) DEFAULT NULL,
  `CountryCode` varchar(500) DEFAULT NULL,
  `created_at` datetime DEFAULT NULL,
  `updated_at` datetime DEFAULT NULL,
  PRIMARY KEY (`id`)
) ENGINE=InnoDB AUTO_INCREMENT=228 DEFAULT CHARSET=utf8;

-- Dumping data for table timf.countrs: ~227 rows (approximately)
DELETE FROM `countrs`;
/*!40000 ALTER TABLE `countrs` DISABLE KEYS */;
INSERT INTO `countrs` (`id`, `name`, `CountryName`, `CountryCode`, `created_at`, `updated_at`) VALUES
	(1, NULL, 'Afghanistan ', NULL, '0000-00-00 00:00:00', '0000-00-00 00:00:00'),
	(2, NULL, 'Albania ', NULL, '0000-00-00 00:00:00', '0000-00-00 00:00:00'),
	(3, NULL, 'Algeria ', NULL, '0000-00-00 00:00:00', '0000-00-00 00:00:00'),
	(4, NULL, 'American Samoa ', NULL, '0000-00-00 00:00:00', '0000-00-00 00:00:00'),
	(5, NULL, 'Andorra ', NULL, '0000-00-00 00:00:00', '0000-00-00 00:00:00'),
	(6, NULL, 'Angola ', NULL, '0000-00-00 00:00:00', '0000-00-00 00:00:00'),
	(7, NULL, 'Anguilla ', NULL, '0000-00-00 00:00:00', '0000-00-00 00:00:00'),
	(8, NULL, 'Antigua & Barbuda ', NULL, '0000-00-00 00:00:00', '0000-00-00 00:00:00'),
	(9, NULL, 'Argentina ', NULL, '0000-00-00 00:00:00', '0000-00-00 00:00:00'),
	(10, NULL, 'Armenia ', NULL, '0000-00-00 00:00:00', '0000-00-00 00:00:00'),
	(11, NULL, 'Aruba ', NULL, '0000-00-00 00:00:00', '0000-00-00 00:00:00'),
	(12, NULL, 'Australia ', NULL, '0000-00-00 00:00:00', '0000-00-00 00:00:00'),
	(13, NULL, 'Austria ', NULL, '0000-00-00 00:00:00', '0000-00-00 00:00:00'),
	(14, NULL, 'Azerbaijan ', NULL, '0000-00-00 00:00:00', '0000-00-00 00:00:00'),
	(15, NULL, 'Bahamas, The ', NULL, '0000-00-00 00:00:00', '0000-00-00 00:00:00'),
	(16, NULL, 'Bahrain ', NULL, '0000-00-00 00:00:00', '0000-00-00 00:00:00'),
	(17, NULL, 'Bangladesh ', NULL, '0000-00-00 00:00:00', '0000-00-00 00:00:00'),
	(18, NULL, 'Barbados ', NULL, '0000-00-00 00:00:00', '0000-00-00 00:00:00'),
	(19, NULL, 'Belarus ', NULL, '0000-00-00 00:00:00', '0000-00-00 00:00:00'),
	(20, NULL, 'Belgium ', NULL, '0000-00-00 00:00:00', '0000-00-00 00:00:00'),
	(21, NULL, 'Belize ', NULL, '0000-00-00 00:00:00', '0000-00-00 00:00:00'),
	(22, NULL, 'Benin ', NULL, '0000-00-00 00:00:00', '0000-00-00 00:00:00'),
	(23, NULL, 'Bermuda ', NULL, '0000-00-00 00:00:00', '0000-00-00 00:00:00'),
	(24, NULL, 'Bhutan ', NULL, '0000-00-00 00:00:00', '0000-00-00 00:00:00'),
	(25, NULL, 'Bolivia ', NULL, '0000-00-00 00:00:00', '0000-00-00 00:00:00'),
	(26, NULL, 'Bosnia & Herzegovina ', NULL, '0000-00-00 00:00:00', '0000-00-00 00:00:00'),
	(27, NULL, 'Botswana ', NULL, '0000-00-00 00:00:00', '0000-00-00 00:00:00'),
	(28, NULL, 'Brazil ', NULL, '0000-00-00 00:00:00', '0000-00-00 00:00:00'),
	(29, NULL, 'British Virgin Is. ', NULL, '0000-00-00 00:00:00', '0000-00-00 00:00:00'),
	(30, NULL, 'Brunei ', NULL, '0000-00-00 00:00:00', '0000-00-00 00:00:00'),
	(31, NULL, 'Bulgaria ', NULL, '0000-00-00 00:00:00', '0000-00-00 00:00:00'),
	(32, NULL, 'Burkina Faso ', NULL, '0000-00-00 00:00:00', '0000-00-00 00:00:00'),
	(33, NULL, 'Burma ', NULL, '0000-00-00 00:00:00', '0000-00-00 00:00:00'),
	(34, NULL, 'Burundi ', NULL, '0000-00-00 00:00:00', '0000-00-00 00:00:00'),
	(35, NULL, 'Cambodia ', NULL, '0000-00-00 00:00:00', '0000-00-00 00:00:00'),
	(36, NULL, 'Cameroon ', NULL, '0000-00-00 00:00:00', '0000-00-00 00:00:00'),
	(37, NULL, 'Canada ', NULL, '0000-00-00 00:00:00', '0000-00-00 00:00:00'),
	(38, NULL, 'Cape Verde ', NULL, '0000-00-00 00:00:00', '0000-00-00 00:00:00'),
	(39, NULL, 'Cayman Islands ', NULL, '0000-00-00 00:00:00', '0000-00-00 00:00:00'),
	(40, NULL, 'Central African Rep. ', NULL, '0000-00-00 00:00:00', '0000-00-00 00:00:00'),
	(41, NULL, 'Chad ', NULL, '0000-00-00 00:00:00', '0000-00-00 00:00:00'),
	(42, NULL, 'Chile ', NULL, '0000-00-00 00:00:00', '0000-00-00 00:00:00'),
	(43, NULL, 'China ', NULL, '0000-00-00 00:00:00', '0000-00-00 00:00:00'),
	(44, NULL, 'Colombia ', NULL, '0000-00-00 00:00:00', '0000-00-00 00:00:00'),
	(45, NULL, 'Comoros ', NULL, '0000-00-00 00:00:00', '0000-00-00 00:00:00'),
	(46, NULL, 'Congo, Dem. Rep. ', NULL, '0000-00-00 00:00:00', '0000-00-00 00:00:00'),
	(47, NULL, 'Congo, Repub. of the ', NULL, '0000-00-00 00:00:00', '0000-00-00 00:00:00'),
	(48, NULL, 'Cook Islands ', NULL, '0000-00-00 00:00:00', '0000-00-00 00:00:00'),
	(49, NULL, 'Costa Rica ', NULL, '0000-00-00 00:00:00', '0000-00-00 00:00:00'),
	(50, NULL, 'Cote d\'Ivoire ', NULL, '0000-00-00 00:00:00', '0000-00-00 00:00:00'),
	(51, NULL, 'Croatia ', NULL, '0000-00-00 00:00:00', '0000-00-00 00:00:00'),
	(52, NULL, 'Cuba ', NULL, '0000-00-00 00:00:00', '0000-00-00 00:00:00'),
	(53, NULL, 'Cyprus ', NULL, '0000-00-00 00:00:00', '0000-00-00 00:00:00'),
	(54, NULL, 'Czech Republic ', NULL, '0000-00-00 00:00:00', '0000-00-00 00:00:00'),
	(55, NULL, 'Denmark ', NULL, '0000-00-00 00:00:00', '0000-00-00 00:00:00'),
	(56, NULL, 'Djibouti ', NULL, '0000-00-00 00:00:00', '0000-00-00 00:00:00'),
	(57, NULL, 'Dominica ', NULL, '0000-00-00 00:00:00', '0000-00-00 00:00:00'),
	(58, NULL, 'Dominican Republic ', NULL, '0000-00-00 00:00:00', '0000-00-00 00:00:00'),
	(59, NULL, 'East Timor ', NULL, '0000-00-00 00:00:00', '0000-00-00 00:00:00'),
	(60, NULL, 'Ecuador ', NULL, '0000-00-00 00:00:00', '0000-00-00 00:00:00'),
	(61, NULL, 'Egypt ', NULL, '0000-00-00 00:00:00', '0000-00-00 00:00:00'),
	(62, NULL, 'El Salvador ', NULL, '0000-00-00 00:00:00', '0000-00-00 00:00:00'),
	(63, NULL, 'Equatorial Guinea ', NULL, '0000-00-00 00:00:00', '0000-00-00 00:00:00'),
	(64, NULL, 'Eritrea ', NULL, '0000-00-00 00:00:00', '0000-00-00 00:00:00'),
	(65, NULL, 'Estonia ', NULL, '0000-00-00 00:00:00', '0000-00-00 00:00:00'),
	(66, NULL, 'Ethiopia ', NULL, '0000-00-00 00:00:00', '0000-00-00 00:00:00'),
	(67, NULL, 'Faroe Islands ', NULL, '0000-00-00 00:00:00', '0000-00-00 00:00:00'),
	(68, NULL, 'Fiji ', NULL, '0000-00-00 00:00:00', '0000-00-00 00:00:00'),
	(69, NULL, 'Finland ', NULL, '0000-00-00 00:00:00', '0000-00-00 00:00:00'),
	(70, NULL, 'France ', NULL, '0000-00-00 00:00:00', '0000-00-00 00:00:00'),
	(71, NULL, 'French Guiana ', NULL, '0000-00-00 00:00:00', '0000-00-00 00:00:00'),
	(72, NULL, 'French Polynesia ', NULL, '0000-00-00 00:00:00', '0000-00-00 00:00:00'),
	(73, NULL, 'Gabon ', NULL, '0000-00-00 00:00:00', '0000-00-00 00:00:00'),
	(74, NULL, 'Gambia, The ', NULL, '0000-00-00 00:00:00', '0000-00-00 00:00:00'),
	(75, NULL, 'Gaza Strip ', NULL, '0000-00-00 00:00:00', '0000-00-00 00:00:00'),
	(76, NULL, 'Georgia ', NULL, '0000-00-00 00:00:00', '0000-00-00 00:00:00'),
	(77, NULL, 'Germany ', NULL, '0000-00-00 00:00:00', '0000-00-00 00:00:00'),
	(78, NULL, 'Ghana ', NULL, '0000-00-00 00:00:00', '0000-00-00 00:00:00'),
	(79, NULL, 'Gibraltar ', NULL, '0000-00-00 00:00:00', '0000-00-00 00:00:00'),
	(80, NULL, 'Greece ', NULL, '0000-00-00 00:00:00', '0000-00-00 00:00:00'),
	(81, NULL, 'Greenland ', NULL, '0000-00-00 00:00:00', '0000-00-00 00:00:00'),
	(82, NULL, 'Grenada ', NULL, '0000-00-00 00:00:00', '0000-00-00 00:00:00'),
	(83, NULL, 'Guadeloupe ', NULL, '0000-00-00 00:00:00', '0000-00-00 00:00:00'),
	(84, NULL, 'Guam ', NULL, '0000-00-00 00:00:00', '0000-00-00 00:00:00'),
	(85, NULL, 'Guatemala ', NULL, '0000-00-00 00:00:00', '0000-00-00 00:00:00'),
	(86, NULL, 'Guernsey ', NULL, '0000-00-00 00:00:00', '0000-00-00 00:00:00'),
	(87, NULL, 'Guinea ', NULL, '0000-00-00 00:00:00', '0000-00-00 00:00:00'),
	(88, NULL, 'Guinea-Bissau ', NULL, '0000-00-00 00:00:00', '0000-00-00 00:00:00'),
	(89, NULL, 'Guyana ', NULL, '0000-00-00 00:00:00', '0000-00-00 00:00:00'),
	(90, NULL, 'Haiti ', NULL, '0000-00-00 00:00:00', '0000-00-00 00:00:00'),
	(91, NULL, 'Honduras ', NULL, '0000-00-00 00:00:00', '0000-00-00 00:00:00'),
	(92, NULL, 'Hong Kong ', NULL, '0000-00-00 00:00:00', '0000-00-00 00:00:00'),
	(93, NULL, 'Hungary ', NULL, '0000-00-00 00:00:00', '0000-00-00 00:00:00'),
	(94, NULL, 'Iceland ', NULL, '0000-00-00 00:00:00', '0000-00-00 00:00:00'),
	(95, NULL, 'India ', NULL, '0000-00-00 00:00:00', '0000-00-00 00:00:00'),
	(96, NULL, 'Indonesia ', NULL, '0000-00-00 00:00:00', '0000-00-00 00:00:00'),
	(97, NULL, 'Iran ', NULL, '0000-00-00 00:00:00', '0000-00-00 00:00:00'),
	(98, NULL, 'Iraq ', NULL, '0000-00-00 00:00:00', '0000-00-00 00:00:00'),
	(99, NULL, 'Ireland ', NULL, '0000-00-00 00:00:00', '0000-00-00 00:00:00'),
	(100, NULL, 'Isle of Man ', NULL, '0000-00-00 00:00:00', '0000-00-00 00:00:00'),
	(101, NULL, 'Israel ', NULL, '0000-00-00 00:00:00', '0000-00-00 00:00:00'),
	(102, NULL, 'Italy ', NULL, '0000-00-00 00:00:00', '0000-00-00 00:00:00'),
	(103, NULL, 'Jamaica ', NULL, '0000-00-00 00:00:00', '0000-00-00 00:00:00'),
	(104, NULL, 'Japan ', NULL, '0000-00-00 00:00:00', '0000-00-00 00:00:00'),
	(105, NULL, 'Jersey ', NULL, '0000-00-00 00:00:00', '0000-00-00 00:00:00'),
	(106, NULL, 'Jordan ', NULL, '0000-00-00 00:00:00', '0000-00-00 00:00:00'),
	(107, NULL, 'Kazakhstan ', NULL, '0000-00-00 00:00:00', '0000-00-00 00:00:00'),
	(108, NULL, 'Kenya ', NULL, '0000-00-00 00:00:00', '0000-00-00 00:00:00'),
	(109, NULL, 'Kiribati ', NULL, '0000-00-00 00:00:00', '0000-00-00 00:00:00'),
	(110, NULL, 'Korea, North ', NULL, '0000-00-00 00:00:00', '0000-00-00 00:00:00'),
	(111, NULL, 'Korea, South ', NULL, '0000-00-00 00:00:00', '0000-00-00 00:00:00'),
	(112, NULL, 'Kuwait ', NULL, '0000-00-00 00:00:00', '0000-00-00 00:00:00'),
	(113, NULL, 'Kyrgyzstan ', NULL, '0000-00-00 00:00:00', '0000-00-00 00:00:00'),
	(114, NULL, 'Laos ', NULL, '0000-00-00 00:00:00', '0000-00-00 00:00:00'),
	(115, NULL, 'Latvia ', NULL, '0000-00-00 00:00:00', '0000-00-00 00:00:00'),
	(116, NULL, 'Lebanon ', NULL, '0000-00-00 00:00:00', '0000-00-00 00:00:00'),
	(117, NULL, 'Lesotho ', NULL, '0000-00-00 00:00:00', '0000-00-00 00:00:00'),
	(118, NULL, 'Liberia ', NULL, '0000-00-00 00:00:00', '0000-00-00 00:00:00'),
	(119, NULL, 'Libya ', NULL, '0000-00-00 00:00:00', '0000-00-00 00:00:00'),
	(120, NULL, 'Liechtenstein ', NULL, '0000-00-00 00:00:00', '0000-00-00 00:00:00'),
	(121, NULL, 'Lithuania ', NULL, '0000-00-00 00:00:00', '0000-00-00 00:00:00'),
	(122, NULL, 'Luxembourg ', NULL, '0000-00-00 00:00:00', '0000-00-00 00:00:00'),
	(123, NULL, 'Macau ', NULL, '0000-00-00 00:00:00', '0000-00-00 00:00:00'),
	(124, NULL, 'Macedonia ', NULL, '0000-00-00 00:00:00', '0000-00-00 00:00:00'),
	(125, NULL, 'Madagascar ', NULL, '0000-00-00 00:00:00', '0000-00-00 00:00:00'),
	(126, NULL, 'Malawi ', NULL, '0000-00-00 00:00:00', '0000-00-00 00:00:00'),
	(127, NULL, 'Malaysia ', NULL, '0000-00-00 00:00:00', '0000-00-00 00:00:00'),
	(128, NULL, 'Maldives ', NULL, '0000-00-00 00:00:00', '0000-00-00 00:00:00'),
	(129, NULL, 'Mali ', NULL, '0000-00-00 00:00:00', '0000-00-00 00:00:00'),
	(130, NULL, 'Malta ', NULL, '0000-00-00 00:00:00', '0000-00-00 00:00:00'),
	(131, NULL, 'Marshall Islands ', NULL, '0000-00-00 00:00:00', '0000-00-00 00:00:00'),
	(132, NULL, 'Martinique ', NULL, '0000-00-00 00:00:00', '0000-00-00 00:00:00'),
	(133, NULL, 'Mauritania ', NULL, '0000-00-00 00:00:00', '0000-00-00 00:00:00'),
	(134, NULL, 'Mauritius ', NULL, '0000-00-00 00:00:00', '0000-00-00 00:00:00'),
	(135, NULL, 'Mayotte ', NULL, '0000-00-00 00:00:00', '0000-00-00 00:00:00'),
	(136, NULL, 'Mexico ', NULL, '0000-00-00 00:00:00', '0000-00-00 00:00:00'),
	(137, NULL, 'Micronesia, Fed. St. ', NULL, '0000-00-00 00:00:00', '0000-00-00 00:00:00'),
	(138, NULL, 'Moldova ', NULL, '0000-00-00 00:00:00', '0000-00-00 00:00:00'),
	(139, NULL, 'Monaco ', NULL, '0000-00-00 00:00:00', '0000-00-00 00:00:00'),
	(140, NULL, 'Mongolia ', NULL, '0000-00-00 00:00:00', '0000-00-00 00:00:00'),
	(141, NULL, 'Montserrat ', NULL, '0000-00-00 00:00:00', '0000-00-00 00:00:00'),
	(142, NULL, 'Morocco ', NULL, '0000-00-00 00:00:00', '0000-00-00 00:00:00'),
	(143, NULL, 'Mozambique ', NULL, '0000-00-00 00:00:00', '0000-00-00 00:00:00'),
	(144, NULL, 'Namibia ', NULL, '0000-00-00 00:00:00', '0000-00-00 00:00:00'),
	(145, NULL, 'Nauru ', NULL, '0000-00-00 00:00:00', '0000-00-00 00:00:00'),
	(146, NULL, 'Nepal ', NULL, '0000-00-00 00:00:00', '0000-00-00 00:00:00'),
	(147, NULL, 'Netherlands ', NULL, '0000-00-00 00:00:00', '0000-00-00 00:00:00'),
	(148, NULL, 'Netherlands Antilles ', NULL, '0000-00-00 00:00:00', '0000-00-00 00:00:00'),
	(149, NULL, 'New Caledonia ', NULL, '0000-00-00 00:00:00', '0000-00-00 00:00:00'),
	(150, NULL, 'New Zealand ', NULL, '0000-00-00 00:00:00', '0000-00-00 00:00:00'),
	(151, NULL, 'Nicaragua ', NULL, '0000-00-00 00:00:00', '0000-00-00 00:00:00'),
	(152, NULL, 'Niger ', NULL, '0000-00-00 00:00:00', '0000-00-00 00:00:00'),
	(153, NULL, 'Nigeria ', NULL, '0000-00-00 00:00:00', '0000-00-00 00:00:00'),
	(154, NULL, 'N. Mariana Islands ', NULL, '0000-00-00 00:00:00', '0000-00-00 00:00:00'),
	(155, NULL, 'Norway ', NULL, '0000-00-00 00:00:00', '0000-00-00 00:00:00'),
	(156, NULL, 'Oman ', NULL, '0000-00-00 00:00:00', '0000-00-00 00:00:00'),
	(157, NULL, 'Pakistan ', NULL, '0000-00-00 00:00:00', '0000-00-00 00:00:00'),
	(158, NULL, 'Palau ', NULL, '0000-00-00 00:00:00', '0000-00-00 00:00:00'),
	(159, NULL, 'Panama ', NULL, '0000-00-00 00:00:00', '0000-00-00 00:00:00'),
	(160, NULL, 'Papua New Guinea ', NULL, '0000-00-00 00:00:00', '0000-00-00 00:00:00'),
	(161, NULL, 'Paraguay ', NULL, '0000-00-00 00:00:00', '0000-00-00 00:00:00'),
	(162, NULL, 'Peru ', NULL, '0000-00-00 00:00:00', '0000-00-00 00:00:00'),
	(163, NULL, 'Philippines ', NULL, '0000-00-00 00:00:00', '0000-00-00 00:00:00'),
	(164, NULL, 'Poland ', NULL, '0000-00-00 00:00:00', '0000-00-00 00:00:00'),
	(165, NULL, 'Portugal ', NULL, '0000-00-00 00:00:00', '0000-00-00 00:00:00'),
	(166, NULL, 'Puerto Rico ', NULL, '0000-00-00 00:00:00', '0000-00-00 00:00:00'),
	(167, NULL, 'Qatar ', NULL, '0000-00-00 00:00:00', '0000-00-00 00:00:00'),
	(168, NULL, 'Reunion ', NULL, '0000-00-00 00:00:00', '0000-00-00 00:00:00'),
	(169, NULL, 'Romania ', NULL, '0000-00-00 00:00:00', '0000-00-00 00:00:00'),
	(170, NULL, 'Russia ', NULL, '0000-00-00 00:00:00', '0000-00-00 00:00:00'),
	(171, NULL, 'Rwanda ', NULL, '0000-00-00 00:00:00', '0000-00-00 00:00:00'),
	(172, NULL, 'Saint Helena ', NULL, '0000-00-00 00:00:00', '0000-00-00 00:00:00'),
	(173, NULL, 'Saint Kitts & Nevis ', NULL, '0000-00-00 00:00:00', '0000-00-00 00:00:00'),
	(174, NULL, 'Saint Lucia ', NULL, '0000-00-00 00:00:00', '0000-00-00 00:00:00'),
	(175, NULL, 'St Pierre & Miquelon ', NULL, '0000-00-00 00:00:00', '0000-00-00 00:00:00'),
	(176, NULL, 'Saint Vincent and the Grenadines ', NULL, '0000-00-00 00:00:00', '0000-00-00 00:00:00'),
	(177, NULL, 'Samoa ', NULL, '0000-00-00 00:00:00', '0000-00-00 00:00:00'),
	(178, NULL, 'San Marino ', NULL, '0000-00-00 00:00:00', '0000-00-00 00:00:00'),
	(179, NULL, 'Sao Tome & Principe ', NULL, '0000-00-00 00:00:00', '0000-00-00 00:00:00'),
	(180, NULL, 'Saudi Arabia ', NULL, '0000-00-00 00:00:00', '0000-00-00 00:00:00'),
	(181, NULL, 'Senegal ', NULL, '0000-00-00 00:00:00', '0000-00-00 00:00:00'),
	(182, NULL, 'Serbia ', NULL, '0000-00-00 00:00:00', '0000-00-00 00:00:00'),
	(183, NULL, 'Seychelles ', NULL, '0000-00-00 00:00:00', '0000-00-00 00:00:00'),
	(184, NULL, 'Sierra Leone ', NULL, '0000-00-00 00:00:00', '0000-00-00 00:00:00'),
	(185, NULL, 'Singapore ', NULL, '0000-00-00 00:00:00', '0000-00-00 00:00:00'),
	(186, NULL, 'Slovakia ', NULL, '0000-00-00 00:00:00', '0000-00-00 00:00:00'),
	(187, NULL, 'Slovenia ', NULL, '0000-00-00 00:00:00', '0000-00-00 00:00:00'),
	(188, NULL, 'Solomon Islands ', NULL, '0000-00-00 00:00:00', '0000-00-00 00:00:00'),
	(189, NULL, 'Somalia ', NULL, '0000-00-00 00:00:00', '0000-00-00 00:00:00'),
	(190, NULL, 'South Africa ', NULL, '0000-00-00 00:00:00', '0000-00-00 00:00:00'),
	(191, NULL, 'Spain ', NULL, '0000-00-00 00:00:00', '0000-00-00 00:00:00'),
	(192, NULL, 'Sri Lanka ', NULL, '0000-00-00 00:00:00', '0000-00-00 00:00:00'),
	(193, NULL, 'Sudan ', NULL, '0000-00-00 00:00:00', '0000-00-00 00:00:00'),
	(194, NULL, 'Suriname ', NULL, '0000-00-00 00:00:00', '0000-00-00 00:00:00'),
	(195, NULL, 'Swaziland ', NULL, '0000-00-00 00:00:00', '0000-00-00 00:00:00'),
	(196, NULL, 'Sweden ', NULL, '0000-00-00 00:00:00', '0000-00-00 00:00:00'),
	(197, NULL, 'Switzerland ', NULL, '0000-00-00 00:00:00', '0000-00-00 00:00:00'),
	(198, NULL, 'Syria ', NULL, '0000-00-00 00:00:00', '0000-00-00 00:00:00'),
	(199, NULL, 'Taiwan ', NULL, '0000-00-00 00:00:00', '0000-00-00 00:00:00'),
	(200, NULL, 'Tajikistan ', NULL, '0000-00-00 00:00:00', '0000-00-00 00:00:00'),
	(201, NULL, 'Tanzania ', NULL, '0000-00-00 00:00:00', '0000-00-00 00:00:00'),
	(202, NULL, 'Thailand ', NULL, '0000-00-00 00:00:00', '0000-00-00 00:00:00'),
	(203, NULL, 'Togo ', NULL, '0000-00-00 00:00:00', '0000-00-00 00:00:00'),
	(204, NULL, 'Tonga ', NULL, '0000-00-00 00:00:00', '0000-00-00 00:00:00'),
	(205, NULL, 'Trinidad & Tobago ', NULL, '0000-00-00 00:00:00', '0000-00-00 00:00:00'),
	(206, NULL, 'Tunisia ', NULL, '0000-00-00 00:00:00', '0000-00-00 00:00:00'),
	(207, NULL, 'Turkey ', NULL, '0000-00-00 00:00:00', '0000-00-00 00:00:00'),
	(208, NULL, 'Turkmenistan ', NULL, '0000-00-00 00:00:00', '0000-00-00 00:00:00'),
	(209, NULL, 'Turks & Caicos Is ', NULL, '0000-00-00 00:00:00', '0000-00-00 00:00:00'),
	(210, NULL, 'Tuvalu ', NULL, '0000-00-00 00:00:00', '0000-00-00 00:00:00'),
	(211, NULL, 'Uganda ', NULL, '0000-00-00 00:00:00', '0000-00-00 00:00:00'),
	(212, NULL, 'Ukraine ', NULL, '0000-00-00 00:00:00', '0000-00-00 00:00:00'),
	(213, NULL, 'United Arab Emirates ', NULL, '0000-00-00 00:00:00', '0000-00-00 00:00:00'),
	(214, NULL, 'United Kingdom ', NULL, '0000-00-00 00:00:00', '0000-00-00 00:00:00'),
	(215, NULL, 'United States ', NULL, '0000-00-00 00:00:00', '0000-00-00 00:00:00'),
	(216, NULL, 'Uruguay ', NULL, '0000-00-00 00:00:00', '0000-00-00 00:00:00'),
	(217, NULL, 'Uzbekistan ', NULL, '0000-00-00 00:00:00', '0000-00-00 00:00:00'),
	(218, NULL, 'Vanuatu ', NULL, '0000-00-00 00:00:00', '0000-00-00 00:00:00'),
	(219, NULL, 'Venezuela ', NULL, '0000-00-00 00:00:00', '0000-00-00 00:00:00'),
	(220, NULL, 'Vietnam ', NULL, '0000-00-00 00:00:00', '0000-00-00 00:00:00'),
	(221, NULL, 'Virgin Islands ', NULL, '0000-00-00 00:00:00', '0000-00-00 00:00:00'),
	(222, NULL, 'Wallis and Futuna ', NULL, '0000-00-00 00:00:00', '0000-00-00 00:00:00'),
	(223, NULL, 'West Bank ', NULL, '0000-00-00 00:00:00', '0000-00-00 00:00:00'),
	(224, NULL, 'Western Sahara ', NULL, '0000-00-00 00:00:00', '0000-00-00 00:00:00'),
	(225, NULL, 'Yemen ', NULL, '0000-00-00 00:00:00', '0000-00-00 00:00:00'),
	(226, NULL, 'Zambia ', NULL, '0000-00-00 00:00:00', '0000-00-00 00:00:00'),
	(227, NULL, 'Zimbabwe ', NULL, '0000-00-00 00:00:00', '0000-00-00 00:00:00');
/*!40000 ALTER TABLE `countrs` ENABLE KEYS */;


-- Dumping structure for table timf.departments
DROP TABLE IF EXISTS `departments`;
CREATE TABLE IF NOT EXISTS `departments` (
  `id` int(11) unsigned NOT NULL AUTO_INCREMENT,
  `name` varchar(200) NOT NULL,
  PRIMARY KEY (`id`)
) ENGINE=InnoDB AUTO_INCREMENT=3 DEFAULT CHARSET=utf8;

-- Dumping data for table timf.departments: ~2 rows (approximately)
DELETE FROM `departments`;
/*!40000 ALTER TABLE `departments` DISABLE KEYS */;
INSERT INTO `departments` (`id`, `name`) VALUES
	(1, 'TMMS-ICT'),
	(2, 'TMMS-Account');
/*!40000 ALTER TABLE `departments` ENABLE KEYS */;


-- Dumping structure for table timf.districts
DROP TABLE IF EXISTS `districts`;
CREATE TABLE IF NOT EXISTS `districts` (
  `id` int(11) NOT NULL AUTO_INCREMENT,
  `DistrictName` varchar(500) DEFAULT NULL,
  `DistrictNameBangla` varchar(500) DEFAULT NULL,
  `DivisionId` int(11) DEFAULT NULL,
  `Latitude` decimal(10,2) DEFAULT '0.00',
  `Longitude` decimal(10,2) DEFAULT '0.00',
  `Website` varchar(50) DEFAULT '0.00',
  `created_at` datetime DEFAULT NULL,
  `updated_at` datetime DEFAULT NULL,
  `name` varchar(500) DEFAULT NULL,
  PRIMARY KEY (`id`)
) ENGINE=InnoDB AUTO_INCREMENT=65 DEFAULT CHARSET=utf8;

-- Dumping data for table timf.districts: ~64 rows (approximately)
DELETE FROM `districts`;
/*!40000 ALTER TABLE `districts` DISABLE KEYS */;
INSERT INTO `districts` (`id`, `DistrictName`, `DistrictNameBangla`, `DivisionId`, `Latitude`, `Longitude`, `Website`, `created_at`, `updated_at`, `name`) VALUES
	(1, 'Dhaka', 'ঢাকা', 3, 23.71, 90.41, 'www.dhaka.gov.bd', NULL, NULL, NULL),
	(2, 'Faridpur', 'ফরিদপুর', 3, 23.61, 89.84, 'www.faridpur.gov.bd', NULL, NULL, NULL),
	(3, 'Gazipur', 'গাজীপুর', 3, 24.00, 90.43, 'www.gazipur.gov.bd', NULL, NULL, NULL),
	(4, 'Gopalganj', 'গোপালগঞ্জ', 3, 23.01, 89.83, 'www.gopalganj.gov.bd', NULL, NULL, NULL),
	(5, 'Jamalpur', 'জামালপুর', 3, 24.94, 89.94, 'www.jamalpur.gov.bd', NULL, NULL, NULL),
	(6, 'Kishoreganj', 'কিশোরগঞ্জ', 3, 24.44, 90.78, 'www.kishoreganj.gov.bd', NULL, NULL, NULL),
	(7, 'Madaripur', 'মাদারীপুর', 3, 23.16, 90.19, 'www.madaripur.gov.bd', NULL, NULL, NULL),
	(8, 'Manikganj', 'মানিকগঞ্জ', 3, 0.00, 0.00, 'www.manikganj.gov.bd', NULL, NULL, NULL),
	(9, 'Munshiganj', 'মুন্সিগঞ্জ', 3, 0.00, 0.00, 'www.munshiganj.gov.bd', NULL, NULL, NULL),
	(10, 'Mymensingh', 'ময়মনসিং', 3, 0.00, 0.00, 'www.mymensingh.gov.bd', NULL, NULL, NULL),
	(11, 'Narayanganj', 'নারায়াণগঞ্জ', 3, 23.63, 90.50, 'www.narayanganj.gov.bd', NULL, NULL, NULL),
	(12, 'Narsingdi', 'নরসিংদী', 3, 23.93, 90.72, 'www.narsingdi.gov.bd', NULL, NULL, NULL),
	(13, 'Netrokona', 'নেত্রকোনা', 3, 24.87, 90.73, 'www.netrokona.gov.bd', NULL, NULL, NULL),
	(14, 'Rajbari', 'রাজবাড়ি', 3, 23.76, 89.64, 'www.rajbari.gov.bd', NULL, NULL, NULL),
	(15, 'Shariatpur', 'শরীয়তপুর', 3, 0.00, 0.00, 'www.shariatpur.gov.bd', NULL, NULL, NULL),
	(16, 'Sherpur', 'শেরপুর', 3, 25.02, 90.02, 'www.sherpur.gov.bd', NULL, NULL, NULL),
	(17, 'Tangail', 'টাঙ্গাইল', 3, 0.00, 0.00, 'www.tangail.gov.bd', NULL, NULL, NULL),
	(18, 'Bogra', 'বগুড়া', 5, 24.85, 89.38, 'www.bogra.gov.bd', NULL, NULL, NULL),
	(19, 'Joypurhat', 'জয়পুরহাট', 5, 0.00, 0.00, 'www.joypurhat.gov.bd', NULL, NULL, NULL),
	(20, 'Naogaon', 'নওগাঁ', 5, 0.00, 0.00, 'www.naogaon.gov.bd', NULL, NULL, NULL),
	(21, 'Natore', 'নাটোর', 5, 24.42, 89.00, 'www.natore.gov.bd', NULL, NULL, NULL),
	(22, 'Nawabganj', 'নবাবগঞ্জ', 5, 24.60, 88.28, 'www.chapainawabganj.gov.bd', NULL, NULL, NULL),
	(23, 'Pabna', 'পাবনা', 5, 24.00, 89.23, 'www.pabna.gov.bd', NULL, NULL, NULL),
	(24, 'Rajshahi', 'রাজশাহী', 5, 0.00, 0.00, 'www.rajshahi.gov.bd', NULL, NULL, NULL),
	(25, 'Sirajgonj', 'সিরাজগঞ্জ', 5, 24.45, 89.70, 'www.sirajganj.gov.bd', NULL, NULL, NULL),
	(26, 'Dinajpur', 'দিনাজপুর', 6, 25.62, 88.64, 'www.dinajpur.gov.bd', NULL, NULL, NULL),
	(27, 'Gaibandha', 'গাইবান্ধা', 6, 25.33, 89.53, 'www.gaibandha.gov.bd', NULL, NULL, NULL),
	(28, 'Kurigram', 'কুড়িগ্রাম', 6, 25.81, 89.64, 'www.kurigram.gov.bd', NULL, NULL, NULL),
	(29, 'Lalmonirhat', 'লালমনিরহাট', 6, 0.00, 0.00, 'www.lalmonirhat.gov.bd', NULL, NULL, NULL),
	(30, 'Nilphamari', 'নীলফামারী', 6, 25.93, 88.86, 'www.nilphamari.gov.bd', NULL, NULL, NULL),
	(31, 'Panchagarh', 'পঞ্চগড়', 6, 26.34, 88.55, 'www.panchagarh.gov.bd', NULL, NULL, NULL),
	(32, 'Rangpur', 'রংপুর', 6, 25.76, 89.24, 'www.rangpur.gov.bd', NULL, NULL, NULL),
	(33, 'Thakurgaon', 'ঠাকুরগাঁও', 6, 26.03, 88.46, 'www.thakurgaon.gov.bd', NULL, NULL, NULL),
	(34, 'Barguna', 'বরগুনা', 1, 0.00, 0.00, 'www.barguna.gov.bd', NULL, NULL, NULL),
	(35, 'Barisal', 'বরিশাল', 1, 0.00, 0.00, 'www.barisal.gov.bd', NULL, NULL, NULL),
	(36, 'Bhola', 'ভোলা', 1, 22.69, 90.65, 'www.bhola.gov.bd', NULL, NULL, NULL),
	(37, 'Jhalokati', 'ঝালকাঠি', 1, 0.00, 0.00, 'www.jhalakathi.gov.bd', NULL, NULL, NULL),
	(38, 'Patuakhali', 'পটুয়াখালী', 1, 22.36, 90.33, 'www.patuakhali.gov.bd', NULL, NULL, NULL),
	(39, 'Pirojpur', 'পিরোজপুর', 1, 0.00, 0.00, 'www.pirojpur.gov.bd', NULL, NULL, NULL),
	(40, 'Bandarban', 'বান্দরবান', 2, 22.20, 92.22, 'www.bandarban.gov.bd', NULL, NULL, NULL),
	(41, 'Brahmanbaria', 'ব্রাহ্মণবাড়িয়া', 2, 23.96, 91.11, 'www.brahmanbaria.gov.bd', NULL, NULL, NULL),
	(42, 'Chandpur', 'চাঁদপুর', 2, 23.23, 90.67, 'www.chandpur.gov.bd', NULL, NULL, NULL),
	(43, 'Chittagong', 'চট্টগ্রাম', 2, 22.34, 91.83, 'www.chittagong.gov.bd', NULL, NULL, NULL),
	(44, 'Comilla', 'কুমিল্লা', 2, 23.47, 91.18, 'www.comilla.gov.bd', NULL, NULL, NULL),
	(45, 'Cox\'s Bazar', 'কক্স বাজার', 2, 0.00, 0.00, 'www.coxsbazar.gov.bd', NULL, NULL, NULL),
	(46, 'Feni', 'ফেনী', 2, 23.02, 91.38, 'www.feni.gov.bd', NULL, NULL, NULL),
	(47, 'Khagrachari', 'খাগড়াছড়ি', 2, 23.12, 91.98, 'www.khagrachhari.gov.bd', NULL, NULL, NULL),
	(48, 'Lakshmipur', 'লক্ষ্মীপুর', 2, 22.94, 90.84, 'www.lakshmipur.gov.bd', NULL, NULL, NULL),
	(49, 'Noakhali', 'নোয়াখালী', 2, 22.87, 91.10, 'www.noakhali.gov.bd', NULL, NULL, NULL),
	(50, 'Rangamati', 'রাঙ্গামাটি', 2, 0.00, 0.00, 'www.rangamati.gov.bd', NULL, NULL, NULL),
	(51, 'Habiganj', 'হবিগঞ্জ', 7, 24.37, 91.42, 'www.habiganj.gov.bd', NULL, NULL, NULL),
	(52, 'Maulvibazar', 'মৌলভীবাজার', 7, 24.48, 91.78, 'www.moulvibazar.gov.bd', NULL, NULL, NULL),
	(53, 'Sunamganj', 'সুনামগঞ্জ', 7, 25.07, 91.40, 'www.sunamganj.gov.bd', NULL, NULL, NULL),
	(54, 'Sylhet', 'সিলেট', 7, 24.89, 91.87, 'www.sylhet.gov.bd', NULL, NULL, NULL),
	(55, 'Bagerhat', 'বাগেরহাট', 4, 22.65, 89.79, 'www.bagerhat.gov.bd', NULL, NULL, NULL),
	(56, 'Chuadanga', 'চুয়াডাঙ্গা', 4, 23.64, 88.84, 'www.chuadanga.gov.bd', NULL, NULL, NULL),
	(57, 'Jessore', 'যশোর', 4, 23.17, 89.21, 'www.jessore.gov.bd', NULL, NULL, NULL),
	(58, 'Jhenaidah', 'ঝিনাইদহ', 4, 23.54, 89.15, 'www.jhenaidah.gov.bd', NULL, NULL, NULL),
	(59, 'Khulna', 'খুলনা', 4, 22.82, 89.57, 'www.khulna.gov.bd', NULL, NULL, NULL),
	(60, 'Kushtia', 'কুষ্টিয়া', 4, 23.90, 89.12, 'www.kushtia.gov.bd', NULL, NULL, NULL),
	(61, 'Magura', 'মাগুরা', 4, 23.49, 89.42, 'www.magura.gov.bd', NULL, NULL, NULL),
	(62, 'Meherpur', 'মেহেরপুর', 4, 23.76, 88.63, 'www.meherpur.gov.bd', NULL, NULL, NULL),
	(63, 'Narail', 'নড়াইল', 4, 23.17, 89.51, 'www.narail.gov.bd', NULL, NULL, NULL),
	(64, 'Satkhira', 'সাতক্ষীরা', 4, 0.00, 0.00, 'www.satkhira.gov.bd', NULL, NULL, NULL);
/*!40000 ALTER TABLE `districts` ENABLE KEYS */;


-- Dumping structure for table timf.divisions
DROP TABLE IF EXISTS `divisions`;
CREATE TABLE IF NOT EXISTS `divisions` (
  `id` int(11) NOT NULL AUTO_INCREMENT,
  `name` varchar(500) DEFAULT NULL,
  `DivisionName` varchar(500) DEFAULT NULL,
  `DivisionNameBangla` varchar(500) DEFAULT NULL,
  `created_at` datetime DEFAULT NULL,
  `updated_at` datetime DEFAULT NULL,
  PRIMARY KEY (`id`)
) ENGINE=InnoDB AUTO_INCREMENT=8 DEFAULT CHARSET=utf8;

-- Dumping data for table timf.divisions: ~7 rows (approximately)
DELETE FROM `divisions`;
/*!40000 ALTER TABLE `divisions` DISABLE KEYS */;
INSERT INTO `divisions` (`id`, `name`, `DivisionName`, `DivisionNameBangla`, `created_at`, `updated_at`) VALUES
	(1, NULL, 'Barisal', 'বরিশাল', NULL, NULL),
	(2, NULL, 'Chittagong', 'চট্টগ্রাম', NULL, NULL),
	(3, NULL, 'Dhaka', 'ঢাকা', NULL, NULL),
	(4, NULL, 'Khulna', 'খুলনা', NULL, NULL),
	(5, NULL, 'Rajshahi', 'রাজশাহী', NULL, NULL),
	(6, NULL, 'Rangpur', 'রংপুর', NULL, NULL),
	(7, NULL, 'Sylhet', 'সিলেট', NULL, NULL);
/*!40000 ALTER TABLE `divisions` ENABLE KEYS */;


-- Dumping structure for table timf.educations
DROP TABLE IF EXISTS `educations`;
CREATE TABLE IF NOT EXISTS `educations` (
  `id` int(11) unsigned NOT NULL AUTO_INCREMENT,
  `name` varchar(200) NOT NULL,
  PRIMARY KEY (`id`)
) ENGINE=InnoDB AUTO_INCREMENT=5 DEFAULT CHARSET=utf8;

-- Dumping data for table timf.educations: ~4 rows (approximately)
DELETE FROM `educations`;
/*!40000 ALTER TABLE `educations` DISABLE KEYS */;
INSERT INTO `educations` (`id`, `name`) VALUES
	(1, 'PSC'),
	(2, 'JSC'),
	(3, 'SSC'),
	(4, 'HSC');
/*!40000 ALTER TABLE `educations` ENABLE KEYS */;


-- Dumping structure for table timf.graces
DROP TABLE IF EXISTS `graces`;
CREATE TABLE IF NOT EXISTS `graces` (
  `id` int(11) NOT NULL,
  `GraceId` varchar(500) DEFAULT NULL,
  `name` varchar(500) DEFAULT NULL,
  `SomitiName` varchar(500) DEFAULT NULL,
  `MemberName` varchar(500) DEFAULT NULL,
  `GraceStartTime` varchar(500) DEFAULT NULL,
  `GraceEndDate` varchar(500) DEFAULT NULL,
  `Description` varchar(500) DEFAULT NULL,
  `created_at` datetime DEFAULT NULL,
  `updated_at` datetime DEFAULT NULL,
  PRIMARY KEY (`id`)
) ENGINE=InnoDB DEFAULT CHARSET=utf8;

-- Dumping data for table timf.graces: ~3 rows (approximately)
DELETE FROM `graces`;
/*!40000 ALTER TABLE `graces` DISABLE KEYS */;
INSERT INTO `graces` (`id`, `GraceId`, `name`, `SomitiName`, `MemberName`, `GraceStartTime`, `GraceEndDate`, `Description`, `created_at`, `updated_at`) VALUES
	(1, '1', NULL, 'চামেলি', 'জিয়া', '4', '5', '6', NULL, '2017-01-11 10:31:23'),
	(2, '7', NULL, '6', 'নুর ই আলম খান', '২৩৪', '4', '3', '2017-01-08 10:38:07', '2017-01-11 10:31:45'),
	(3, '9', NULL, '8', 'রকি আহমেদ', '6', '5', '4', '2017-01-08 10:38:34', '2017-01-11 10:32:02');
/*!40000 ALTER TABLE `graces` ENABLE KEYS */;


-- Dumping structure for table timf.grades
DROP TABLE IF EXISTS `grades`;
CREATE TABLE IF NOT EXISTS `grades` (
  `id` int(11) NOT NULL AUTO_INCREMENT,
  `name` varchar(500) DEFAULT NULL,
  `designation` varchar(500) DEFAULT NULL,
  `created_at` datetime DEFAULT NULL,
  `updated_at` datetime DEFAULT NULL,
  PRIMARY KEY (`id`)
) ENGINE=InnoDB AUTO_INCREMENT=26 DEFAULT CHARSET=utf8;

-- Dumping data for table timf.grades: ~25 rows (approximately)
DELETE FROM `grades`;
/*!40000 ALTER TABLE `grades` DISABLE KEYS */;
INSERT INTO `grades` (`id`, `name`, `designation`, `created_at`, `updated_at`) VALUES
	(1, NULL, 'ED', '2017-01-25 10:14:16', '2017-01-25 10:14:18'),
	(2, NULL, 'DED', '2017-01-25 10:14:16', '2017-01-25 10:14:18'),
	(3, NULL, 'D', '2017-01-25 10:14:16', '2017-01-25 10:14:18'),
	(4, NULL, 'JD', '2017-01-25 10:14:16', '2017-01-25 10:14:18'),
	(5, NULL, 'DD', '2017-01-25 10:14:16', '2017-01-25 10:14:18'),
	(6, NULL, 'SAD', '2017-01-25 10:14:16', '2017-01-25 10:14:18'),
	(7, NULL, 'AD', '2017-01-25 10:14:16', '2017-01-25 10:14:18'),
	(8, NULL, 'SZM', '2017-01-25 10:14:16', '2017-01-25 10:14:18'),
	(9, NULL, 'ZM', '2017-01-25 10:14:16', '2017-01-25 10:14:18'),
	(10, NULL, 'AZM', '2017-01-25 10:14:16', '2017-01-25 10:14:18'),
	(11, NULL, 'AM', '2017-01-25 10:14:16', '2017-01-25 10:14:18'),
	(12, NULL, 'AAM', '2017-01-25 10:14:16', '2017-01-25 10:14:18'),
	(13, NULL, 'DAM', '2017-01-25 10:14:16', '2017-01-25 10:14:18'),
	(14, NULL, 'JAM', '2017-01-25 10:14:16', '2017-01-25 10:14:18'),
	(15, NULL, 'SBM', '2017-01-25 10:14:16', '2017-01-25 10:14:18'),
	(16, NULL, 'DSBM', '2017-01-25 10:14:16', '2017-01-25 10:14:18'),
	(17, NULL, 'BM', '2017-01-25 10:14:16', '2017-01-25 10:14:18'),
	(18, NULL, 'ABM', '2017-01-25 10:14:16', '2017-01-25 10:14:18'),
	(19, NULL, 'SS', '2017-01-25 10:14:16', '2017-01-25 10:14:18'),
	(20, NULL, 'DSS', '2017-01-25 10:14:16', '2017-01-25 10:14:18'),
	(21, NULL, 'FS', '2017-01-25 10:14:16', '2017-01-25 10:14:18'),
	(22, NULL, 'AFS', '2017-01-25 10:14:16', '2017-01-25 10:14:18'),
	(23, NULL, 'SVO', '2017-01-25 10:14:16', '2017-01-25 10:14:18'),
	(24, NULL, 'DSVO', '2017-01-25 10:14:16', '2017-01-25 10:14:18'),
	(25, NULL, 'VO', '2017-01-25 10:14:16', '2017-01-25 10:14:18');
/*!40000 ALTER TABLE `grades` ENABLE KEYS */;


-- Dumping structure for table timf.holidays
DROP TABLE IF EXISTS `holidays`;
CREATE TABLE IF NOT EXISTS `holidays` (
  `id` int(11) NOT NULL,
  `OfficeId` int(11) NOT NULL DEFAULT '0',
  `SamityID_CenterID` int(11) NOT NULL DEFAULT '0',
  `HolidayyName` varchar(500) DEFAULT NULL,
  `HolidayType` varchar(500) DEFAULT NULL,
  `Description` varchar(500) DEFAULT NULL,
  `OrgID` int(11) DEFAULT NULL,
  `IsActive` int(5) DEFAULT NULL,
  `name` varchar(500) DEFAULT NULL,
  `created_at` datetime DEFAULT NULL,
  `updated_at` datetime DEFAULT NULL
) ENGINE=InnoDB DEFAULT CHARSET=utf8;

-- Dumping data for table timf.holidays: ~3 rows (approximately)
DELETE FROM `holidays`;
/*!40000 ALTER TABLE `holidays` DISABLE KEYS */;
INSERT INTO `holidays` (`id`, `OfficeId`, `SamityID_CenterID`, `HolidayyName`, `HolidayType`, `Description`, `OrgID`, `IsActive`, `name`, `created_at`, `updated_at`) VALUES
	(1, 123, 8, 'fgdsdfgh', '7', 'jkl;', 678, 0, NULL, '2017-01-22 04:05:06', '2017-01-22 10:22:48'),
	(2, 12, 45, 'dsgfhg', 'ers', 'safdsf', 458, 1, NULL, '2017-01-22 10:22:14', '2017-01-22 10:22:14'),
	(0, 1, 2, '3', '4', '5', 6, 7, NULL, '2017-01-23 11:01:23', '2017-01-23 11:01:23'),
	(0, 1, 2, '3', '4', '5', 6, 7, NULL, '2017-01-23 11:03:32', '2017-01-23 11:03:32');
/*!40000 ALTER TABLE `holidays` ENABLE KEYS */;


-- Dumping structure for table timf.investors
DROP TABLE IF EXISTS `investors`;
CREATE TABLE IF NOT EXISTS `investors` (
  `id` int(11) NOT NULL,
  `InvestorCode` varchar(500) DEFAULT NULL,
  `InvestorName` varchar(500) DEFAULT NULL,
  `name` varchar(500) DEFAULT NULL,
  `created_at` datetime DEFAULT NULL,
  `updated_at` datetime DEFAULT NULL,
  PRIMARY KEY (`id`)
) ENGINE=InnoDB DEFAULT CHARSET=utf8;

-- Dumping data for table timf.investors: ~3 rows (approximately)
DELETE FROM `investors`;
/*!40000 ALTER TABLE `investors` DISABLE KEYS */;
INSERT INTO `investors` (`id`, `InvestorCode`, `InvestorName`, `name`, `created_at`, `updated_at`) VALUES
	(2, '2', 'Mr Rockey Ahmed', '1', '2017-01-03 05:44:39', '2017-01-11 10:21:08'),
	(3, '0010', 'Mr Noor e Alom Khan', NULL, '2017-01-11 10:21:31', '2017-01-11 10:21:31'),
	(4, '010', 'জিয়াউর রহমান', NULL, '2017-01-11 10:22:37', '2017-01-11 10:25:27');
/*!40000 ALTER TABLE `investors` ENABLE KEYS */;


-- Dumping structure for table timf.jamindars
DROP TABLE IF EXISTS `jamindars`;
CREATE TABLE IF NOT EXISTS `jamindars` (
  `id` int(11) NOT NULL AUTO_INCREMENT,
  `name` varchar(500) DEFAULT NULL,
  `Nid` varchar(500) DEFAULT NULL,
  `JamindarNameTitle` varchar(500) DEFAULT NULL,
  `JamindarFirstName` varchar(500) DEFAULT NULL,
  `JamindarLastName` varchar(500) DEFAULT NULL,
  `JamindarFamilyName` varchar(500) DEFAULT NULL,
  `JamindarRelation` varchar(500) DEFAULT NULL,
  `JamindarAge` varchar(500) DEFAULT NULL,
  `JamindarEducation` varchar(500) DEFAULT NULL,
  `JamindarPassingYear` varchar(500) DEFAULT NULL,
  `FatherOrHasbandNAmeTitle` varchar(500) DEFAULT NULL,
  `FatherOrHasbandFirstName` varchar(500) DEFAULT NULL,
  `FatherOrHasbandLastName` varchar(500) DEFAULT NULL,
  `FatherOrHasbandAge` varchar(500) DEFAULT NULL,
  `JamindarCountry` varchar(500) DEFAULT NULL,
  `JamindarDistrict` varchar(500) DEFAULT NULL,
  `JamindarThana` varchar(500) DEFAULT NULL,
  `JamindarPostoffice` varchar(500) DEFAULT NULL,
  `JamindarUnion` varchar(500) DEFAULT NULL,
  `JamindarWord` varchar(500) DEFAULT NULL,
  `JamindarVillage` varchar(500) DEFAULT NULL,
  `JamindarCountry1` varchar(500) DEFAULT NULL,
  `JamindarDistrict1` varchar(500) DEFAULT NULL,
  `JamindarThana1` varchar(500) DEFAULT NULL,
  `JamindarPostoffice1` varchar(500) DEFAULT NULL,
  `JamindarUnion1` varchar(500) DEFAULT NULL,
  `JamindarWord1` varchar(500) DEFAULT NULL,
  `JamindarVillage1` varchar(500) DEFAULT NULL,
  `JamindarMobile1` varchar(500) DEFAULT NULL,
  `JamindarEmail` varchar(500) DEFAULT NULL,
  `JamindarNid` varchar(500) DEFAULT NULL,
  `JamindarBusinessOrJobAddress` varchar(500) DEFAULT NULL,
  `JamindarProfession1` varchar(500) DEFAULT NULL,
  `JamindarMonthlyNetIncome` varchar(500) DEFAULT NULL,
  `JamindarMonthlyNetExpences` varchar(500) DEFAULT NULL,
  `JamindarMonthlyNetSurplus` varchar(500) DEFAULT NULL,
  `JamindarTotalNetMoney` varchar(500) DEFAULT NULL,
  `JamindarSocialStatus` varchar(500) DEFAULT NULL,
  `created_at` datetime DEFAULT NULL,
  `updated_at` datetime DEFAULT NULL,
  PRIMARY KEY (`id`)
) ENGINE=InnoDB AUTO_INCREMENT=12 DEFAULT CHARSET=utf8;

-- Dumping data for table timf.jamindars: ~6 rows (approximately)
DELETE FROM `jamindars`;
/*!40000 ALTER TABLE `jamindars` DISABLE KEYS */;
INSERT INTO `jamindars` (`id`, `name`, `Nid`, `JamindarNameTitle`, `JamindarFirstName`, `JamindarLastName`, `JamindarFamilyName`, `JamindarRelation`, `JamindarAge`, `JamindarEducation`, `JamindarPassingYear`, `FatherOrHasbandNAmeTitle`, `FatherOrHasbandFirstName`, `FatherOrHasbandLastName`, `FatherOrHasbandAge`, `JamindarCountry`, `JamindarDistrict`, `JamindarThana`, `JamindarPostoffice`, `JamindarUnion`, `JamindarWord`, `JamindarVillage`, `JamindarCountry1`, `JamindarDistrict1`, `JamindarThana1`, `JamindarPostoffice1`, `JamindarUnion1`, `JamindarWord1`, `JamindarVillage1`, `JamindarMobile1`, `JamindarEmail`, `JamindarNid`, `JamindarBusinessOrJobAddress`, `JamindarProfession1`, `JamindarMonthlyNetIncome`, `JamindarMonthlyNetExpences`, `JamindarMonthlyNetSurplus`, `JamindarTotalNetMoney`, `JamindarSocialStatus`, `created_at`, `updated_at`) VALUES
	(6, NULL, NULL, '1', '1', '2', '3', '4', '5', '6', '7', '1', '8', '7', '6', '4', '2', '6', '5', '2', '5', '5', '4', '2', '6', '5', '2', '5', '5', '4', '3@gmail.com', '2', '8', '7', '6', '5', '4', '3', '4', '2017-01-19 05:01:40', '2017-01-19 05:01:40'),
	(7, NULL, NULL, '1', '3', '4', '5', '6', '8', '9', '8', '1', '6', '5', '66', '4', '2', '6', '5', '2', '5', '7', '4', '2', '6', '5', '2', '5', '6', '5', '4@gmail.com', '3', '7', '6', '5', '4', '3', '4', '5', '2017-01-19 05:47:32', '2017-01-19 05:47:32'),
	(8, NULL, NULL, '1', '6', '7', '8', '9', '0', '1', '7', '1', '6', '5', '4', '1', '1', '6', '5', '2', '5', '5', '1', '1', '6', '5', '2', '5', '2', '6', 's@gmail.com', '6', '7', '8', '9', '0', '8', '7', '6', '2017-01-21 05:37:11', '2017-01-21 05:37:11'),
	(9, NULL, NULL, '1', '', '', '', '', '', '1', '', '1', '', '', '', '1', '1', '6', '5', '2', '5', '', '1', '1', '6', '5', '2', '5', '', '', '', '', '', '', '', '', '', '', '', '2017-01-22 07:45:38', '2017-01-22 07:45:38'),
	(10, NULL, NULL, '1', '121212', '', '', '', '', '1', '', '1', '', '', '', '1', '1', '1', '5', '3', '0', '', '1', '1', '1', '5', '3', '0', '', '', '', '', '', '', '', '', '', '', '', '2017-01-24 09:14:22', '2017-01-24 09:14:22'),
	(11, NULL, '789', '1', '4321', '', '', '', '', '1', '', '1', '', '', '', '1', '1', '1', '5', '3', '0', '', '1', '1', '1', '5', '3', '0', '', '', '', '', '', '', '', '', '', '', '', '2017-01-24 09:20:03', '2017-01-24 09:20:03');
/*!40000 ALTER TABLE `jamindars` ENABLE KEYS */;


-- Dumping structure for table timf.liabs
DROP TABLE IF EXISTS `liabs`;
CREATE TABLE IF NOT EXISTS `liabs` (
  `id` int(11) NOT NULL AUTO_INCREMENT,
  `name` varchar(500) DEFAULT NULL,
  `LiabilitiesDescription` varchar(500) DEFAULT NULL,
  `created_at` datetime DEFAULT NULL,
  `updated_at` datetime DEFAULT NULL,
  PRIMARY KEY (`id`)
) ENGINE=InnoDB AUTO_INCREMENT=5 DEFAULT CHARSET=utf8;

-- Dumping data for table timf.liabs: ~1 rows (approximately)
DELETE FROM `liabs`;
/*!40000 ALTER TABLE `liabs` DISABLE KEYS */;
INSERT INTO `liabs` (`id`, `name`, `LiabilitiesDescription`, `created_at`, `updated_at`) VALUES
	(4, '8', '77', '2017-01-11 06:57:33', '2017-01-23 10:57:02');
/*!40000 ALTER TABLE `liabs` ENABLE KEYS */;


-- Dumping structure for table timf.loans
DROP TABLE IF EXISTS `loans`;
CREATE TABLE IF NOT EXISTS `loans` (
  `id` int(11) NOT NULL AUTO_INCREMENT,
  `name` varchar(100) DEFAULT NULL,
  `Nid` varchar(100) DEFAULT NULL,
  `JobOrgName` varchar(100) DEFAULT NULL,
  `JobOrgPlace` varchar(100) DEFAULT NULL,
  `JobIdNo` varchar(100) DEFAULT NULL,
  `ShenaNo` varchar(100) DEFAULT NULL,
  `JobDesignation` varchar(100) DEFAULT NULL,
  `JobUniteName` varchar(100) DEFAULT NULL,
  `DivisionName` varchar(100) DEFAULT NULL,
  `JobDuration` varchar(100) DEFAULT NULL,
  `JobSalary` varchar(100) DEFAULT NULL,
  `LoanProviderOrgName` varchar(100) DEFAULT NULL,
  `LoanProviderOrgAddress` varchar(100) DEFAULT NULL,
  `AmountOfReceivedLoan` varchar(100) DEFAULT NULL,
  `ProductName` varchar(100) DEFAULT NULL,
  `InvestmentTypeNo` varchar(100) DEFAULT NULL,
  `LoanReceiveDuration` varchar(100) DEFAULT NULL,
  `LoanReceivedDate` varchar(100) DEFAULT NULL,
  `AmountOfLoanRepay` varchar(100) DEFAULT NULL,
  `CorrentStatus` varchar(100) DEFAULT NULL,
  `RemainingInstallment` varchar(100) DEFAULT NULL,
  `ApproximateRepaidDate` varchar(100) DEFAULT NULL,
  `LoanProviderOrgName1` varchar(100) DEFAULT NULL,
  `LoanProviderOrgAddress1` varchar(100) DEFAULT NULL,
  `AmountOfReceivedLoan1` varchar(100) DEFAULT NULL,
  `ProductName1` varchar(100) DEFAULT NULL,
  `InvestmentTypeNo1` varchar(100) DEFAULT NULL,
  `LoanReceiveDuration1` varchar(100) DEFAULT NULL,
  `LoanReceivedDate1` varchar(100) DEFAULT NULL,
  `AmountOfLoanRepay1` varchar(100) DEFAULT NULL,
  `CorrentStatus1` varchar(100) DEFAULT NULL,
  `RemainingInstallment1` varchar(100) DEFAULT NULL,
  `ApproximateRepaidDate1` varchar(100) DEFAULT NULL,
  `DonorOrgName` varchar(100) DEFAULT NULL,
  `DonorOrgAddress` varchar(100) DEFAULT NULL,
  `AmountOfBorrowedLoan` varchar(100) DEFAULT NULL,
  `product12Name` varchar(100) DEFAULT NULL,
  `InvestmentStepNo` varchar(100) DEFAULT NULL,
  `InvestmentDuration` varchar(100) DEFAULT NULL,
  `InvestmentBorrowedDate` varchar(100) DEFAULT NULL,
  `AmountOfRepaidMoney` varchar(100) DEFAULT NULL,
  `CurrentBalanceOfBorrow` varchar(100) DEFAULT NULL,
  `RemainingInstalments` varchar(100) DEFAULT NULL,
  `AproximateDateOfPayment` varchar(100) DEFAULT NULL,
  `DonorOrgName1` varchar(100) DEFAULT NULL,
  `DonorOrgAddress1` varchar(100) DEFAULT NULL,
  `AmountOfBorrowedLoan1` varchar(100) DEFAULT NULL,
  `DonarOrgProductName` varchar(100) DEFAULT NULL,
  `InvestmentStepNo1` varchar(100) DEFAULT NULL,
  `InvestmentDuration1` varchar(100) DEFAULT NULL,
  `InvestmentBorrowedDate1` varchar(100) DEFAULT NULL,
  `AmountOfRepaidMoney1` varchar(100) DEFAULT NULL,
  `CurrentBalanceOfBorrow1` varchar(100) DEFAULT NULL,
  `RemainingInstalments1` varchar(100) DEFAULT NULL,
  `AproximateDateOfPayment1` varchar(100) DEFAULT NULL,
  `OthersIncomeSources1` varchar(100) DEFAULT NULL,
  `OthersIncomeSources2` varchar(100) DEFAULT NULL,
  `OthersIncomeSources3` varchar(100) DEFAULT NULL,
  `GPositionPrice` varchar(100) DEFAULT NULL,
  `GPositionDuration` varchar(100) DEFAULT NULL,
  `GValidityYear` varchar(100) DEFAULT NULL,
  `GMouza` varchar(100) DEFAULT NULL,
  `GCSKhotiyanNo` varchar(100) DEFAULT NULL,
  `GHallKhotiyanNo` varchar(100) DEFAULT NULL,
  `GRSDPKhotiyanNo` varchar(100) DEFAULT NULL,
  `GCSDagNo` varchar(100) DEFAULT NULL,
  `GHalDagNo` varchar(100) DEFAULT NULL,
  `GJLNo` varchar(100) DEFAULT NULL,
  `GHoldingNo` varchar(100) DEFAULT NULL,
  `GLandAmount` varchar(100) DEFAULT NULL,
  `GApproximatePrice` varchar(100) DEFAULT NULL,
  `GLandOwerShip` varchar(100) DEFAULT NULL,
  `AdvancedCheckBankName` varchar(100) DEFAULT NULL,
  `GBankBranchName` varchar(100) DEFAULT NULL,
  `GBankAccountNo` varchar(100) DEFAULT NULL,
  `ProjectName` varchar(100) DEFAULT NULL,
  `PreviousInvestmentType` varchar(100) DEFAULT NULL,
  `PreviousReceivedAmount` varchar(100) DEFAULT NULL,
  `AmountReceivedStep` varchar(100) DEFAULT NULL,
  `PreviousInvestmentReceivedDate` varchar(100) DEFAULT NULL,
  `PreviousInvestmentRepaidDate` varchar(100) DEFAULT NULL,
  `Repaymentattitude` varchar(100) DEFAULT NULL,
  `AdvancedPaidInstalation` varchar(100) DEFAULT NULL,
  `PaidMoneyPerInstalment` varchar(100) DEFAULT NULL,
  `GenaralSaving` varchar(100) DEFAULT NULL,
  `SpecialSaving` varchar(100) DEFAULT NULL,
  `TssMoney` varchar(100) DEFAULT NULL,
  `TotalSavingAmount` varchar(100) DEFAULT NULL,
  `ProposedAmountInNumber` varchar(100) DEFAULT NULL,
  `ProposedAmountInWord` varchar(100) DEFAULT NULL,
  `ProposedInvesmentDuration` varchar(100) DEFAULT NULL,
  `ProposedInvestmentStep` varchar(100) DEFAULT NULL,
  `ProposedInvesmentName` varchar(100) DEFAULT NULL,
  `created_at` datetime DEFAULT NULL,
  `updated_at` datetime DEFAULT NULL,
  PRIMARY KEY (`id`)
) ENGINE=InnoDB AUTO_INCREMENT=19 DEFAULT CHARSET=utf8;

-- Dumping data for table timf.loans: ~8 rows (approximately)
DELETE FROM `loans`;
/*!40000 ALTER TABLE `loans` DISABLE KEYS */;
INSERT INTO `loans` (`id`, `name`, `Nid`, `JobOrgName`, `JobOrgPlace`, `JobIdNo`, `ShenaNo`, `JobDesignation`, `JobUniteName`, `DivisionName`, `JobDuration`, `JobSalary`, `LoanProviderOrgName`, `LoanProviderOrgAddress`, `AmountOfReceivedLoan`, `ProductName`, `InvestmentTypeNo`, `LoanReceiveDuration`, `LoanReceivedDate`, `AmountOfLoanRepay`, `CorrentStatus`, `RemainingInstallment`, `ApproximateRepaidDate`, `LoanProviderOrgName1`, `LoanProviderOrgAddress1`, `AmountOfReceivedLoan1`, `ProductName1`, `InvestmentTypeNo1`, `LoanReceiveDuration1`, `LoanReceivedDate1`, `AmountOfLoanRepay1`, `CorrentStatus1`, `RemainingInstallment1`, `ApproximateRepaidDate1`, `DonorOrgName`, `DonorOrgAddress`, `AmountOfBorrowedLoan`, `product12Name`, `InvestmentStepNo`, `InvestmentDuration`, `InvestmentBorrowedDate`, `AmountOfRepaidMoney`, `CurrentBalanceOfBorrow`, `RemainingInstalments`, `AproximateDateOfPayment`, `DonorOrgName1`, `DonorOrgAddress1`, `AmountOfBorrowedLoan1`, `DonarOrgProductName`, `InvestmentStepNo1`, `InvestmentDuration1`, `InvestmentBorrowedDate1`, `AmountOfRepaidMoney1`, `CurrentBalanceOfBorrow1`, `RemainingInstalments1`, `AproximateDateOfPayment1`, `OthersIncomeSources1`, `OthersIncomeSources2`, `OthersIncomeSources3`, `GPositionPrice`, `GPositionDuration`, `GValidityYear`, `GMouza`, `GCSKhotiyanNo`, `GHallKhotiyanNo`, `GRSDPKhotiyanNo`, `GCSDagNo`, `GHalDagNo`, `GJLNo`, `GHoldingNo`, `GLandAmount`, `GApproximatePrice`, `GLandOwerShip`, `AdvancedCheckBankName`, `GBankBranchName`, `GBankAccountNo`, `ProjectName`, `PreviousInvestmentType`, `PreviousReceivedAmount`, `AmountReceivedStep`, `PreviousInvestmentReceivedDate`, `PreviousInvestmentRepaidDate`, `Repaymentattitude`, `AdvancedPaidInstalation`, `PaidMoneyPerInstalment`, `GenaralSaving`, `SpecialSaving`, `TssMoney`, `TotalSavingAmount`, `ProposedAmountInNumber`, `ProposedAmountInWord`, `ProposedInvesmentDuration`, `ProposedInvestmentStep`, `ProposedInvesmentName`, `created_at`, `updated_at`) VALUES
	(11, NULL, NULL, '1', '1', '1', '1', '1', '1', '1', '1', '1', '1', '1', '1', '1', '0', '1', '2017-01-13', '2', '3', '3', '2017-01-20', '1', '3', '3', '3', '2', '3', '2017-01-06', '3', '3', '3', '2017-01-20', '1', 'qwqw', '', '1', '4', '4', '2017-01-12', '4', '4', '4', '2017-01-05', '1', 'r', '5', '1', '6', '6', '2017-01-12', '5', '5', '5', '2017-01-04', '', '', '', '3', '4', '5', '6', '7', '5', '5', '5', '5', '5', '5', '5', '5', '1', '5', '5', '5', '5', '5', '5', '5', '2017-01-04', '2017-01-05', '1', '5', '6', '5', '5', '5', '5', '3', '4', '5', '0', '6', '2017-01-22 10:28:16', '2017-01-22 10:28:16'),
	(12, NULL, NULL, '', '', '', '', '', '', '', '', '', '1', '', '', '', '0', '', '', '', '', '', '', '1', '', '', '', '0', '', '', '', '', '', '', '1', '', '', '1', '', '', '', '', '', '', '', '1', '', '', '1', '', '', '', '', '', '', '', '', '', '', '', '', '', '', '', '', '', '', '', '', '', '', '', '1', '', '', '', '', '', '', '', '', '', '1', '', '', '', '', '', '', '34567', '', '', '0', '', '2017-01-24 06:05:05', '2017-01-24 06:05:05'),
	(13, NULL, NULL, '', '', '', '', '', '', '', '', '', '1', '', '', '', '0', '', '', '', '', '', '', '1', '', '', '', '0', '', '', '', '', '', '', '1', '', '', '1', '', '', '', '', '', '', '', '1', '', '', '1', '', '', '', '', '', '', '', '', '', '', '', '', '', '', '', '', '', '', '', '', '', '', '', '1', '', '', '', '', '', '', '', '', '', '1', '', '', '', '', '', '', '456', '', '', '0', '', '2017-01-24 06:21:24', '2017-01-24 06:21:24'),
	(14, NULL, NULL, '', '', '', '', '', '', '', '', '', '1', '', '', '', '0', '', '', '', '', '', '', '1', '', '', '', '0', '', '', '', '', '', '', '1', '', '', '1', '', '', '', '', '', '', '', '1', '', '', '1', '', '', '', '', '', '', '', '', '', '', '', '', '', '', '', '', '', '', '', '', '', '', '', '1', '', '', '', '', '', '', '', '', '', '1', '', '', '', '', '', '', '1212', '', '', '0', '', '2017-01-24 06:23:10', '2017-01-24 06:23:10'),
	(15, NULL, NULL, '', '', '', '', '', '', '', '', '', '1', '', '', '', '0', '', '', '', '', '', '', '1', '', '', '', '0', '', '', '', '', '', '', '1', '', '', '1', '', '', '', '', '', '', '', '1', '', '', '1', '', '', '', '', '', '', '', '', '', '', '', '', '', '', '', '', '', '', '', '', '', '', '', '1', '', '', '', '', '', '', '', '', '', '1', '', '', '', '', '', '', '12', '', '', '0', '', '2017-01-24 06:29:14', '2017-01-24 06:29:14'),
	(16, '456', NULL, '', '', '', '', '', '', '', '', '', '1', '', '', '', '0', '', '', '', '', '', '', '1', '', '', '', '0', '', '', '', '', '', '', '1', '', '', '1', '', '', '', '', '', '', '', '1', '', '', '1', '', '', '', '', '', '', '', '', '', '', '', '', '', '', '', '', '', '', '', '', '', '', '', '1', '', '', '', '', '', '', '', '', '', '1', '', '', '', '', '', '', '123', '', '', '0', '', '2017-01-24 06:31:02', '2017-01-24 06:31:02'),
	(17, NULL, '123', '', '', '', '', '', '', '', '', '', '1', '', '', '', '0', '', '', '', '', '', '', '1', '', '', '', '0', '', '', '', '', '', '', '1', '', '', '1', '', '', '', '', '', '', '', '1', '', '', '1', '', '', '', '', '', '', '', '', '', '', '', '', '', '', '', '', '', '', '', '', '', '', '', '1', '', '', '', '', '', '', '', '', '', '1', '', '', '', '', '', '', '67', '', '', '0', '', '2017-01-24 06:32:55', '2017-01-24 06:32:55'),
	(18, NULL, '456', '', '', '', '', '', '', '', '', '', '1', '', '', '', '0', '', '', '', '', '', '', '1', '', '', '', '0', '', '', '', '', '', '', '1', '', '', '1', '', '', '', '', '', '', '', '1', '', '', '1', '', '', '', '', '', '', '', '', '', '', '', '', '', '', '', '', '', '', '', '', '', '', '', '1', '', '', '', '', '', '', '', '', '', '1', '', '', '', '', '', '', '123', '', '', '0', '', '2017-01-24 06:47:01', '2017-01-24 06:47:01');
/*!40000 ALTER TABLE `loans` ENABLE KEYS */;


-- Dumping structure for table timf.members
DROP TABLE IF EXISTS `members`;
CREATE TABLE IF NOT EXISTS `members` (
  `id` int(11) NOT NULL AUTO_INCREMENT,
  `name` varchar(500) DEFAULT NULL,
  `Nid` varchar(500) DEFAULT NULL,
  `AccommodationLength` varchar(500) DEFAULT NULL,
  `BusinessName` varchar(500) DEFAULT NULL,
  `BusinessNature` varchar(500) DEFAULT NULL,
  `BusinessExperience` varchar(500) DEFAULT NULL,
  `BusinessCenterAddress` varchar(500) DEFAULT NULL,
  `BusinessStartDate` varchar(500) DEFAULT NULL,
  `Accommodation` varchar(500) DEFAULT NULL,
  `AccommodationWidth` varchar(500) DEFAULT NULL,
  `BusinessPlaceStatus` varchar(500) DEFAULT NULL,
  `Direction` varchar(500) DEFAULT NULL,
  `TradeLicenceNo` varchar(500) DEFAULT NULL,
  `LicenceIssuingAuthority` varchar(500) DEFAULT NULL,
  `InvestedCapital` varchar(500) DEFAULT NULL,
  `MonthlyAvarageSale` varchar(500) DEFAULT NULL,
  `BankContribution` varchar(500) DEFAULT NULL,
  `NgoContribution` varchar(500) DEFAULT NULL,
  `SelfContribution` varchar(500) DEFAULT NULL,
  `BorrowMoney` varchar(500) DEFAULT NULL,
  `MonthlyEarningFromBusiness` varchar(500) DEFAULT NULL,
  `MonthlyExpenditureFromBusiness` varchar(500) DEFAULT NULL,
  `SurplusMoney` varchar(500) DEFAULT NULL,
  `IncomeFromOthersSources` varchar(500) DEFAULT NULL,
  `OtherSources` varchar(500) DEFAULT NULL,
  `MonthlyExpenditureFromOtherSources` varchar(500) DEFAULT NULL,
  `MonthlySurplus` varchar(500) DEFAULT NULL,
  `MonthlyTotalSurplus` varchar(500) DEFAULT NULL,
  `BusinessType` varchar(500) DEFAULT NULL,
  `OwnershipType` varchar(500) DEFAULT NULL,
  `FirstHalfStart` varchar(500) DEFAULT NULL,
  `FirstHalfEnd` varchar(500) DEFAULT NULL,
  `SecondHalfStart` varchar(500) DEFAULT NULL,
  `SecondHalfEnd` varchar(500) DEFAULT NULL,
  `TotalTime` varchar(500) DEFAULT NULL,
  `OrgOPeningTime` varchar(500) DEFAULT NULL,
  `OrgClosingTime` varchar(500) DEFAULT NULL,
  `ClosingIntervalStart` varchar(500) DEFAULT NULL,
  `ClosingIntervalClose` varchar(500) DEFAULT NULL,
  `WeekEnd` varchar(500) DEFAULT NULL,
  `OrgPermanentEmployee` varchar(500) DEFAULT NULL,
  `created_at` datetime DEFAULT NULL,
  `updated_at` datetime DEFAULT NULL,
  PRIMARY KEY (`id`)
) ENGINE=InnoDB AUTO_INCREMENT=15 DEFAULT CHARSET=utf8;

-- Dumping data for table timf.members: ~3 rows (approximately)
DELETE FROM `members`;
/*!40000 ALTER TABLE `members` DISABLE KEYS */;
INSERT INTO `members` (`id`, `name`, `Nid`, `AccommodationLength`, `BusinessName`, `BusinessNature`, `BusinessExperience`, `BusinessCenterAddress`, `BusinessStartDate`, `Accommodation`, `AccommodationWidth`, `BusinessPlaceStatus`, `Direction`, `TradeLicenceNo`, `LicenceIssuingAuthority`, `InvestedCapital`, `MonthlyAvarageSale`, `BankContribution`, `NgoContribution`, `SelfContribution`, `BorrowMoney`, `MonthlyEarningFromBusiness`, `MonthlyExpenditureFromBusiness`, `SurplusMoney`, `IncomeFromOthersSources`, `OtherSources`, `MonthlyExpenditureFromOtherSources`, `MonthlySurplus`, `MonthlyTotalSurplus`, `BusinessType`, `OwnershipType`, `FirstHalfStart`, `FirstHalfEnd`, `SecondHalfStart`, `SecondHalfEnd`, `TotalTime`, `OrgOPeningTime`, `OrgClosingTime`, `ClosingIntervalStart`, `ClosingIntervalClose`, `WeekEnd`, `OrgPermanentEmployee`, `created_at`, `updated_at`) VALUES
	(11, NULL, NULL, '4', '1', '1', '1', '1', '2017-01-12', '1', '4', '1', '1', '4', '1', '4', '4', '4', '4', '4', '4', '4', '4', '4', '4', '1', '4', '4', '4', '1', '1', '16:59', '12:59', '12:59', '12:59', '12:59', '12:58', '12:59', '12:59', '12:59', '1', '1212', '2017-01-22 06:50:54', '2017-01-22 06:50:54'),
	(12, NULL, NULL, '', 'xyz', '', '', '', '', '1', '', '1', '1', '', '1', '', '', '', '', '', '', '', '', '', '', '1', '', '', '', '1', '1', '', '', '', '', '', '', '', '', '', '1', '', '2017-01-23 09:02:26', '2017-01-23 09:02:26'),
	(13, NULL, NULL, '', 'business name', 'as', '23', 'as', '', '1', '', '1', '1', '', '1', '', '', '', '', '', '', '', '', '', '', '1', '', '', '', '1', '1', '', '', '', '', '', '', '', '', '', '1', '', '2017-01-23 09:04:32', '2017-01-23 09:04:32'),
	(14, NULL, '456', '', '123', '', '', '', '', '1', '', '1', '1', '', '1', '', '', '', '', '', '', '', '', '', '', '1', '', '', '', '1', '1', '', '', '', '', '', '', '', '', '', '1', '', '2017-01-24 06:49:49', '2017-01-24 06:49:49');
/*!40000 ALTER TABLE `members` ENABLE KEYS */;


-- Dumping structure for table timf.migrations
DROP TABLE IF EXISTS `migrations`;
CREATE TABLE IF NOT EXISTS `migrations` (
  `migration` varchar(255) COLLATE utf8_unicode_ci NOT NULL,
  `batch` int(11) NOT NULL
) ENGINE=InnoDB DEFAULT CHARSET=utf8 COLLATE=utf8_unicode_ci;

-- Dumping data for table timf.migrations: ~6 rows (approximately)
DELETE FROM `migrations`;
/*!40000 ALTER TABLE `migrations` DISABLE KEYS */;
INSERT INTO `migrations` (`migration`, `batch`) VALUES
	('2014_10_12_000000_create_users_table', 1),
	('2014_10_12_100000_create_password_resets_table', 1),
	('2015_05_06_022458_create_posts_table', 1),
	('2016_10_12_091446_create_user_post_table', 1),
	('2016_10_13_000104_add_user_soft_delete', 1),
	('2016_10_22_004452_create_tags_tables', 1);
/*!40000 ALTER TABLE `migrations` ENABLE KEYS */;


-- Dumping structure for table timf.organizations
DROP TABLE IF EXISTS `organizations`;
CREATE TABLE IF NOT EXISTS `organizations` (
  `id` int(11) NOT NULL,
  `OrganizationCode` varchar(500) DEFAULT NULL,
  `OrganizationName` varchar(500) DEFAULT NULL,
  `OrganizationAddress` varchar(500) DEFAULT NULL,
  `YearEndingDate` varchar(500) DEFAULT NULL,
  `CashBook` varchar(500) DEFAULT NULL,
  `PLAccount` varchar(500) DEFAULT NULL,
  `BankAccount` varchar(500) DEFAULT NULL,
  `PhoneNumber` varchar(500) DEFAULT NULL,
  `MobileNumber` varchar(500) DEFAULT NULL,
  `EmailId` varchar(500) DEFAULT NULL,
  `StartWorkingDay` varchar(500) DEFAULT NULL,
  `WorkType` varchar(500) DEFAULT NULL,
  `LicenceNo` varchar(500) DEFAULT NULL,
  `LicenceStartDate` varchar(500) DEFAULT NULL,
  `LicenceValidityEndingDate` varchar(500) DEFAULT NULL,
  `name` varchar(500) DEFAULT NULL,
  `created_at` datetime DEFAULT NULL,
  `updated_at` datetime DEFAULT NULL,
  PRIMARY KEY (`id`)
) ENGINE=InnoDB DEFAULT CHARSET=utf8;

-- Dumping data for table timf.organizations: ~1 rows (approximately)
DELETE FROM `organizations`;
/*!40000 ALTER TABLE `organizations` DISABLE KEYS */;
INSERT INTO `organizations` (`id`, `OrganizationCode`, `OrganizationName`, `OrganizationAddress`, `YearEndingDate`, `CashBook`, `PLAccount`, `BankAccount`, `PhoneNumber`, `MobileNumber`, `EmailId`, `StartWorkingDay`, `WorkType`, `LicenceNo`, `LicenceStartDate`, `LicenceValidityEndingDate`, `name`, `created_at`, `updated_at`) VALUES
	(1, '1', '1', 'dskjfbhs', 'ZDSgvdfh', '', '', '', '', '', '', '', NULL, '', '', '', NULL, '2017-01-11 09:55:57', '2017-01-11 09:56:17');
/*!40000 ALTER TABLE `organizations` ENABLE KEYS */;


-- Dumping structure for table timf.password_resets
DROP TABLE IF EXISTS `password_resets`;
CREATE TABLE IF NOT EXISTS `password_resets` (
  `email` varchar(255) COLLATE utf8_unicode_ci NOT NULL,
  `token` varchar(255) COLLATE utf8_unicode_ci NOT NULL,
  `created_at` timestamp NOT NULL DEFAULT '0000-00-00 00:00:00',
  KEY `password_resets_email_index` (`email`),
  KEY `password_resets_token_index` (`token`)
) ENGINE=InnoDB DEFAULT CHARSET=utf8 COLLATE=utf8_unicode_ci;

-- Dumping data for table timf.password_resets: ~0 rows (approximately)
DELETE FROM `password_resets`;
/*!40000 ALTER TABLE `password_resets` DISABLE KEYS */;
/*!40000 ALTER TABLE `password_resets` ENABLE KEYS */;


-- Dumping structure for table timf.postoffices
DROP TABLE IF EXISTS `postoffices`;
CREATE TABLE IF NOT EXISTS `postoffices` (
  `id` int(11) NOT NULL,
  `PostofficeName` varchar(500) DEFAULT NULL,
  `ThanaCode` varchar(500) DEFAULT NULL,
  `name` varchar(500) DEFAULT NULL,
  `created_at` datetime DEFAULT NULL,
  `updated_at` datetime DEFAULT NULL,
  PRIMARY KEY (`id`)
) ENGINE=InnoDB DEFAULT CHARSET=utf8;

-- Dumping data for table timf.postoffices: ~1 rows (approximately)
DELETE FROM `postoffices`;
/*!40000 ALTER TABLE `postoffices` DISABLE KEYS */;
INSERT INTO `postoffices` (`id`, `PostofficeName`, `ThanaCode`, `name`, `created_at`, `updated_at`) VALUES
	(5, 'Adabor', '1', NULL, '2017-01-11 04:18:00', '2017-01-11 04:18:00');
/*!40000 ALTER TABLE `postoffices` ENABLE KEYS */;


-- Dumping structure for table timf.posts
DROP TABLE IF EXISTS `posts`;
CREATE TABLE IF NOT EXISTS `posts` (
  `id` int(10) unsigned NOT NULL AUTO_INCREMENT,
  `user_id` int(10) unsigned NOT NULL,
  `title` varchar(255) COLLATE utf8_unicode_ci NOT NULL,
  `created_at` timestamp NOT NULL DEFAULT '0000-00-00 00:00:00',
  `updated_at` timestamp NOT NULL DEFAULT '0000-00-00 00:00:00',
  PRIMARY KEY (`id`),
  KEY `posts_user_id_index` (`user_id`)
) ENGINE=InnoDB AUTO_INCREMENT=1001 DEFAULT CHARSET=utf8 COLLATE=utf8_unicode_ci;

-- Dumping data for table timf.posts: ~493 rows (approximately)
DELETE FROM `posts`;
/*!40000 ALTER TABLE `posts` DISABLE KEYS */;
INSERT INTO `posts` (`id`, `user_id`, `title`, `created_at`, `updated_at`) VALUES
	(501, 519, 'Quia sunt voluptas delectus eaque accusamus animi. Eum quod aut qui nihil ut dolor molestiae hic. Vero vitae ut nihil minus aut.', '2017-01-10 03:47:12', '2017-01-10 03:47:12'),
	(502, 816, 'Quasi velit quo iusto aut eligendi. Omnis maxime sapiente dignissimos qui enim aliquid at. Qui expedita officiis ipsam et. Qui facere incidunt doloribus repudiandae.', '2017-01-10 03:47:13', '2017-01-10 03:47:13'),
	(503, 767, 'Sit omnis in et. In et architecto eos et. Autem pariatur minima similique ut maxime sunt quis qui. Quisquam atque consectetur aperiam sunt amet corrupti ipsa.', '2017-01-10 03:47:13', '2017-01-10 03:47:13'),
	(504, 715, 'Saepe rerum et repellat consectetur numquam. Voluptas ipsum praesentium veritatis omnis. Quibusdam sed quasi voluptas eos qui voluptatem occaecati. Qui excepturi dolorem et ut ullam odit.', '2017-01-10 03:47:13', '2017-01-10 03:47:13'),
	(505, 711, 'Voluptate nihil provident ea quo et provident. Autem commodi est amet nobis sed laudantium repellendus. Ipsam ut officiis minima architecto ut.', '2017-01-10 03:47:14', '2017-01-10 03:47:14'),
	(506, 580, 'Consequatur dolorum et illo quo. A nemo nesciunt repellat labore facere aliquam adipisci. Cumque neque sed qui harum doloribus voluptatem atque.', '2017-01-10 03:47:15', '2017-01-10 03:47:15'),
	(507, 717, 'Quidem et nulla deleniti harum recusandae. Est cupiditate odit facilis ullam odit non. Id voluptatem pariatur dolorem nemo aperiam ea et.', '2017-01-10 03:47:15', '2017-01-10 03:47:15'),
	(508, 994, 'Quam rerum magni similique eaque nemo. Totam et architecto facilis. Pariatur libero similique consequatur sint sint.', '2017-01-10 03:47:16', '2017-01-10 03:47:16'),
	(509, 598, 'Cum vel quia officia id deserunt labore voluptatem. Recusandae illum et voluptates est perspiciatis qui quasi.', '2017-01-10 03:47:16', '2017-01-10 03:47:16'),
	(510, 533, 'Facere distinctio omnis et animi ab. Atque nam occaecati quo et sint repellat illum dolore. Aut occaecati ut nemo id.', '2017-01-10 03:47:17', '2017-01-10 03:47:17'),
	(511, 742, 'Dolores qui quia alias nostrum sed atque. Possimus aliquid et sit qui. Qui ea quia dolorem qui laudantium asperiores quaerat.', '2017-01-10 03:47:17', '2017-01-10 03:47:17'),
	(512, 550, 'Quae placeat veniam aut fugiat voluptatem neque temporibus explicabo. Asperiores sapiente fugit aliquam voluptatum. Fuga ipsa eos quos. Ullam et facere perferendis facere quae.', '2017-01-10 03:47:17', '2017-01-10 03:47:17'),
	(513, 856, 'Harum consequatur ut et quod qui sit. Nam exercitationem excepturi incidunt inventore quia aut excepturi. Quo debitis hic sunt recusandae dignissimos tempora.', '2017-01-10 03:47:18', '2017-01-10 03:47:18'),
	(514, 862, 'Veritatis excepturi nesciunt vero. Quod perspiciatis aut voluptas reprehenderit est asperiores dicta.', '2017-01-10 03:47:18', '2017-01-10 03:47:18'),
	(515, 831, 'Dicta nihil doloribus qui voluptatem consequuntur. Nobis ut totam quam molestiae dicta repellendus veniam blanditiis. Voluptatem consequatur ea laborum voluptates iure. Voluptatum dolore minus vero et.', '2017-01-10 03:47:19', '2017-01-10 03:47:19'),
	(516, 613, 'Sit excepturi itaque ut deleniti. Omnis incidunt temporibus sunt aliquid. Architecto quasi a sint.', '2017-01-10 03:47:20', '2017-01-10 03:47:20'),
	(517, 927, 'Id ut aspernatur error nihil perspiciatis porro asperiores esse. Totam quia eius harum.', '2017-01-10 03:47:20', '2017-01-10 03:47:20'),
	(518, 792, 'Dolor et placeat ea deleniti. Qui autem similique sapiente iure est. Quia sunt sint velit officia sapiente est nesciunt. In et explicabo animi magnam sed.', '2017-01-10 03:47:20', '2017-01-10 03:47:20'),
	(519, 654, 'Magnam tempora beatae eos delectus. Libero at corrupti perferendis eligendi quidem. Maxime nihil officiis cupiditate quibusdam earum veniam ex. Animi sit neque officiis sint ipsa rem fugit.', '2017-01-10 03:47:21', '2017-01-10 03:47:21'),
	(520, 794, 'Et cumque quo ut ut nobis mollitia quia. Nobis pariatur voluptatem quo illum quia. Quaerat tempore doloribus consequuntur qui odio architecto iure consequatur.', '2017-01-10 03:47:21', '2017-01-10 03:47:21'),
	(521, 630, 'Odio dolorem corrupti natus sequi qui quo. Non explicabo ipsa eum consectetur sed minus id et. Doloremque aut laboriosam sunt incidunt enim quisquam.', '2017-01-10 03:47:22', '2017-01-10 03:47:22'),
	(522, 914, 'Eveniet alias at ea sit deleniti placeat sit. Harum nihil eum quod in illum. Fugit exercitationem aut quo sapiente. Quo corrupti vel minima molestiae eos.', '2017-01-10 03:47:23', '2017-01-10 03:47:23'),
	(523, 835, 'Eveniet dolorum ea facilis commodi sed quos quidem. Repudiandae molestiae soluta accusamus molestiae quae omnis voluptatem.', '2017-01-10 03:47:23', '2017-01-10 03:47:23'),
	(524, 541, 'Sit numquam qui numquam quia quam ut aliquid nemo. Sed ut officia voluptatem ducimus autem et sequi. Aut at totam vel et.', '2017-01-10 03:47:23', '2017-01-10 03:47:23'),
	(525, 855, 'Illo voluptatem consequuntur delectus non. Distinctio expedita error cupiditate magni. Consequuntur vero at perferendis id assumenda voluptate dolorem facere. Ex praesentium voluptatum odit enim ut.', '2017-01-10 03:47:23', '2017-01-10 03:47:23'),
	(526, 680, 'Fuga perferendis similique molestias deleniti omnis placeat. Quisquam sed totam ducimus consequatur. Magnam error iure eligendi voluptatem qui possimus fuga. Repellat repellat delectus harum ipsum quis qui. Quae neque qui voluptates ullam et ad repellendu', '2017-01-10 03:47:23', '2017-01-10 03:47:23'),
	(527, 905, 'Temporibus consequatur magni sint soluta. In sed debitis eum et voluptatem.', '2017-01-10 03:47:23', '2017-01-10 03:47:23'),
	(528, 504, 'Et minus impedit quidem repellendus iusto quo sit adipisci. Sed magnam reprehenderit consequatur saepe veritatis dolorum. Non reiciendis quo fuga. Voluptatem commodi eum omnis nihil odio quas ut.', '2017-01-10 03:47:24', '2017-01-10 03:47:24'),
	(529, 611, 'Incidunt aliquam soluta quam. Repellat nisi saepe sapiente enim similique tenetur. Exercitationem recusandae maiores consequatur officiis omnis voluptas maiores.', '2017-01-10 03:47:24', '2017-01-10 03:47:24'),
	(530, 516, 'Magnam velit enim ut ut consequuntur. Consequatur voluptatem rerum veniam. Alias recusandae aperiam provident est sapiente sequi. Quos voluptas et maxime dicta quo error.', '2017-01-10 03:47:24', '2017-01-10 03:47:24'),
	(531, 753, 'Asperiores sapiente odit velit vero. Voluptas sunt voluptatibus minima voluptates aut culpa. Itaque natus error rem ut culpa.', '2017-01-10 03:47:24', '2017-01-10 03:47:24'),
	(532, 510, 'Ipsam enim laboriosam perferendis assumenda sit ut corrupti qui. Reiciendis magni quae aliquam recusandae porro. Eos quo beatae sit officiis qui. Voluptatum libero in voluptate voluptatem excepturi. Labore eius aut et.', '2017-01-10 03:47:24', '2017-01-10 03:47:24'),
	(533, 503, 'Id saepe cupiditate illum quo natus laudantium. Ut laborum architecto aut labore libero facilis aut.', '2017-01-10 03:47:24', '2017-01-10 03:47:24'),
	(534, 891, 'Voluptatem id voluptatem in. Autem est dolorum qui et. Cumque nostrum delectus tempora minus.', '2017-01-10 03:47:25', '2017-01-10 03:47:25'),
	(535, 843, 'Aspernatur nisi rem quia in ut et unde. Voluptatem et veritatis quo architecto. Nisi distinctio et est quis et.', '2017-01-10 03:47:25', '2017-01-10 03:47:25'),
	(536, 548, 'Quia id est voluptatum rerum numquam tempore quos. Et et dolor soluta distinctio est esse et. Autem sed adipisci iure tenetur neque et. Est voluptatem a ipsum molestiae quia.', '2017-01-10 03:47:25', '2017-01-10 03:47:25'),
	(537, 816, 'Tempora amet quisquam consequatur provident. Est porro quae ut mollitia et aut. Qui provident unde est placeat dolorem ut sit.', '2017-01-10 03:47:25', '2017-01-10 03:47:25'),
	(538, 706, 'Distinctio illo et possimus nam repudiandae qui. Deleniti commodi illo doloremque doloribus quia. Repellendus et fugit sunt fugit. Esse molestiae consequatur adipisci nemo. Tenetur sapiente aut culpa molestiae temporibus distinctio.', '2017-01-10 03:47:26', '2017-01-10 03:47:26'),
	(539, 714, 'Autem molestiae recusandae numquam aut. Qui quisquam id aut error nihil dicta. Omnis recusandae odit exercitationem aut laudantium. Nostrum minima omnis dolore quae eos voluptatem.', '2017-01-10 03:47:26', '2017-01-10 03:47:26'),
	(540, 972, 'Ullam et quia ut. Delectus soluta et quisquam quod dolore. Officiis et est exercitationem ducimus et. Quam ex maiores ad eius. Impedit quis deserunt vel fugiat.', '2017-01-10 03:47:26', '2017-01-10 03:47:26'),
	(541, 545, 'Quaerat hic ad aut nemo dolor. Consequatur nesciunt fuga praesentium et et mollitia sapiente. Delectus sit aut voluptas quidem eum minus. Numquam molestiae ut vel.', '2017-01-10 03:47:26', '2017-01-10 03:47:26'),
	(542, 594, 'Numquam eos eius eaque debitis vero nemo quis. Nostrum qui nobis enim expedita. Vel ab repudiandae enim occaecati aperiam ullam doloremque.', '2017-01-10 03:47:26', '2017-01-10 03:47:26'),
	(543, 976, 'Voluptatem est beatae sit quas. Cupiditate pariatur vero ea alias accusantium cum.', '2017-01-10 03:47:26', '2017-01-10 03:47:26'),
	(544, 629, 'Est beatae consequuntur est quo exercitationem iure illo. Dolor dolores unde expedita rerum. Eum iure dolorum et dolore. Et fuga et pariatur perspiciatis debitis.', '2017-01-10 03:47:26', '2017-01-10 03:47:26'),
	(545, 568, 'Error voluptates quia voluptatem harum reiciendis inventore. Dolorum iusto autem eveniet excepturi rerum eius qui ut. Qui sed ut qui aut expedita fuga amet.', '2017-01-10 03:47:26', '2017-01-10 03:47:26'),
	(546, 787, 'Officiis veritatis autem optio. Rerum est quia quia ut et quaerat vel. Placeat distinctio consequatur pariatur. Dolor sint dolorem et rerum dolorum tenetur. Sapiente earum velit harum aperiam.', '2017-01-10 03:47:27', '2017-01-10 03:47:27'),
	(547, 820, 'In velit quia iure. Dolores eius neque tempora dolorem adipisci enim omnis. Cupiditate ipsa sunt doloribus quibusdam atque. Distinctio modi qui rerum occaecati atque asperiores.', '2017-01-10 03:47:27', '2017-01-10 03:47:27'),
	(548, 655, 'Atque aut praesentium qui facere distinctio eaque vero. Repellat laborum tempore ut eveniet ad ex voluptatem. Dolore repellendus non doloribus illum.', '2017-01-10 03:47:27', '2017-01-10 03:47:27'),
	(549, 969, 'Est commodi accusamus rerum consequatur aut. Perferendis quia rerum odio dicta autem suscipit iusto incidunt. Sequi porro aut officia debitis hic dolore. Molestias quam cum perspiciatis optio nulla vero quae consectetur.', '2017-01-10 03:47:27', '2017-01-10 03:47:27'),
	(550, 947, 'Quia est ea dolores id velit. Qui et et tempore ut sed impedit. Qui odit reiciendis voluptas maxime quia.', '2017-01-10 03:47:27', '2017-01-10 03:47:27'),
	(551, 955, 'Et eligendi nobis quibusdam adipisci laborum dolores. Rerum assumenda rerum excepturi deleniti temporibus. Aliquam in animi vitae eligendi voluptatem mollitia. Quisquam ipsa dicta aut eum tempore maiores velit.', '2017-01-10 03:47:27', '2017-01-10 03:47:27'),
	(552, 701, 'Dolor dicta excepturi atque. Perspiciatis ut soluta laudantium non eligendi molestiae qui.', '2017-01-10 03:47:27', '2017-01-10 03:47:27'),
	(553, 709, 'Quam non magnam vero enim repellat. Non aspernatur ducimus ea quae quia aliquid. Omnis voluptatem voluptates nulla quas. Vitae commodi distinctio saepe assumenda qui saepe.', '2017-01-10 03:47:28', '2017-01-10 03:47:28'),
	(554, 646, 'Et ipsam fugiat dolores quaerat et necessitatibus possimus. Magnam ut est mollitia sapiente et et mollitia aspernatur. Eligendi iste qui nobis voluptas aspernatur non.', '2017-01-10 03:47:28', '2017-01-10 03:47:28'),
	(555, 739, 'Placeat nam aut quo optio sed debitis. Et iste sunt saepe ut. Minima ut hic magnam rerum ipsum praesentium recusandae.', '2017-01-10 03:47:28', '2017-01-10 03:47:28'),
	(556, 905, 'Fugiat ut sunt sit quod impedit rem. Labore atque et natus maxime officiis sapiente. Aut numquam vitae ab deleniti enim quia sit culpa.', '2017-01-10 03:47:29', '2017-01-10 03:47:29'),
	(557, 636, 'Deserunt quo fugiat aperiam ut ut quia aut. Nostrum omnis eius voluptatem eos. Ea error reprehenderit et architecto facilis ratione dicta explicabo. Debitis cumque alias iusto ut quisquam mollitia.', '2017-01-10 03:47:29', '2017-01-10 03:47:29'),
	(558, 866, 'Corporis dolor sint iste voluptatem error. Voluptatem qui ratione aperiam et quia. Ad consectetur odit magni laudantium minus inventore. Id ut id architecto optio cupiditate veritatis.', '2017-01-10 03:47:29', '2017-01-10 03:47:29'),
	(559, 515, 'Eligendi in a corrupti temporibus. Dignissimos adipisci hic dolores et.', '2017-01-10 03:47:29', '2017-01-10 03:47:29'),
	(560, 721, 'Est voluptates nihil quis neque facere dolorem laborum labore. Dolor et libero ut cupiditate. Sint pariatur est officia officia eum.', '2017-01-10 03:47:30', '2017-01-10 03:47:30'),
	(561, 698, 'Sed ut consequatur quia esse nihil et accusantium. Autem tempora laborum quo pariatur vitae aut similique. Perspiciatis sunt dolorum id unde veritatis asperiores.', '2017-01-10 03:47:30', '2017-01-10 03:47:30'),
	(562, 862, 'In deserunt consectetur dolore facere non. Sit officiis aliquam odio at omnis consequatur qui. Dolorem molestiae cumque ex adipisci. Maiores et sint veniam sed vitae possimus.', '2017-01-10 03:47:31', '2017-01-10 03:47:31'),
	(563, 761, 'Omnis ipsum et ex velit nemo qui deserunt. Ut facere qui velit explicabo blanditiis expedita voluptatibus. Quo rerum nihil sunt rem aliquid rem. Debitis nobis ut eos ut sunt ut.', '2017-01-10 03:47:31', '2017-01-10 03:47:31'),
	(564, 701, 'Eaque suscipit quo mollitia quia reprehenderit suscipit perspiciatis. Sequi illum mollitia quidem voluptas molestiae omnis.', '2017-01-10 03:47:31', '2017-01-10 03:47:31'),
	(565, 585, 'Iure aut exercitationem qui. Harum voluptas alias deleniti error recusandae. Dolorem exercitationem nisi facilis ab. Delectus consectetur neque aliquam officiis.', '2017-01-10 03:47:31', '2017-01-10 03:47:31'),
	(566, 938, 'Nisi velit eos ut officiis. Omnis enim quod sapiente officiis neque impedit. Aspernatur ipsa perspiciatis occaecati amet officiis labore.', '2017-01-10 03:47:31', '2017-01-10 03:47:31'),
	(567, 577, 'Aut non accusantium ut quaerat quos. Rerum dignissimos ut quo delectus. In laboriosam est soluta vero. Molestiae sequi et aperiam. Qui quibusdam atque id quis aut.', '2017-01-10 03:47:32', '2017-01-10 03:47:32'),
	(568, 790, 'Eveniet harum quibusdam enim nam voluptas. Ex amet at velit unde quas hic itaque. Recusandae rem officia magnam vero dolorem corrupti.', '2017-01-10 03:47:32', '2017-01-10 03:47:32'),
	(569, 622, 'Accusamus esse quis in nemo sed labore ab. Ea exercitationem culpa repellat odio ea suscipit. In aliquid facilis nulla nam maiores.', '2017-01-10 03:47:32', '2017-01-10 03:47:32'),
	(570, 506, 'Ullam quis voluptate aut magnam ea eveniet. Omnis sed architecto ut dolores repudiandae exercitationem a sed. Suscipit adipisci qui praesentium impedit voluptates qui. Eum dolorum accusantium dolorem molestiae quo ab.', '2017-01-10 03:47:32', '2017-01-10 03:47:32'),
	(571, 705, 'Unde velit sed dolores est. Pariatur architecto sapiente sequi laborum. Veritatis non quia odio explicabo. Distinctio ea aut corporis excepturi. Accusantium rerum sit et.', '2017-01-10 03:47:32', '2017-01-10 03:47:32'),
	(572, 929, 'Non cupiditate officiis ipsam exercitationem laudantium. Sit assumenda dolores voluptates hic sapiente. Est harum recusandae animi et.', '2017-01-10 03:47:33', '2017-01-10 03:47:33'),
	(573, 818, 'Consequatur occaecati inventore ea qui quos blanditiis et. Ex ratione eveniet nesciunt distinctio dolorum error dolores quam. Fugit eum error est quis. Iusto est tempore ut non.', '2017-01-10 03:47:33', '2017-01-10 03:47:33'),
	(574, 549, 'Aspernatur corrupti qui voluptate maxime a numquam. Sunt mollitia numquam expedita et consequuntur sint laboriosam. Dolorem quia reprehenderit nobis adipisci fuga enim. Non laboriosam illo commodi culpa aperiam.', '2017-01-10 03:47:33', '2017-01-10 03:47:33'),
	(575, 670, 'Harum dignissimos fuga praesentium ut. Omnis harum dolore labore nihil. Quaerat similique nostrum velit tempora est atque inventore.', '2017-01-10 03:47:33', '2017-01-10 03:47:33'),
	(576, 887, 'Et minima voluptates sit laudantium est nesciunt aliquid. Veniam et voluptatem aut quia omnis. Eius unde quasi non nesciunt eos officiis. Et soluta sed asperiores molestias blanditiis dolores quibusdam ex. Exercitationem molestiae incidunt voluptatem dict', '2017-01-10 03:47:33', '2017-01-10 03:47:33'),
	(577, 536, 'Perferendis voluptas voluptatibus esse perspiciatis quibusdam unde. Voluptatem qui quae adipisci temporibus ipsa nulla fugit cupiditate. Tenetur adipisci porro officiis in natus exercitationem sequi.', '2017-01-10 03:47:33', '2017-01-10 03:47:33'),
	(578, 554, 'Rerum molestias distinctio veniam repellendus voluptate. Et hic nobis ea dolorum expedita autem. Reiciendis voluptates eos ut quis praesentium. Ipsam voluptatibus ex libero officiis.', '2017-01-10 03:47:33', '2017-01-10 03:47:33'),
	(579, 505, 'Ducimus delectus rerum omnis itaque quia nihil provident voluptate. Id itaque quia et possimus modi ea sint explicabo. Numquam dolor quod sit saepe consectetur qui. Iure assumenda quia voluptatibus vero laborum aut animi dolorem.', '2017-01-10 03:47:33', '2017-01-10 03:47:33'),
	(580, 943, 'Voluptatem impedit officia numquam voluptatem architecto quasi unde. Vero iste beatae assumenda quo accusantium dolorum. Enim et non saepe sapiente.', '2017-01-10 03:47:33', '2017-01-10 03:47:33'),
	(581, 615, 'Repudiandae asperiores commodi quae provident porro. Temporibus atque reiciendis et voluptatem officia et autem. Maxime ut vel similique.', '2017-01-10 03:47:33', '2017-01-10 03:47:33'),
	(582, 740, 'Eum nesciunt dolor alias odio dolorem asperiores mollitia. Quod consequatur voluptas corporis voluptatum vel facilis. Et sit numquam mollitia nesciunt sapiente et. Aut iure dolore dolorem. Quod fuga non dolores amet vero sunt.', '2017-01-10 03:47:34', '2017-01-10 03:47:34'),
	(583, 986, 'Officiis explicabo saepe consequatur aut quaerat placeat eius dolor. Nihil eos corrupti eaque aut repudiandae. Beatae consectetur nihil accusantium eveniet.', '2017-01-10 03:47:34', '2017-01-10 03:47:34'),
	(584, 837, 'Commodi quas explicabo modi incidunt qui blanditiis libero. Omnis asperiores qui est odio ea. Amet qui ad occaecati doloremque optio.', '2017-01-10 03:47:34', '2017-01-10 03:47:34'),
	(585, 925, 'Possimus magnam nesciunt occaecati quibusdam. Temporibus sit voluptas minus qui sunt sapiente maxime. Voluptas tempore voluptatum et et. Ut laboriosam et commodi aut.', '2017-01-10 03:47:34', '2017-01-10 03:47:34'),
	(586, 645, 'Blanditiis delectus maiores est nostrum. Beatae nemo voluptatem esse sit sint soluta perferendis. Voluptate nemo sed qui fuga earum aspernatur fuga. In corrupti eos sed nemo. Dolores ex sint reprehenderit esse voluptate iusto.', '2017-01-10 03:47:34', '2017-01-10 03:47:34'),
	(587, 904, 'Aperiam dolorem nemo laborum. Velit esse neque maxime quo aut nulla maiores dolor. Nobis aut praesentium mollitia sed eum. Minus ut ipsum sint aliquid esse rerum. Autem accusamus qui enim officiis tenetur aut in et.', '2017-01-10 03:47:34', '2017-01-10 03:47:34'),
	(588, 596, 'Quod voluptatum culpa amet velit sit. Consectetur nostrum maxime ducimus aut. Autem rem eaque magni reiciendis reprehenderit. Cum tenetur dicta ea rerum possimus soluta.', '2017-01-10 03:47:35', '2017-01-10 03:47:35'),
	(589, 998, 'Fugit temporibus sequi laboriosam ullam facere. Et ut ipsa nulla et rerum ducimus eum. Eum vel et ex ut. Reiciendis necessitatibus cupiditate impedit consequatur consequuntur voluptatum aliquam assumenda.', '2017-01-10 03:47:35', '2017-01-10 03:47:35'),
	(590, 799, 'Officiis assumenda natus ea nihil. Ipsum dolorum ut maxime qui omnis nihil. Necessitatibus et molestiae cumque molestiae. Eius temporibus cupiditate assumenda aspernatur eveniet cumque.', '2017-01-10 03:47:35', '2017-01-10 03:47:35'),
	(591, 542, 'Id veniam explicabo ex id voluptatem omnis sit delectus. Et velit veniam quasi et earum. Eum et debitis omnis suscipit saepe ut corrupti.', '2017-01-10 03:47:35', '2017-01-10 03:47:35'),
	(592, 568, 'Ex distinctio dolores explicabo reprehenderit. Qui nihil qui voluptate ut. Sapiente iusto qui a laboriosam. Voluptas non quia aspernatur aliquam.', '2017-01-10 03:47:35', '2017-01-10 03:47:35'),
	(593, 599, 'Minima impedit sit temporibus cumque non et ullam. Id velit officia perspiciatis voluptatibus. Vel doloribus assumenda ipsum et aut et nihil.', '2017-01-10 03:47:35', '2017-01-10 03:47:35'),
	(594, 861, 'Sit cum id in alias. Sed fugiat ut recusandae odio itaque voluptas maxime qui. Explicabo accusantium amet quo atque provident neque impedit.', '2017-01-10 03:47:35', '2017-01-10 03:47:35'),
	(595, 838, 'Nisi est ipsum pariatur rerum incidunt. Voluptas repellat molestias eos. Excepturi ut libero dolorum est eum dolore enim. Sint voluptas asperiores fuga ea alias fugit.', '2017-01-10 03:47:36', '2017-01-10 03:47:36'),
	(596, 776, 'Necessitatibus necessitatibus sed ducimus in ullam. Quas quo non voluptas et tempore dolor totam. Ipsa voluptas maiores rem.', '2017-01-10 03:47:36', '2017-01-10 03:47:36'),
	(597, 855, 'Officiis et accusantium provident dolor excepturi. Ullam voluptatibus facere soluta repellendus. Ut excepturi aut optio perferendis nobis fugiat. Quia veniam beatae dolores praesentium quidem pariatur.', '2017-01-10 03:47:37', '2017-01-10 03:47:37'),
	(598, 871, 'Tenetur ipsa consequatur laborum ut doloremque. Iusto est sit minima saepe fuga. At quam perferendis ipsam voluptatem tenetur quis magni tempore. Dicta ratione excepturi totam voluptate ipsum sunt impedit eos.', '2017-01-10 03:47:37', '2017-01-10 03:47:37'),
	(599, 570, 'Atque non dolor est est facilis. Possimus nihil qui maxime maiores nesciunt pariatur eos. Suscipit nobis quos nobis labore ut qui eos. Vitae labore qui ut harum necessitatibus error in.', '2017-01-10 03:47:37', '2017-01-10 03:47:37'),
	(600, 969, 'Vel et adipisci laboriosam explicabo ut reiciendis. Maiores non consequatur ut doloremque. Quidem velit dolorem dolores qui odit.', '2017-01-10 03:47:37', '2017-01-10 03:47:37'),
	(601, 753, 'Eligendi hic dolore est necessitatibus dignissimos. Error maxime vel velit aut nulla accusamus. Esse numquam qui voluptate neque exercitationem dicta.', '2017-01-10 03:47:37', '2017-01-10 03:47:37'),
	(602, 999, 'Beatae sit sed doloremque harum doloremque nobis. Aperiam est nulla fugiat autem quibusdam itaque laudantium. Modi fugit praesentium dolor dolorem expedita nisi impedit.', '2017-01-10 03:47:37', '2017-01-10 03:47:37'),
	(603, 550, 'Eum sint dolor expedita voluptatem nisi rem omnis. Voluptatem fuga voluptatibus voluptas alias vero quo. Quis aperiam omnis consequatur doloremque. Et et totam labore et et voluptatem.', '2017-01-10 03:47:37', '2017-01-10 03:47:37'),
	(604, 880, 'Iste quos aspernatur illum adipisci et molestiae. Facere odit consequatur repellat et. Ipsa recusandae aliquid magnam debitis.', '2017-01-10 03:47:37', '2017-01-10 03:47:37'),
	(605, 943, 'Libero cupiditate impedit fugit voluptatem. Omnis quod aut dolorem eveniet blanditiis incidunt. Veritatis sit eos nesciunt facilis magni beatae.', '2017-01-10 03:47:37', '2017-01-10 03:47:37'),
	(606, 931, 'Et et illo voluptatem qui. Cum nobis in eaque sed. Rem rerum voluptatem aut ut. Facilis odit in voluptatum aut possimus qui. Facere consequatur ut et est.', '2017-01-10 03:47:38', '2017-01-10 03:47:38'),
	(607, 769, 'Minus et adipisci praesentium. Ducimus suscipit iure dolor quod. Aliquid in minus totam quod voluptas. Illum excepturi aut aut consequatur et debitis culpa.', '2017-01-10 03:47:38', '2017-01-10 03:47:38'),
	(608, 585, 'Repellat est voluptatem porro nostrum soluta assumenda est. Maxime ut eligendi illum nisi. Totam nemo commodi dolorem in qui voluptas dolor. Totam laboriosam dolore sit maiores ab ex. Hic aut molestiae est ut enim ipsum.', '2017-01-10 03:47:38', '2017-01-10 03:47:38'),
	(609, 686, 'Tempore beatae amet ea amet unde fugit dolores occaecati. Molestias officiis illum sint facere velit architecto ut debitis. Autem quia aut facilis non quae. Esse sunt aut officiis est earum velit aperiam.', '2017-01-10 03:47:38', '2017-01-10 03:47:38'),
	(610, 535, 'Eum et ut et quidem ducimus. Sapiente fugit natus quis odit asperiores fugiat. Eos qui et est accusamus harum.', '2017-01-10 03:47:38', '2017-01-10 03:47:38'),
	(611, 517, 'Possimus tenetur ea et autem. Laudantium iure dignissimos sit et veritatis cumque consequatur voluptas. Aliquid fugit est dicta laborum.', '2017-01-10 03:47:38', '2017-01-10 03:47:38'),
	(612, 766, 'Ea alias quia aut perspiciatis. Nesciunt necessitatibus sit architecto molestias odit vitae distinctio. Et asperiores similique voluptatem animi ab ad quidem.', '2017-01-10 03:47:38', '2017-01-10 03:47:38'),
	(613, 793, 'Voluptatem ratione voluptas maiores amet cupiditate. Cupiditate et quos quisquam vel corporis. Esse laborum voluptas occaecati dolores.', '2017-01-10 03:47:39', '2017-01-10 03:47:39'),
	(614, 826, 'Ratione dicta asperiores cumque. Quia eum incidunt fuga consectetur. Placeat sapiente eius eum non. Velit adipisci eaque iusto culpa atque voluptas.', '2017-01-10 03:47:39', '2017-01-10 03:47:39'),
	(615, 999, 'Debitis ad consequuntur quas molestiae voluptate vero ut. Et qui repellat ut quae mollitia voluptatem laudantium. Est facilis ut quas vitae repellat. Officia error iusto facilis natus iste saepe rerum.', '2017-01-10 03:47:39', '2017-01-10 03:47:39'),
	(616, 899, 'Unde voluptatem soluta unde consequatur. Rem rerum blanditiis temporibus ex. Amet doloremque vel quod eos iste. Officia dolorem reiciendis quo culpa et earum.', '2017-01-10 03:47:39', '2017-01-10 03:47:39'),
	(617, 796, 'Omnis maiores dolores dolores accusantium. Eos est eveniet excepturi quis rerum. Molestiae ad eligendi sint eius iste. Blanditiis sit debitis qui magni ea ex animi voluptatem.', '2017-01-10 03:47:39', '2017-01-10 03:47:39'),
	(618, 926, 'Corrupti quidem neque iusto ullam qui eos. Dolore mollitia dicta rerum porro molestiae doloremque aut. Sunt quos porro et voluptatibus. Ut suscipit et impedit nostrum.', '2017-01-10 03:47:40', '2017-01-10 03:47:40'),
	(619, 903, 'Tempore laborum facere aperiam nisi ut quo. Sapiente et quod aliquid nesciunt. Repudiandae animi perferendis enim voluptas ducimus id optio.', '2017-01-10 03:47:40', '2017-01-10 03:47:40'),
	(620, 703, 'Minus alias asperiores voluptas quos eius minus. Voluptate beatae dolor quia. Sint nihil cumque odit. Ipsa assumenda odit voluptas.', '2017-01-10 03:47:40', '2017-01-10 03:47:40'),
	(621, 708, 'Id porro sapiente reiciendis dolor. Officia rerum quas molestiae tempore voluptatem. Dolores excepturi sequi architecto modi voluptatem eaque. Incidunt pariatur voluptatibus ut qui qui quis.', '2017-01-10 03:47:40', '2017-01-10 03:47:40'),
	(622, 985, 'Quos sit esse dolores quod. Cupiditate magnam blanditiis voluptatem unde dolore deserunt. Veritatis quis provident aut aliquam.', '2017-01-10 03:47:40', '2017-01-10 03:47:40'),
	(623, 689, 'Dolorem veniam et iste doloribus. Beatae ipsam eveniet earum qui ut. Reprehenderit accusamus iusto est ad vel similique.', '2017-01-10 03:47:40', '2017-01-10 03:47:40'),
	(624, 729, 'Rerum consequatur quisquam et voluptatem. Quia nihil molestiae illum molestias. Molestiae sed qui velit a quibusdam harum.', '2017-01-10 03:47:40', '2017-01-10 03:47:40'),
	(625, 730, 'Sed deleniti explicabo voluptas modi eius. Maiores voluptate quam a totam et.', '2017-01-10 03:47:40', '2017-01-10 03:47:40'),
	(626, 743, 'Facilis a minima praesentium praesentium quo. Reprehenderit et quia autem a tempora quam. Eveniet laudantium vel velit id vel dignissimos ex. Beatae velit quis dicta cupiditate ut. Incidunt aut culpa voluptates assumenda nulla et.', '2017-01-10 03:47:41', '2017-01-10 03:47:41'),
	(627, 597, 'Quis nam nisi cumque eos. Quo est eos labore molestiae quasi suscipit deleniti. Voluptas id voluptas nam.', '2017-01-10 03:47:41', '2017-01-10 03:47:41'),
	(628, 797, 'Ex sit culpa et id vel. Soluta neque magnam consequatur beatae. Quaerat suscipit laborum doloremque est harum ut ipsa.', '2017-01-10 03:47:41', '2017-01-10 03:47:41'),
	(629, 581, 'Nemo facere nisi est rerum quod perferendis. Non molestiae sit expedita ut facere.', '2017-01-10 03:47:41', '2017-01-10 03:47:41'),
	(630, 601, 'Est optio qui omnis qui. Est qui ex voluptas ea facere sit aut. Corrupti et laudantium sint eius. Porro nemo architecto eum doloremque perspiciatis ea ut.', '2017-01-10 03:47:41', '2017-01-10 03:47:41'),
	(631, 870, 'Alias porro ut corporis in minus. Quibusdam laudantium dolorem veritatis sequi quia ut. Sit quas debitis et ut animi reiciendis eum. Eum voluptatem saepe ratione in deserunt.', '2017-01-10 03:47:41', '2017-01-10 03:47:41'),
	(632, 686, 'Quo voluptas delectus explicabo non dolorem. Nulla ut ipsam molestiae voluptas quibusdam amet eligendi.', '2017-01-10 03:47:41', '2017-01-10 03:47:41'),
	(633, 759, 'Adipisci corporis rerum voluptatem reiciendis. Ipsa et accusamus aut eaque qui. Harum dolorem eaque aut quo. Perspiciatis delectus ea et blanditiis.', '2017-01-10 03:47:41', '2017-01-10 03:47:41'),
	(634, 680, 'Fuga et quaerat impedit eius recusandae minus. Nobis recusandae dolorem inventore pariatur at. Qui ut in et nostrum autem. Delectus soluta quasi modi qui veniam.', '2017-01-10 03:47:41', '2017-01-10 03:47:41'),
	(635, 510, 'Consequuntur ipsam deserunt illum facilis rerum. Nihil voluptas velit omnis nihil ut. Sed vel adipisci similique et. Modi maiores animi consequatur ea.', '2017-01-10 03:47:42', '2017-01-10 03:47:42'),
	(636, 684, 'Aut hic id aperiam. Iure tenetur quia ab veritatis aliquid doloremque ab illo. Nihil magni at distinctio sapiente. Natus temporibus ut corrupti debitis.', '2017-01-10 03:47:42', '2017-01-10 03:47:42'),
	(637, 977, 'Et in rerum laboriosam rerum quia. Vel optio a ea ex quod. Dolorem omnis itaque veniam aut dolores corrupti.', '2017-01-10 03:47:42', '2017-01-10 03:47:42'),
	(638, 508, 'Commodi qui qui accusamus iure voluptatibus nulla. Magni eveniet ipsam non. Maxime quo ullam sapiente hic.', '2017-01-10 03:47:42', '2017-01-10 03:47:42'),
	(639, 816, 'Sit sunt ex qui recusandae nostrum dolor quis. Neque dicta dolor est ut reiciendis. Natus ullam vero ut et sunt quis.', '2017-01-10 03:47:42', '2017-01-10 03:47:42'),
	(640, 767, 'Magnam doloremque ad nihil et laudantium architecto. Voluptas et qui sunt eos et eligendi at dolores. Veritatis pariatur est voluptatum porro aspernatur itaque dolores consequatur. Neque accusantium molestiae dolores adipisci aliquid non.', '2017-01-10 03:47:42', '2017-01-10 03:47:42'),
	(641, 715, 'Reprehenderit praesentium dignissimos assumenda perspiciatis est. Nesciunt aut suscipit quam voluptatum vel. Quasi fuga voluptatibus dignissimos ab rerum aut nulla. Pariatur quia omnis qui delectus. Est iusto ut consequatur rerum aperiam atque.', '2017-01-10 03:47:42', '2017-01-10 03:47:42'),
	(642, 711, 'Eum tempore voluptatem veritatis quia. Ipsa deleniti aut aut vel mollitia quis explicabo omnis. Sint occaecati sed quaerat consectetur itaque quisquam. Magnam modi nemo praesentium facilis.', '2017-01-10 03:47:42', '2017-01-10 03:47:42'),
	(643, 580, 'Est consequatur dicta enim et neque. Et voluptatibus voluptatem autem eaque fuga sit repudiandae.', '2017-01-10 03:47:43', '2017-01-10 03:47:43'),
	(644, 717, 'Rerum voluptas eos cum qui earum laudantium illo. Perferendis incidunt ut et labore optio numquam. Tempore omnis quidem aperiam consequatur autem. In impedit explicabo cumque quo ex aperiam.', '2017-01-10 03:47:43', '2017-01-10 03:47:43'),
	(645, 994, 'Velit quia accusantium itaque. Quo odit vel incidunt voluptas.', '2017-01-10 03:47:43', '2017-01-10 03:47:43'),
	(646, 598, 'Reiciendis voluptas aperiam eveniet architecto et. Et adipisci sapiente impedit explicabo quod illo atque qui. Quaerat sunt natus aut sunt. Aliquid pariatur alias deserunt ducimus. Eius non vitae et cum.', '2017-01-10 03:47:43', '2017-01-10 03:47:43'),
	(647, 533, 'Dolores nulla corrupti itaque dolorum voluptates beatae corporis. Optio architecto odio atque non ut voluptatem. Nulla aliquam quo dolor fugiat aspernatur at. Molestiae minima quidem beatae dolor.', '2017-01-10 03:47:43', '2017-01-10 03:47:43'),
	(648, 742, 'Non dicta iste iusto tempora. Consequuntur est expedita totam. Autem asperiores modi aut ratione est.', '2017-01-10 03:47:43', '2017-01-10 03:47:43'),
	(649, 550, 'Quia qui rerum aut magni qui illum nesciunt. Ut sint culpa cupiditate incidunt eaque. Omnis dolorum non minima in ut. Dolorum voluptas aut qui.', '2017-01-10 03:47:43', '2017-01-10 03:47:43'),
	(650, 856, 'Hic itaque eum rem nulla. Delectus esse asperiores sit mollitia.', '2017-01-10 03:47:43', '2017-01-10 03:47:43'),
	(651, 862, 'Dolor sed corporis neque quia qui ut in voluptate. Et aut et et. Quos voluptatem veritatis ut omnis cum deserunt. Maiores sint ipsa quisquam et dolor voluptatem. Animi accusamus animi est.', '2017-01-10 03:47:43', '2017-01-10 03:47:43'),
	(652, 831, 'Voluptatem dolorem repellat dolores harum reiciendis. Commodi voluptatem eos dolorem sint earum. Tenetur cupiditate rerum consequuntur sunt iste.', '2017-01-10 03:47:43', '2017-01-10 03:47:43'),
	(653, 613, 'Eligendi magni tempore similique aut voluptatem. Iste veniam amet delectus nobis. Quisquam ipsam eos laudantium et. Possimus magnam sequi labore veritatis porro facilis.', '2017-01-10 03:47:44', '2017-01-10 03:47:44'),
	(654, 927, 'Ullam id commodi aliquam est culpa optio. Rerum asperiores nisi ad. Sapiente eius ut omnis tenetur. Eum doloribus voluptatum a sit eos et culpa.', '2017-01-10 03:47:44', '2017-01-10 03:47:44'),
	(655, 792, 'Qui quae quam nihil delectus atque dolorem alias. Quae illum aut aut id nam ipsum inventore blanditiis.', '2017-01-10 03:47:44', '2017-01-10 03:47:44'),
	(656, 654, 'Similique eligendi molestias excepturi. Ad autem a sequi ut sunt saepe. Reprehenderit voluptatem aperiam repellat aperiam dolore debitis. Distinctio mollitia autem nobis ut culpa perferendis.', '2017-01-10 03:47:44', '2017-01-10 03:47:44'),
	(657, 794, 'Quaerat tempora minus consequatur delectus distinctio quis. Iste et repellendus eos consectetur sed nesciunt sit tenetur. Dolorem autem nam deleniti dolor aut.', '2017-01-10 03:47:44', '2017-01-10 03:47:44'),
	(658, 630, 'Beatae saepe ut quidem qui a similique id. Et quia odio fugiat. Ea eaque sed modi nemo asperiores.', '2017-01-10 03:47:44', '2017-01-10 03:47:44'),
	(659, 914, 'Qui sunt consequatur laudantium aut quidem autem repellendus. Omnis dolore deleniti impedit consectetur distinctio commodi deserunt. Impedit ipsum nam doloremque.', '2017-01-10 03:47:44', '2017-01-10 03:47:44'),
	(660, 835, 'Nesciunt maxime ipsam quasi amet sint odit ducimus dolorem. Consectetur natus fugiat sunt molestiae. Nam dolorem esse dignissimos exercitationem qui quia.', '2017-01-10 03:47:44', '2017-01-10 03:47:44'),
	(661, 541, 'Ab ut ut nobis. Sunt rerum sed reprehenderit nesciunt aspernatur.', '2017-01-10 03:47:45', '2017-01-10 03:47:45'),
	(662, 855, 'Eum recusandae ut recusandae quia. Illo pariatur vel sit rerum praesentium. Quia consequatur quia atque quod. Aliquid praesentium voluptatem quia est minus fugiat.', '2017-01-10 03:47:45', '2017-01-10 03:47:45'),
	(663, 680, 'Est est eum deleniti ipsam iusto consequuntur id. Iste atque qui dicta quaerat.', '2017-01-10 03:47:45', '2017-01-10 03:47:45'),
	(664, 905, 'Fugit quisquam sunt doloribus labore. Voluptatum nesciunt et sapiente autem sequi ut aut. Dignissimos consequatur modi quis natus soluta explicabo sequi. Corporis aut quasi non error.', '2017-01-10 03:47:45', '2017-01-10 03:47:45'),
	(665, 504, 'Beatae voluptatem rem provident et molestiae. Autem quae odio maxime at veniam. Modi accusantium dolorum cum ut.', '2017-01-10 03:47:45', '2017-01-10 03:47:45'),
	(666, 611, 'Consequuntur impedit qui in earum ut ad beatae. Suscipit soluta a est maiores eius reiciendis iste soluta. Qui eaque rem non excepturi quae minima numquam optio. A ea reiciendis optio optio esse.', '2017-01-10 03:47:45', '2017-01-10 03:47:45'),
	(667, 516, 'Qui aut corrupti animi aut et. Quidem harum autem veniam rem maiores nobis nesciunt. Qui fuga est sit est. Voluptas nemo numquam veritatis voluptatem provident.', '2017-01-10 03:47:45', '2017-01-10 03:47:45'),
	(668, 753, 'Excepturi deserunt doloribus quo. Saepe possimus vel nisi architecto in distinctio illum. Quis voluptatum et fugit voluptatibus et natus. Ex corrupti dolorem tenetur consequatur sequi omnis molestias fugiat.', '2017-01-10 03:47:45', '2017-01-10 03:47:45'),
	(669, 510, 'Minima dolores laborum commodi voluptas. Nihil voluptas necessitatibus ut placeat culpa. Veritatis quibusdam dolorem eaque velit sit.', '2017-01-10 03:47:46', '2017-01-10 03:47:46'),
	(670, 503, 'Iusto labore hic accusantium distinctio reiciendis perferendis cum quos. Eos molestiae sed porro ut repudiandae facilis est qui. Soluta omnis eligendi labore quae. Et tenetur beatae ipsam doloremque et corrupti.', '2017-01-10 03:47:46', '2017-01-10 03:47:46'),
	(671, 891, 'Veritatis et ad adipisci minus. Dolores sapiente quis est itaque. In dolore quis aut id eius mollitia voluptates.', '2017-01-10 03:47:46', '2017-01-10 03:47:46'),
	(672, 843, 'Ut et totam quisquam unde quam aliquid perspiciatis omnis. Quia sed non modi est quam quia. Nulla accusantium minus et nam amet numquam temporibus.', '2017-01-10 03:47:46', '2017-01-10 03:47:46'),
	(673, 548, 'Aut nobis facilis provident iure dolores. Nam neque voluptates delectus. Quis aut fugit non reprehenderit ut aut.', '2017-01-10 03:47:46', '2017-01-10 03:47:46'),
	(674, 816, 'Non ea aut iusto. Iure et perspiciatis laboriosam rem non laudantium. Excepturi aspernatur occaecati voluptatem animi aliquam voluptates. Voluptate quis enim iste mollitia doloribus.', '2017-01-10 03:47:47', '2017-01-10 03:47:47'),
	(675, 706, 'Et ut nulla architecto. Nam placeat nisi voluptatem ut. Quidem est ut qui et. Voluptatem aliquam voluptate quia quo eveniet architecto.', '2017-01-10 03:47:48', '2017-01-10 03:47:48'),
	(676, 714, 'Quasi vitae sint dolor quia. Porro recusandae vel error quam numquam. Et vitae corrupti temporibus.', '2017-01-10 03:47:48', '2017-01-10 03:47:48'),
	(677, 972, 'Non laudantium quasi harum beatae quo vero. Expedita quam voluptatum odit temporibus perferendis sed. Aut rerum omnis quas sunt enim iste. Consequatur dolor aut totam consequatur ut.', '2017-01-10 03:47:48', '2017-01-10 03:47:48'),
	(678, 545, 'Qui repellat cumque vitae aut qui. Non corrupti tempora saepe incidunt aut. Labore quo maiores laudantium animi corrupti ipsa.', '2017-01-10 03:47:48', '2017-01-10 03:47:48'),
	(679, 594, 'Ab sint fuga ea. Et at officia voluptatem eos porro nemo natus. Nemo libero qui sequi cum praesentium voluptatem.', '2017-01-10 03:47:48', '2017-01-10 03:47:48'),
	(680, 976, 'Numquam sed voluptatem eveniet sint autem voluptatem sit rem. Deleniti est iusto voluptate repellendus vitae enim quae adipisci.', '2017-01-10 03:47:48', '2017-01-10 03:47:48'),
	(681, 629, 'Ut mollitia quasi voluptate rem voluptatem at. Iste est quia voluptates ut aut a impedit. Laborum qui omnis quia numquam provident quo quisquam. Aut rem distinctio beatae et.', '2017-01-10 03:47:48', '2017-01-10 03:47:48'),
	(682, 568, 'Dolorem tenetur sed delectus reprehenderit architecto eius. Quia magnam saepe rerum cum est. Cupiditate dolores id tempore accusamus saepe quam fugiat quisquam.', '2017-01-10 03:47:49', '2017-01-10 03:47:49'),
	(683, 787, 'Magni nisi modi ipsum perferendis nobis. Aut quo expedita quidem quas enim reiciendis eius. Aut voluptates fuga corrupti nostrum officiis. Qui voluptatem id enim culpa. Accusantium exercitationem labore dolorum sed voluptatem sit minus tempore.', '2017-01-10 03:47:49', '2017-01-10 03:47:49'),
	(684, 820, 'Enim qui eum est. Eveniet sit voluptas qui ea aut ipsum distinctio nulla. Architecto aspernatur omnis qui veritatis beatae molestiae blanditiis autem.', '2017-01-10 03:47:49', '2017-01-10 03:47:49'),
	(685, 655, 'Ut consequatur excepturi voluptate et dolore laudantium. Libero ut quia aut consequuntur et et. Optio ipsam qui aut qui in. Voluptas voluptas sunt exercitationem iure minima eos.', '2017-01-10 03:47:49', '2017-01-10 03:47:49'),
	(686, 969, 'Quia et vitae dolorem quisquam. Ut placeat autem et sunt.', '2017-01-10 03:47:49', '2017-01-10 03:47:49'),
	(687, 947, 'Error vel aliquid dolor vitae. Blanditiis nemo sint sint veniam autem maxime omnis. Dolorem cupiditate porro sint non et.', '2017-01-10 03:47:49', '2017-01-10 03:47:49'),
	(688, 955, 'Nisi ipsum ab molestiae adipisci ipsa dolore. Provident qui iure dolore maxime eos. Quidem dolor voluptatum reprehenderit perspiciatis eum esse et. In quam tempora quod tempora quidem perspiciatis et.', '2017-01-10 03:47:49', '2017-01-10 03:47:49'),
	(689, 701, 'Vero facilis explicabo qui totam sint sapiente. Qui quam harum cupiditate. Natus est voluptatibus est et fuga deserunt voluptate fugiat. Vitae commodi minima ipsa totam cupiditate et odio.', '2017-01-10 03:47:50', '2017-01-10 03:47:50'),
	(690, 709, 'Iste autem quaerat eaque omnis quia nemo sed dolorem. Rerum officiis nihil qui earum minus. Consequuntur rem illo eum nostrum culpa quo animi. Et ea esse voluptas vel.', '2017-01-10 03:47:50', '2017-01-10 03:47:50'),
	(691, 646, 'Aut ea laudantium fuga esse omnis aut. Vel vel quibusdam consequatur soluta officia. Sint occaecati earum est adipisci consequatur dolor adipisci. Architecto et illum laudantium quaerat rerum tempora alias ut. Cupiditate eius eos dolorem suscipit autem in', '2017-01-10 03:47:50', '2017-01-10 03:47:50'),
	(692, 739, 'Quia sunt praesentium nobis sint illum. Et rerum possimus accusantium. Natus voluptatem blanditiis odio quisquam animi. Corporis sed nobis sit ad iure numquam.', '2017-01-10 03:47:50', '2017-01-10 03:47:50'),
	(693, 905, 'Voluptatem maiores dolores harum magnam enim qui velit. Odio fugit reiciendis officia rerum error atque quia animi. Exercitationem amet voluptatibus quae maiores architecto quia minus veniam.', '2017-01-10 03:47:50', '2017-01-10 03:47:50'),
	(694, 636, 'Quas nisi id sunt illum quis sit qui. Qui expedita cumque voluptatibus beatae et qui consequatur. Cum ipsum facere velit rerum in ipsa. Maxime magni omnis totam autem.', '2017-01-10 03:47:51', '2017-01-10 03:47:51'),
	(695, 866, 'Vel consequuntur ratione tenetur ut. Molestiae sint dignissimos consequuntur exercitationem tenetur voluptas. Voluptatem et sed eos quis corporis autem quaerat. Omnis velit qui quisquam blanditiis nulla.', '2017-01-10 03:47:51', '2017-01-10 03:47:51'),
	(696, 515, 'Neque omnis blanditiis quam veritatis est odio. Sed quos sunt perspiciatis quidem corrupti tempore sapiente.', '2017-01-10 03:47:51', '2017-01-10 03:47:51'),
	(697, 721, 'Et molestiae harum pariatur rerum. Ab officiis ut magnam in explicabo minima. Labore eius fuga repellat sit unde. Voluptatem animi aut ullam consectetur et.', '2017-01-10 03:47:51', '2017-01-10 03:47:51'),
	(698, 698, 'Iure aspernatur consectetur non soluta laudantium tempore quisquam. Recusandae quas cupiditate saepe qui. Et officiis dolor corporis reiciendis nihil. Quae necessitatibus in possimus non.', '2017-01-10 03:47:51', '2017-01-10 03:47:51'),
	(699, 862, 'Totam aut dolorum autem eius magni. Eos iusto labore nihil non. Quisquam commodi odit ad vero enim id qui.', '2017-01-10 03:47:51', '2017-01-10 03:47:51'),
	(700, 761, 'Necessitatibus ad nobis illo quos. Fugit dolorum eaque consequuntur quos nihil officia. Est qui tempora et a cupiditate laborum. Odit dolorem vel numquam ut optio ad.', '2017-01-10 03:47:52', '2017-01-10 03:47:52'),
	(701, 701, 'Omnis accusamus qui commodi beatae repellendus est. Ad voluptatum fugit eaque ipsa. Accusamus itaque et ut ut.', '2017-01-10 03:47:52', '2017-01-10 03:47:52'),
	(702, 585, 'Et suscipit est ullam dolores est aut est. Cum atque similique velit magnam unde ut nam. Est aliquid accusamus aut quibusdam.', '2017-01-10 03:47:52', '2017-01-10 03:47:52'),
	(703, 938, 'Ut vero iusto placeat qui magnam corporis nam. Sit omnis sint architecto consequatur. Cumque voluptates alias debitis impedit sapiente quas. Exercitationem nihil aut vero quo accusamus necessitatibus.', '2017-01-10 03:47:52', '2017-01-10 03:47:52'),
	(704, 577, 'Sint facere laborum libero quod molestiae. Nesciunt sed pariatur eveniet natus adipisci accusamus cumque rerum. Quis odio cumque ea.', '2017-01-10 03:47:52', '2017-01-10 03:47:52'),
	(705, 790, 'Magnam sit non ut. Et voluptatum similique architecto ut. Quia aut iure nihil rerum et qui.', '2017-01-10 03:47:53', '2017-01-10 03:47:53'),
	(706, 622, 'Consequatur id molestias facere voluptates. In dolore recusandae quidem omnis. Consectetur et sequi dolores rerum voluptas voluptas doloribus.', '2017-01-10 03:47:53', '2017-01-10 03:47:53'),
	(707, 506, 'Blanditiis pariatur quia architecto odit maiores. Nesciunt voluptatem minima quo dolorem laudantium eaque eius. Ducimus id et necessitatibus. Tempore necessitatibus tempore sit eius.', '2017-01-10 03:47:53', '2017-01-10 03:47:53'),
	(708, 705, 'Odio non sit excepturi quis. Dolorum eum non non repudiandae et. Reiciendis ex nihil quia delectus. Maiores laboriosam laboriosam enim qui aspernatur hic aut.', '2017-01-10 03:47:53', '2017-01-10 03:47:53'),
	(709, 929, 'Deserunt tenetur illum necessitatibus ut quia. Ullam dolor qui in aut. Placeat et ex est quasi itaque delectus. Id accusantium expedita nemo aut itaque.', '2017-01-10 03:47:53', '2017-01-10 03:47:53'),
	(710, 818, 'Dolore ad nam nesciunt. Tempore quam veritatis doloremque qui accusamus. Perspiciatis excepturi rerum vel et explicabo. Quisquam ad rerum nihil est possimus repudiandae dolore.', '2017-01-10 03:47:53', '2017-01-10 03:47:53'),
	(711, 549, 'Id dolores fuga voluptatem ut libero laboriosam nemo. Ut deserunt non et sit. Ipsam quisquam sequi assumenda magnam eius dicta. Aut sunt a exercitationem ea.', '2017-01-10 03:47:53', '2017-01-10 03:47:53'),
	(712, 670, 'Deserunt dolorum molestiae cum ut vel. Temporibus in saepe consequuntur. Aut a saepe dignissimos qui omnis voluptatum quaerat velit.', '2017-01-10 03:47:53', '2017-01-10 03:47:53'),
	(713, 887, 'Occaecati rem consequatur odit. Eaque non perspiciatis itaque non. Quia dolorum natus neque adipisci est. Quia adipisci numquam et sint.', '2017-01-10 03:47:53', '2017-01-10 03:47:53'),
	(714, 536, 'Rem accusamus velit rem asperiores temporibus. Maxime impedit at placeat corporis hic voluptatibus. Sequi cumque architecto deserunt tenetur.', '2017-01-10 03:47:53', '2017-01-10 03:47:53'),
	(715, 554, 'Et et consequatur doloremque illum. Nisi commodi quam alias quibusdam. Consequatur ea et quae totam vero alias omnis. Nobis temporibus non ut hic aut.', '2017-01-10 03:47:54', '2017-01-10 03:47:54'),
	(716, 505, 'Facere blanditiis quisquam eum est quidem labore. Voluptatibus quibusdam sed rem et. Dolores vel ipsum unde sint. Autem est nihil nihil ut tenetur tenetur.', '2017-01-10 03:47:54', '2017-01-10 03:47:54'),
	(717, 943, 'Aut repudiandae qui officia velit. Et temporibus sapiente consequuntur molestiae unde ut exercitationem. Adipisci officiis veritatis quos voluptatum. Cupiditate laboriosam accusantium vel recusandae.', '2017-01-10 03:47:54', '2017-01-10 03:47:54'),
	(718, 615, 'Nesciunt ut et recusandae tempora eveniet. Odit minus natus nihil quo tempore repellat distinctio. Veritatis numquam et molestias veniam nostrum. Quas ullam at perferendis sint neque omnis impedit.', '2017-01-10 03:47:54', '2017-01-10 03:47:54'),
	(719, 740, 'Suscipit non dolorum enim vel. Dolore enim laborum cupiditate iste. Odit iusto a rem sint.', '2017-01-10 03:47:54', '2017-01-10 03:47:54'),
	(720, 986, 'Veritatis consectetur eligendi ut. Nisi quidem voluptas qui fuga recusandae minus maxime accusantium. Voluptatem qui nobis reprehenderit eaque esse nesciunt quia. Eligendi beatae necessitatibus laudantium aut enim sint sit.', '2017-01-10 03:47:54', '2017-01-10 03:47:54'),
	(721, 837, 'Accusamus aut aut a iure placeat voluptas libero. Accusamus sint quos ducimus et quia aliquam. Praesentium rerum qui incidunt dignissimos. Amet enim laudantium esse ad laudantium placeat quia.', '2017-01-10 03:47:55', '2017-01-10 03:47:55'),
	(722, 925, 'Quasi quia impedit libero omnis. Cumque laboriosam sequi maiores consectetur. Itaque beatae esse rerum libero ab nostrum eveniet.', '2017-01-10 03:47:55', '2017-01-10 03:47:55'),
	(723, 645, 'Aut voluptas distinctio cum sit cum ipsa repudiandae nihil. Voluptatum est commodi adipisci vero voluptas ex. Eveniet eligendi omnis at non.', '2017-01-10 03:47:55', '2017-01-10 03:47:55'),
	(724, 904, 'Ipsa voluptatem et id et nihil vel. Ea est modi officia nisi laudantium. Quam esse soluta quo quia fugiat saepe.', '2017-01-10 03:47:55', '2017-01-10 03:47:55'),
	(725, 596, 'Et quis atque soluta. Eos et voluptatem odio deleniti hic. Reiciendis qui voluptatum velit nihil voluptatem vel.', '2017-01-10 03:47:55', '2017-01-10 03:47:55'),
	(726, 998, 'Quaerat atque et labore amet. Nam ut minus qui nihil sunt sint. Perferendis cupiditate nihil ea aspernatur. Nulla omnis autem aut molestias est.', '2017-01-10 03:47:56', '2017-01-10 03:47:56'),
	(727, 799, 'Officiis quis occaecati rerum error nostrum odit. Quia ut consequatur nihil consequatur debitis. Velit nostrum voluptas enim rerum.', '2017-01-10 03:47:56', '2017-01-10 03:47:56'),
	(728, 542, 'Dignissimos ipsa consequatur optio accusantium fuga et. Ut optio veritatis est consequuntur facilis illum. Eum recusandae molestiae maxime blanditiis suscipit consectetur enim.', '2017-01-10 03:47:56', '2017-01-10 03:47:56'),
	(729, 568, 'Neque magnam omnis exercitationem possimus. Nihil non aspernatur animi minus eius quas natus quisquam.', '2017-01-10 03:47:56', '2017-01-10 03:47:56'),
	(730, 599, 'Illo dignissimos eos quia voluptates voluptatum nostrum beatae. Facere et aliquid ut. Architecto earum nihil ratione. Sed adipisci deleniti praesentium quidem velit sed odit.', '2017-01-10 03:47:56', '2017-01-10 03:47:56'),
	(731, 861, 'Magni quia quia vero necessitatibus eligendi error. Aperiam occaecati sunt officia nostrum delectus aspernatur ipsam. Assumenda non sit dolores fuga pariatur delectus. Odio veniam qui quo odit. Corporis omnis tempora dolorem vel.', '2017-01-10 03:47:57', '2017-01-10 03:47:57'),
	(732, 838, 'Distinctio libero pariatur cupiditate itaque quis. Ut hic voluptates aspernatur possimus. Autem nulla dolorem odit occaecati tempora. Atque ipsa id excepturi molestiae vitae. Inventore ipsum labore magnam facere occaecati aut quia.', '2017-01-10 03:47:57', '2017-01-10 03:47:57'),
	(733, 776, 'Harum est culpa quia totam quidem illum id harum. Voluptas in accusamus voluptates. Quia et qui ut debitis saepe sed cum et.', '2017-01-10 03:47:57', '2017-01-10 03:47:57'),
	(734, 855, 'Delectus laudantium reprehenderit provident vel ut. Est similique voluptas voluptatibus sunt voluptatem velit sapiente odio. Animi est et tenetur qui cum consequatur suscipit. Sunt nisi enim maiores optio.', '2017-01-10 03:47:57', '2017-01-10 03:47:57'),
	(735, 871, 'Vero blanditiis iure iusto quaerat. Reprehenderit omnis ipsum ut repellat. Molestiae sapiente sapiente ut numquam blanditiis voluptate nemo.', '2017-01-10 03:47:57', '2017-01-10 03:47:57'),
	(736, 570, 'Labore laboriosam dicta quia recusandae odio labore. Fugiat mollitia laboriosam ducimus illo in sint. Maxime repellat eum velit ea autem.', '2017-01-10 03:47:58', '2017-01-10 03:47:58'),
	(737, 969, 'Ea est magni est omnis sunt. Aut assumenda est omnis fugit consequatur veritatis sit nihil. Ut rerum amet fugit sit quia possimus dolor. Repellendus et ea officiis atque inventore rerum.', '2017-01-10 03:47:58', '2017-01-10 03:47:58'),
	(738, 753, 'Consequatur quod esse expedita soluta occaecati rerum necessitatibus. Non at voluptatem qui sequi voluptatem est adipisci veniam. Neque accusamus provident molestias praesentium iste itaque et. Dolor consequuntur enim fugiat rerum consequatur magnam aut.', '2017-01-10 03:47:58', '2017-01-10 03:47:58'),
	(739, 999, 'Quo recusandae cumque quo beatae eligendi in voluptatem. Eos velit ea maiores quisquam aut voluptatem. Et facere sit atque nobis possimus qui quaerat corrupti.', '2017-01-10 03:47:58', '2017-01-10 03:47:58'),
	(740, 550, 'Doloribus eius maxime suscipit voluptas qui dolorum facilis. Accusantium omnis voluptatem qui impedit suscipit voluptas ea. Porro rerum veniam non molestiae. Vel voluptatibus repellat est fugiat rem natus quis occaecati.', '2017-01-10 03:47:59', '2017-01-10 03:47:59'),
	(741, 880, 'Quod blanditiis laudantium nesciunt quisquam enim aliquid voluptate quos. Accusamus sunt assumenda id voluptatum et placeat. Ratione omnis omnis non atque est. Suscipit esse excepturi corporis et ut temporibus.', '2017-01-10 03:47:59', '2017-01-10 03:47:59'),
	(742, 943, 'Ipsa dolore et voluptatem. Sed blanditiis illum autem qui quis quo aspernatur. Vel id qui velit est temporibus minima velit. Vel tempore vel sint dolorum nam nobis recusandae quia.', '2017-01-10 03:47:59', '2017-01-10 03:47:59'),
	(743, 931, 'Ut necessitatibus laboriosam aut quibusdam. Et quas dolorem ipsam quia minima unde. Est autem cupiditate quae aut. Fuga ipsam est dolorem et.', '2017-01-10 03:47:59', '2017-01-10 03:47:59'),
	(744, 769, 'Dolorum in nihil autem et molestiae hic eum animi. Odio in commodi non sit harum velit. Rerum aut officiis labore ad.', '2017-01-10 03:47:59', '2017-01-10 03:47:59'),
	(745, 585, 'Magnam debitis quam sit quidem aut. Dolor nulla voluptas nostrum cupiditate occaecati ullam mollitia. Ut perferendis numquam similique aut molestias sed nemo aliquam.', '2017-01-10 03:47:59', '2017-01-10 03:47:59'),
	(746, 686, 'Saepe ullam nulla et delectus consequatur veritatis reiciendis. Quas repellat id reprehenderit officia omnis ad odio doloribus. Nobis molestias corrupti odit est eos. Dolor expedita qui et soluta et enim.', '2017-01-10 03:47:59', '2017-01-10 03:47:59'),
	(747, 535, 'Dolores illo vel deleniti velit consequatur et. Repellendus qui non provident expedita qui. Autem odio adipisci cupiditate laborum. Aliquam officia exercitationem iste explicabo dolorum et.', '2017-01-10 03:47:59', '2017-01-10 03:47:59'),
	(748, 517, 'Suscipit omnis voluptas consequatur laborum quia nihil. Iste animi ut earum nihil nobis iste.', '2017-01-10 03:47:59', '2017-01-10 03:47:59'),
	(749, 766, 'Ipsum perferendis id similique alias et expedita nostrum. Assumenda asperiores voluptatibus aspernatur et quo voluptatem. Ea et autem facilis libero enim incidunt.', '2017-01-10 03:48:00', '2017-01-10 03:48:00'),
	(750, 793, 'Nam exercitationem dignissimos beatae odio quae voluptatem aut odit. Aperiam in eum iusto et sapiente necessitatibus. Maiores tenetur quidem nemo commodi voluptatem nihil alias. Eos deleniti est est debitis saepe aut qui itaque.', '2017-01-10 03:48:00', '2017-01-10 03:48:00'),
	(751, 826, 'Ex repellat quia eius dolores maxime sunt. Molestias consequatur qui amet quam esse accusantium. Doloremque quaerat atque rem amet.', '2017-01-10 03:48:00', '2017-01-10 03:48:00'),
	(752, 999, 'Asperiores atque blanditiis ipsum. Ut quos et a. Voluptatem at autem est provident pariatur pariatur. Eveniet debitis unde hic quia qui.', '2017-01-10 03:48:00', '2017-01-10 03:48:00'),
	(753, 899, 'Rem amet aut alias. Vel molestias ipsa quidem voluptatem qui unde commodi. Dolores quia vel ut at possimus. Et reiciendis recusandae repellendus voluptatum harum a cum.', '2017-01-10 03:48:00', '2017-01-10 03:48:00'),
	(754, 796, 'Ut ut voluptas suscipit dicta. Delectus est repudiandae sed magnam iusto deserunt. Placeat qui ut rem id. Quaerat et aperiam corrupti non.', '2017-01-10 03:48:00', '2017-01-10 03:48:00'),
	(755, 926, 'Asperiores facere rerum modi rerum fuga. Et neque eum quae voluptatibus dolorem aut. Non dolores velit voluptatibus vel dolores aut omnis hic. Sit qui est enim vel laboriosam sed.', '2017-01-10 03:48:00', '2017-01-10 03:48:00'),
	(756, 903, 'Adipisci est similique ab vero neque. Deleniti aperiam ratione dolores impedit. Accusantium distinctio perferendis rem non harum sit cum.', '2017-01-10 03:48:01', '2017-01-10 03:48:01'),
	(757, 703, 'Quis nihil maiores est in. Soluta et voluptatem veniam et voluptatem. Est id quia repellendus consequuntur sit voluptatibus. Facere et est dolorum eaque et.', '2017-01-10 03:48:01', '2017-01-10 03:48:01'),
	(758, 708, 'Debitis velit aut doloribus facilis eum. Quae et facere enim vitae illo possimus ut perspiciatis. Dolores accusamus consequuntur beatae ad delectus sed temporibus. Ea quas corrupti modi optio. Temporibus tempora molestiae qui vero vitae occaecati magnam.', '2017-01-10 03:48:01', '2017-01-10 03:48:01'),
	(759, 985, 'Quos rerum cupiditate corporis. Dolor quisquam modi perspiciatis totam. Et debitis id et eos voluptas. Eaque laboriosam hic ratione porro sunt saepe libero.', '2017-01-10 03:48:01', '2017-01-10 03:48:01'),
	(760, 689, 'Iste et sit ut quibusdam maiores sed et ad. Quis repellendus tempore laborum voluptatem architecto dolores consectetur. Et quod dignissimos ad est.', '2017-01-10 03:48:01', '2017-01-10 03:48:01'),
	(761, 729, 'Vel laborum libero repellat sit eos quod velit. Placeat in ab ea itaque aut. Ea consequatur fugit et maiores eum iusto. Sint et eligendi similique consequuntur optio quis.', '2017-01-10 03:48:01', '2017-01-10 03:48:01'),
	(762, 730, 'Aut nihil nam assumenda vero non. Qui et temporibus veniam deleniti dicta et. Blanditiis earum et ea aliquam nesciunt quia. Qui blanditiis in mollitia cum omnis dolorem.', '2017-01-10 03:48:01', '2017-01-10 03:48:01'),
	(763, 743, 'Vero reiciendis deserunt exercitationem aperiam. Eaque beatae consequatur explicabo esse. Excepturi commodi impedit saepe facere est nam perspiciatis.', '2017-01-10 03:48:01', '2017-01-10 03:48:01'),
	(764, 597, 'Qui nemo autem numquam voluptatem sunt. Perspiciatis in provident ipsa minima est sunt neque id. Ut expedita facere consequatur impedit sed omnis dolor recusandae.', '2017-01-10 03:48:01', '2017-01-10 03:48:01'),
	(765, 797, 'Voluptas ullam reprehenderit ut aut sed. Sed ipsa at fugiat voluptas eos placeat. Eos natus dolorum et dolores facere. Nostrum tenetur delectus assumenda eveniet facere doloremque modi.', '2017-01-10 03:48:02', '2017-01-10 03:48:02'),
	(766, 581, 'Commodi ex sint et laboriosam. Alias dolor laborum asperiores aliquid et quos sapiente omnis. Eum autem nihil et officia aut sit. Nihil dolores rerum sint totam distinctio.', '2017-01-10 03:48:02', '2017-01-10 03:48:02'),
	(767, 601, 'In eius odio amet. Eos et vel incidunt quis. Velit doloribus totam autem et perspiciatis.', '2017-01-10 03:48:02', '2017-01-10 03:48:02'),
	(768, 870, 'Dolorem exercitationem quos facere autem perspiciatis tempore asperiores veniam. Officiis doloremque in aut aut eos tempore voluptatibus voluptates. Quis perspiciatis velit rerum iure qui voluptates perferendis. Est dolorum rerum aut voluptatem illo.', '2017-01-10 03:48:02', '2017-01-10 03:48:02'),
	(769, 686, 'Rerum mollitia est sunt quae odit ut fugiat quidem. Non aut id consequatur sint mollitia. Quod tempore id et minus a. Perspiciatis enim accusamus et aliquid vel rerum qui. Neque numquam est qui et ab facilis.', '2017-01-10 03:48:02', '2017-01-10 03:48:02'),
	(770, 759, 'Molestiae impedit eos inventore autem sunt repudiandae odit. Natus deleniti quo et perspiciatis id. Ut corporis aut cupiditate perspiciatis. Soluta ipsam ea quo doloribus harum.', '2017-01-10 03:48:02', '2017-01-10 03:48:02'),
	(771, 680, 'Hic dolorum aut est omnis non exercitationem corporis. Assumenda consequuntur explicabo ut voluptatem. Vitae ad ipsum sint sapiente.', '2017-01-10 03:48:02', '2017-01-10 03:48:02'),
	(772, 510, 'Ut rerum autem sed sint tempora distinctio aut debitis. Aut quia et fugit iusto ipsum sit. Illum ipsum temporibus aut corrupti perferendis quia. Est sed eaque debitis sunt aliquam rerum.', '2017-01-10 03:48:02', '2017-01-10 03:48:02'),
	(773, 684, 'Eveniet non voluptatum debitis nesciunt accusamus. Ut qui et ut aut aut corporis. Sed sed repudiandae aspernatur sit illum velit vel.', '2017-01-10 03:48:02', '2017-01-10 03:48:02'),
	(774, 977, 'Repellat nihil porro nam laborum ratione atque. Voluptatem minus sint vero expedita. Magni in fugiat eos cum id sed quia. Accusamus architecto suscipit commodi praesentium.', '2017-01-10 03:48:03', '2017-01-10 03:48:03'),
	(775, 508, 'Veniam doloremque optio rem ut id cumque qui. Nemo dolorem minima et id ut voluptatum quibusdam sed. Architecto mollitia dolor velit.', '2017-01-10 03:48:03', '2017-01-10 03:48:03'),
	(776, 816, 'Qui incidunt quia recusandae voluptatem cumque corporis. Repellendus modi voluptatem cumque laboriosam magnam tenetur atque sed. Unde cupiditate ullam velit iure ex aut aliquam itaque.', '2017-01-10 03:48:03', '2017-01-10 03:48:03'),
	(777, 767, 'Nihil aut ducimus ratione distinctio. Eum maiores est neque sint quis. A sit earum optio et ex maxime aut.', '2017-01-10 03:48:03', '2017-01-10 03:48:03'),
	(778, 715, 'Voluptas mollitia ea cupiditate et iusto unde. Ipsam quasi quasi nihil cumque. Sapiente aut maiores quis totam voluptatem aut explicabo.', '2017-01-10 03:48:03', '2017-01-10 03:48:03'),
	(779, 711, 'Voluptate earum et velit itaque. Praesentium repellendus nisi aut voluptas perferendis sint. Nesciunt est amet similique incidunt nisi earum. Aut qui ducimus cupiditate est.', '2017-01-10 03:48:03', '2017-01-10 03:48:03'),
	(780, 580, 'Nemo aut maiores distinctio aut. Qui officia omnis incidunt culpa earum. Laudantium aut corporis accusantium qui. Eum repellat voluptatem nihil quam eum.', '2017-01-10 03:48:03', '2017-01-10 03:48:03'),
	(781, 717, 'Omnis id magnam qui iure quaerat veniam nemo. Et sit ut maiores ea omnis.', '2017-01-10 03:48:03', '2017-01-10 03:48:03'),
	(782, 994, 'Quod voluptas ullam dolores quia nihil. Sint aliquam esse voluptatem debitis. Ab ad sapiente explicabo autem.', '2017-01-10 03:48:04', '2017-01-10 03:48:04'),
	(783, 598, 'In expedita quis mollitia voluptas sit earum tenetur eos. Itaque minus et explicabo eos qui quidem tenetur. Omnis ut nihil rerum dolorem reiciendis quas. Consequatur laboriosam neque quidem doloremque aut sit. Dolorem et doloremque atque sint iste perfere', '2017-01-10 03:48:04', '2017-01-10 03:48:04'),
	(784, 533, 'Velit rerum ex ipsa natus at occaecati distinctio quibusdam. Odit soluta nostrum eligendi odio autem molestiae velit. Et nesciunt error enim perferendis maxime autem libero. Officiis architecto cupiditate tempora libero.', '2017-01-10 03:48:04', '2017-01-10 03:48:04'),
	(785, 742, 'Consequatur nulla voluptas ipsa porro quia facere. Cumque quo libero inventore aut velit. Adipisci nemo maxime commodi iusto.', '2017-01-10 03:48:05', '2017-01-10 03:48:05'),
	(786, 550, 'Sequi dolore quo consequuntur suscipit amet laboriosam laudantium alias. Nulla aliquam quia et atque cumque. Praesentium reprehenderit iusto sit ex magnam cum illum.', '2017-01-10 03:48:05', '2017-01-10 03:48:05'),
	(787, 856, 'Ducimus quibusdam quia ratione ea omnis. Vel quasi et repellendus dolores mollitia placeat laboriosam. Aliquam praesentium harum ipsa aut veniam nemo.', '2017-01-10 03:48:05', '2017-01-10 03:48:05'),
	(788, 862, 'Similique recusandae rem dolores non ratione. Quis rerum quam et ea. Eum similique qui voluptatem sunt quas ratione sit.', '2017-01-10 03:48:05', '2017-01-10 03:48:05'),
	(789, 831, 'Neque ipsum deleniti ipsam cum perferendis quo. Aliquid aliquam veniam aspernatur in qui. Eos omnis veritatis quasi est nostrum nesciunt.', '2017-01-10 03:48:05', '2017-01-10 03:48:05'),
	(790, 613, 'Et tenetur beatae necessitatibus accusamus praesentium. Nihil vel deserunt voluptatem iusto. Similique quasi cumque voluptatem ipsum.', '2017-01-10 03:48:06', '2017-01-10 03:48:06'),
	(791, 927, 'Ipsam eum dolorum recusandae eum cum earum quia. Ea vitae pariatur dolorem aspernatur. Ut sint consequuntur et aperiam quos.', '2017-01-10 03:48:07', '2017-01-10 03:48:07'),
	(792, 792, 'Numquam ut ipsum id culpa. Perferendis laborum corrupti aut voluptatibus et. Voluptates dicta numquam aliquid nisi quo laborum. Et et et similique sunt.', '2017-01-10 03:48:07', '2017-01-10 03:48:07'),
	(793, 654, 'Consequuntur magnam et perferendis occaecati et. Dolore inventore ad officiis et qui. Neque omnis et consequatur ab.', '2017-01-10 03:48:07', '2017-01-10 03:48:07'),
	(794, 794, 'Alias inventore consequuntur nesciunt. Et illo placeat commodi omnis unde. Perspiciatis dolorum omnis velit aut sed. Cum minus corrupti consequatur.', '2017-01-10 03:48:08', '2017-01-10 03:48:08'),
	(795, 630, 'Voluptas in quo nesciunt eveniet quia reiciendis minus. Repellat quia error aut molestiae et molestias sunt deserunt. Omnis laudantium similique porro natus.', '2017-01-10 03:48:08', '2017-01-10 03:48:08'),
	(796, 914, 'Rerum nobis aut velit doloribus soluta eum reiciendis. At nihil eius blanditiis eius amet earum est molestiae. Praesentium vitae sed eum ut voluptas dolores est. Exercitationem velit dolorum aperiam repudiandae impedit.', '2017-01-10 03:48:08', '2017-01-10 03:48:08'),
	(797, 835, 'Veniam est nihil voluptas maiores. Est fugiat et delectus eligendi accusantium odio perspiciatis. Sequi quibusdam numquam occaecati voluptatem. Beatae ut reprehenderit molestiae.', '2017-01-10 03:48:08', '2017-01-10 03:48:08'),
	(798, 541, 'Nulla unde ut qui et voluptatibus soluta. Voluptates aut occaecati repudiandae corrupti sequi sed tempore. Expedita rerum vero accusamus autem accusantium culpa voluptas. Laudantium aut soluta eos culpa sunt enim quia consequatur.', '2017-01-10 03:48:08', '2017-01-10 03:48:08'),
	(799, 855, 'Quibusdam sed quidem sit occaecati. Nostrum beatae maxime eligendi velit veritatis. Consectetur perspiciatis dicta consequatur sint dolores expedita architecto. Expedita distinctio eum officia delectus quo et esse et.', '2017-01-10 03:48:09', '2017-01-10 03:48:09'),
	(800, 680, 'Qui omnis ut debitis quo. Voluptate officiis quo vero nam vel. Accusamus consequuntur optio est est est.', '2017-01-10 03:48:09', '2017-01-10 03:48:09'),
	(801, 905, 'Animi suscipit iure nesciunt commodi ratione error ut. Inventore id omnis aspernatur corporis tempora. Est eum id soluta eius accusamus accusantium. Quae consequatur cum a quae molestias.', '2017-01-10 03:48:09', '2017-01-10 03:48:09'),
	(802, 504, 'Qui assumenda fuga nobis quia fuga. Asperiores omnis corrupti et eligendi voluptate. Amet facere sapiente et enim consectetur id mollitia voluptatum.', '2017-01-10 03:48:09', '2017-01-10 03:48:09'),
	(803, 611, 'Sint alias saepe recusandae aut vel. Est quam hic tempora.', '2017-01-10 03:48:09', '2017-01-10 03:48:09'),
	(804, 516, 'Et soluta omnis saepe quidem. Voluptatem fugiat quasi praesentium alias quasi. Exercitationem quo id sapiente sit id dolorem.', '2017-01-10 03:48:09', '2017-01-10 03:48:09'),
	(805, 753, 'Nulla officiis dicta dolorem. Voluptatibus aut et voluptates. Fugit ut quam inventore fugit.', '2017-01-10 03:48:09', '2017-01-10 03:48:09'),
	(806, 510, 'Minus nobis provident ut et tempora qui quasi aut. Magnam rerum minus voluptatibus iure et. Atque repellat totam soluta quaerat laborum voluptas. Sequi corrupti voluptas eius ratione delectus.', '2017-01-10 03:48:09', '2017-01-10 03:48:09'),
	(807, 503, 'Ut assumenda esse enim autem corporis velit. Expedita delectus qui praesentium vitae sit. Et voluptas odit reiciendis est. Doloribus ad similique non esse aut aperiam.', '2017-01-10 03:48:09', '2017-01-10 03:48:09'),
	(808, 891, 'Saepe placeat amet provident occaecati praesentium cum. Voluptatibus qui est incidunt quam aut provident. Ea aut libero recusandae est ea sint nulla. Ratione velit et adipisci qui quod. Molestias veritatis debitis aut totam totam id.', '2017-01-10 03:48:10', '2017-01-10 03:48:10'),
	(809, 843, 'Labore quia autem ab sed porro non. Consequatur quo in non in culpa repudiandae. Necessitatibus minus dolore voluptatem voluptatem tenetur cupiditate. Eius dolorem cupiditate sed doloremque possimus magnam.', '2017-01-10 03:48:10', '2017-01-10 03:48:10'),
	(810, 548, 'Aut magni et fugiat repellat. Non tempore nobis quia voluptas autem. Commodi et blanditiis assumenda tempore vitae quod. Magnam neque voluptas dolor culpa doloribus voluptas.', '2017-01-10 03:48:10', '2017-01-10 03:48:10'),
	(811, 816, 'Molestiae sequi voluptate reprehenderit minima. Autem saepe ea commodi repudiandae molestias. Quae earum debitis illum. Quaerat rerum ratione unde in. Aut omnis quia deserunt impedit magni.', '2017-01-10 03:48:10', '2017-01-10 03:48:10'),
	(812, 706, 'Eaque et delectus accusantium vitae quidem repellendus. Autem placeat eum exercitationem. Corporis sed cupiditate et est eligendi occaecati.', '2017-01-10 03:48:10', '2017-01-10 03:48:10'),
	(813, 714, 'Odit quam neque et est aspernatur. Tempore excepturi quod quos provident tempore. Molestiae ab possimus rerum praesentium et. Laboriosam quod perspiciatis in reiciendis.', '2017-01-10 03:48:10', '2017-01-10 03:48:10'),
	(814, 972, 'Debitis vero dolores quia aut blanditiis voluptas et. Voluptatem beatae enim ipsam. Praesentium unde error quo error et. Quisquam expedita unde numquam illo voluptatum et velit. Et quia nisi error omnis.', '2017-01-10 03:48:10', '2017-01-10 03:48:10'),
	(815, 545, 'Rerum laudantium quam ducimus cum odit aspernatur distinctio. Ab optio iste ullam. Eligendi dolorem et nulla deleniti facilis velit nostrum iusto.', '2017-01-10 03:48:10', '2017-01-10 03:48:10'),
	(816, 594, 'Earum blanditiis aut ut totam enim et. Et in hic asperiores. Quam aut laborum voluptatem sunt. Iste ducimus voluptatem ea quia.', '2017-01-10 03:48:10', '2017-01-10 03:48:10'),
	(817, 976, 'Deserunt qui facilis dolores pariatur molestiae vel voluptas. Occaecati numquam quia earum odit doloribus dicta odit. Omnis blanditiis autem similique dolor nihil repellat delectus.', '2017-01-10 03:48:10', '2017-01-10 03:48:10'),
	(818, 629, 'Omnis rem rerum fugit exercitationem qui tempore. Inventore dolorem deleniti harum possimus. Doloribus explicabo aut voluptate vero amet dignissimos ut.', '2017-01-10 03:48:11', '2017-01-10 03:48:11'),
	(819, 568, 'Quo totam corporis qui est numquam quasi. Et cum nihil eos commodi qui. Dignissimos ut vel eveniet soluta officiis sunt quaerat. Qui dolorem alias dolor qui.', '2017-01-10 03:48:11', '2017-01-10 03:48:11'),
	(820, 787, 'Debitis quo aut eaque. Nulla et non sed et possimus eveniet. Enim hic esse cupiditate quae sint. Est itaque excepturi et asperiores nesciunt.', '2017-01-10 03:48:11', '2017-01-10 03:48:11'),
	(821, 820, 'Enim quae temporibus odit et sit distinctio. Sit quo doloribus qui nulla modi eos commodi. Sit nesciunt voluptatem quas atque cumque.', '2017-01-10 03:48:11', '2017-01-10 03:48:11'),
	(822, 655, 'Aut voluptates numquam sint ut nesciunt sunt adipisci. Quo occaecati perferendis reprehenderit iste numquam officia quasi.', '2017-01-10 03:48:11', '2017-01-10 03:48:11'),
	(823, 969, 'Magni maxime sed dignissimos enim. Omnis consequatur esse et quam aut minima nisi. Doloremque et facere accusantium dolores. Laboriosam aspernatur sit quae saepe laudantium assumenda enim. Illum aut quia error voluptatibus voluptatum quod.', '2017-01-10 03:48:11', '2017-01-10 03:48:11'),
	(824, 947, 'Illum voluptas id qui consequatur voluptas vero. Autem necessitatibus fugiat dolores ea velit enim iste. Architecto saepe repudiandae atque amet dolorem. Dolore autem qui non tenetur.', '2017-01-10 03:48:11', '2017-01-10 03:48:11'),
	(825, 955, 'Velit laborum totam quae impedit. Cupiditate esse aliquid ducimus dolore sed deleniti libero magni. Eum tempora sequi delectus. Non laborum nobis ut delectus dicta quasi nostrum quia.', '2017-01-10 03:48:11', '2017-01-10 03:48:11'),
	(826, 701, 'Quibusdam et magnam temporibus voluptates. Eos aspernatur tempora eos quisquam perferendis consequatur.', '2017-01-10 03:48:11', '2017-01-10 03:48:11'),
	(827, 709, 'Excepturi exercitationem in tempora ipsa. Maxime sapiente qui perferendis et at. Doloremque libero itaque ea dolore. Qui exercitationem nostrum voluptas sequi tempore placeat voluptas.', '2017-01-10 03:48:11', '2017-01-10 03:48:11'),
	(828, 646, 'Et commodi saepe esse quo ullam quam eveniet. Explicabo itaque ipsa non qui. Doloremque et et odit earum beatae et voluptatem. Aut ad porro ex illum adipisci iste porro. Architecto qui et quis vel ad dolor hic.', '2017-01-10 03:48:12', '2017-01-10 03:48:12'),
	(829, 739, 'Voluptas sequi voluptatem architecto deleniti ipsum ut eaque. Quia voluptatibus hic fugiat quam libero ut at. Qui accusantium aut fugiat.', '2017-01-10 03:48:12', '2017-01-10 03:48:12'),
	(830, 905, 'Magnam qui similique sit et. Voluptatem a incidunt vero unde tempore. Et laudantium ullam eos dolor.', '2017-01-10 03:48:12', '2017-01-10 03:48:12'),
	(831, 636, 'Qui laboriosam corrupti repellat laboriosam sed. Eum quam est et cumque blanditiis. Quia cumque a optio odio incidunt sunt delectus. Aut voluptas est et aut alias consequuntur voluptate.', '2017-01-10 03:48:12', '2017-01-10 03:48:12'),
	(832, 866, 'Dolore vero quasi voluptatum. Voluptatem et voluptatum rerum maxime aperiam pariatur eaque.', '2017-01-10 03:48:12', '2017-01-10 03:48:12'),
	(833, 515, 'Dolorem reiciendis ipsum nesciunt ea. Suscipit tempora aut et veritatis voluptatem. Animi doloremque qui aliquam sint.', '2017-01-10 03:48:12', '2017-01-10 03:48:12'),
	(834, 721, 'Eligendi quia ex quos. Eligendi molestiae non aut ipsa qui. Rem eos et et veritatis cum sed. Dolorem quaerat aut sed minima nulla temporibus. Quia autem eum aut recusandae.', '2017-01-10 03:48:12', '2017-01-10 03:48:12'),
	(835, 698, 'Est eveniet et a eos magnam vel quam. Dignissimos alias porro maiores temporibus sapiente ut ab. Soluta aperiam ea est dolor sed omnis. Suscipit amet odio in qui voluptas distinctio.', '2017-01-10 03:48:12', '2017-01-10 03:48:12'),
	(836, 862, 'Et aliquam vitae quasi corrupti non ut. Dignissimos quam nihil qui ut tempora impedit. In eveniet laboriosam harum aut eveniet. Enim porro quidem laboriosam officiis.', '2017-01-10 03:48:12', '2017-01-10 03:48:12'),
	(837, 761, 'Delectus eligendi assumenda facilis. Ad et est labore non impedit omnis debitis.', '2017-01-10 03:48:12', '2017-01-10 03:48:12'),
	(838, 701, 'Aliquam officiis ratione tempora tempore quia. Pariatur earum temporibus et est voluptatem aliquid suscipit ut. Voluptas quo et quae et inventore pariatur suscipit. Laboriosam modi porro reiciendis error non enim molestias. Eos ut et nobis illum autem bea', '2017-01-10 03:48:13', '2017-01-10 03:48:13'),
	(839, 585, 'Adipisci ducimus consequuntur omnis voluptas voluptas. Rerum explicabo sed quae sunt at quidem. Recusandae delectus deleniti blanditiis rerum.', '2017-01-10 03:48:13', '2017-01-10 03:48:13'),
	(840, 938, 'Et non sequi placeat. Dolor aliquid exercitationem qui vitae. Adipisci dolorum culpa cumque vero sed ullam dolorum. Voluptatem excepturi vero ea quidem. Voluptates iusto laudantium tempora atque qui suscipit.', '2017-01-10 03:48:13', '2017-01-10 03:48:13'),
	(841, 577, 'Minus eius velit odit expedita. Dolor veniam qui dolores eligendi et deleniti. Sit iusto in consectetur corrupti. Dolores nemo dolor praesentium optio.', '2017-01-10 03:48:13', '2017-01-10 03:48:13'),
	(842, 790, 'Repellat aut consequatur dicta nihil. Sed dolores asperiores temporibus. Animi aut animi at et consequatur nihil quo vel. Omnis incidunt omnis vitae occaecati non et magnam deserunt. Corrupti veritatis officia dolore vel id libero laboriosam.', '2017-01-10 03:48:13', '2017-01-10 03:48:13'),
	(843, 622, 'Mollitia ad quia voluptatem animi voluptatem et dolorum. Quia sed voluptatem ea debitis vel rerum et. Omnis modi ducimus quia iusto voluptatum possimus. Enim at rerum dicta id ipsa aut.', '2017-01-10 03:48:13', '2017-01-10 03:48:13'),
	(844, 506, 'Est debitis iste et quidem. Voluptas ut aut cupiditate id et. Fuga et pariatur impedit voluptatem.', '2017-01-10 03:48:13', '2017-01-10 03:48:13'),
	(845, 705, 'Vel aut nostrum quis error id totam commodi. Quidem recusandae iusto dicta cumque rerum dolorem quibusdam. Autem explicabo et sequi mollitia. Magni omnis voluptate aspernatur soluta deserunt facilis.', '2017-01-10 03:48:13', '2017-01-10 03:48:13'),
	(846, 929, 'Expedita fuga dolor quis consequuntur harum. Vel quidem ut quam nisi quia ad similique.', '2017-01-10 03:48:14', '2017-01-10 03:48:14'),
	(847, 818, 'Rem vel ut dicta atque ex. Expedita nostrum aut nisi aut consequatur laboriosam aspernatur aut. Eveniet officia quaerat earum corrupti quibusdam illo. Autem inventore a ab adipisci sequi in.', '2017-01-10 03:48:14', '2017-01-10 03:48:14'),
	(848, 549, 'Quia pariatur expedita nulla molestiae. Qui id rerum nemo est alias modi. Aliquid vel accusantium sint aspernatur. Ut recusandae ullam eveniet quia ratione.', '2017-01-10 03:48:14', '2017-01-10 03:48:14'),
	(849, 670, 'Rem aut atque non vitae molestias distinctio. Nihil id fuga perspiciatis numquam laudantium amet. Ipsa enim est est ex. Necessitatibus eius consequuntur cum pariatur consequatur non iusto. Nesciunt quod vel sapiente repellat harum dicta assumenda.', '2017-01-10 03:48:14', '2017-01-10 03:48:14'),
	(850, 887, 'Magni rerum voluptate perspiciatis autem. Ducimus eius doloribus dolorem impedit nihil nihil. Aspernatur cumque molestiae tenetur.', '2017-01-10 03:48:15', '2017-01-10 03:48:15'),
	(851, 536, 'Earum dolores ut iste. Ipsum et sint optio accusamus dicta natus et. Repudiandae porro officiis tenetur nisi sed harum laboriosam eveniet. Velit et sequi incidunt sint et facilis. Vero omnis cupiditate omnis.', '2017-01-10 03:48:15', '2017-01-10 03:48:15'),
	(852, 554, 'Quibusdam eos reiciendis optio iste quis. Qui mollitia ut et iste. Eos eligendi assumenda itaque consequatur.', '2017-01-10 03:48:16', '2017-01-10 03:48:16'),
	(853, 505, 'Possimus cumque ad ut nemo. Non sit rerum sed eligendi quaerat alias. Facilis dolorem sed vitae voluptas est quia alias repudiandae.', '2017-01-10 03:48:16', '2017-01-10 03:48:16'),
	(854, 943, 'Quidem soluta ipsam labore dicta quis. Repellendus nihil dignissimos aut ipsum earum dolor facilis. Laudantium non repudiandae modi voluptate.', '2017-01-10 03:48:16', '2017-01-10 03:48:16'),
	(855, 615, 'Ratione ut ut quae et. Illum totam sunt eligendi consequatur nihil consequatur beatae. Ratione et vero quis nesciunt dolor perspiciatis est.', '2017-01-10 03:48:16', '2017-01-10 03:48:16'),
	(856, 740, 'Fugit sit a natus. Cum velit velit facere placeat unde laborum iure. Hic asperiores nisi placeat sapiente quam rerum accusamus.', '2017-01-10 03:48:16', '2017-01-10 03:48:16'),
	(857, 986, 'Non et sunt omnis occaecati. Repellat eveniet error doloremque amet qui quia. Facere minus voluptatem fuga id.', '2017-01-10 03:48:16', '2017-01-10 03:48:16'),
	(858, 837, 'Rerum natus vel laudantium dolore voluptates impedit magni. Illum deserunt veniam suscipit quisquam quae aut enim. Voluptatem nostrum et sed quis. Aliquid molestias mollitia aut necessitatibus alias ullam.', '2017-01-10 03:48:16', '2017-01-10 03:48:16'),
	(859, 925, 'Dolorem enim iste sed et eos. Sit doloribus vero voluptates sed eos fugiat. Et ex eius ex temporibus libero architecto suscipit similique. Necessitatibus ut quis id. Facere adipisci ducimus dolorum et eaque voluptatem omnis.', '2017-01-10 03:48:17', '2017-01-10 03:48:17'),
	(860, 645, 'Perferendis quis modi accusantium aspernatur. Quibusdam veritatis consequatur iusto illo impedit amet velit. Odit sapiente vel sequi repudiandae fugiat iure dicta. Aut velit voluptatibus similique sequi.', '2017-01-10 03:48:17', '2017-01-10 03:48:17'),
	(861, 904, 'Quasi aspernatur et eum sit molestiae sapiente suscipit. Consequatur temporibus et similique quisquam sequi adipisci quisquam. Enim quae et sapiente qui asperiores cumque minima.', '2017-01-10 03:48:17', '2017-01-10 03:48:17'),
	(862, 596, 'Rerum nesciunt amet hic voluptatem dignissimos ipsam ex. Consequatur et aut corrupti earum quo reiciendis. Est officiis est odit vero. Eos error maiores sint nisi ut.', '2017-01-10 03:48:17', '2017-01-10 03:48:17'),
	(863, 998, 'Architecto quis aut exercitationem distinctio aliquid. Beatae numquam et blanditiis dolores rerum dolor dolorem quo. Aut quasi expedita sunt ad architecto nostrum nobis.', '2017-01-10 03:48:17', '2017-01-10 03:48:17'),
	(864, 799, 'Eos inventore explicabo sit aut. Non rerum vitae vero aliquid ipsum quas. Aut sint autem ab. Repudiandae quia fugiat dolores voluptatem.', '2017-01-10 03:48:17', '2017-01-10 03:48:17'),
	(865, 542, 'Maiores dolorum quibusdam quos rerum quia necessitatibus omnis. Porro voluptatem quaerat voluptatem cum. Suscipit inventore quia fuga explicabo. Praesentium autem blanditiis cupiditate ut.', '2017-01-10 03:48:17', '2017-01-10 03:48:17'),
	(866, 568, 'Dolore possimus cum non eos nesciunt. Labore tenetur vitae eligendi occaecati dolor.', '2017-01-10 03:48:17', '2017-01-10 03:48:17'),
	(867, 599, 'Et perferendis minima voluptatibus dignissimos in qui praesentium et. Fugit et quis cumque vel. Quo cupiditate provident aperiam et nam ipsum in blanditiis.', '2017-01-10 03:48:17', '2017-01-10 03:48:17'),
	(868, 861, 'Sint est rerum voluptates. Aut repellat vero facilis voluptatum molestiae deserunt. Omnis alias deleniti dignissimos voluptas saepe et reiciendis. Quasi repellendus accusantium quia blanditiis aut delectus voluptatem. Provident est quia ullam expedita.', '2017-01-10 03:48:17', '2017-01-10 03:48:17'),
	(869, 838, 'Tenetur vitae voluptas perspiciatis eos. Voluptas omnis aut at corrupti in. Neque dolores ut nemo voluptas sed eum quo aperiam. Et optio tenetur id tempore reiciendis esse voluptatem.', '2017-01-10 03:48:18', '2017-01-10 03:48:18'),
	(870, 776, 'Adipisci veniam excepturi saepe dolorem exercitationem architecto dignissimos. Debitis architecto et ullam nisi est. Distinctio eum error quaerat.', '2017-01-10 03:48:18', '2017-01-10 03:48:18'),
	(871, 855, 'Dolor quos voluptatum architecto doloremque eius natus. Magnam exercitationem ipsam quod fugiat voluptatem est. Laudantium vitae et est quia laudantium quas doloribus. Omnis ipsa ipsa neque veritatis consequatur.', '2017-01-10 03:48:18', '2017-01-10 03:48:18'),
	(872, 871, 'Vitae occaecati eum nihil est in perspiciatis. Aut quia dicta veniam ad. Quod dolor beatae et. Quis sed mollitia reiciendis quam et.', '2017-01-10 03:48:18', '2017-01-10 03:48:18'),
	(873, 570, 'Consectetur voluptatem qui laudantium. Sequi voluptatem libero tempore ut repudiandae natus repudiandae. Repudiandae suscipit dolorem omnis eos aliquid ut. Qui ea et illo et. Quis odio quo non consequuntur.', '2017-01-10 03:48:18', '2017-01-10 03:48:18'),
	(874, 969, 'Neque porro nulla nesciunt aperiam facilis nulla. Voluptas non adipisci quasi quam qui minus. Assumenda aperiam et est dolor illum reiciendis porro autem.', '2017-01-10 03:48:18', '2017-01-10 03:48:18'),
	(875, 753, 'Iure sit deleniti est reprehenderit porro facilis. Repellat aut itaque a eum. Illo aliquid dolorum fuga et. Doloremque quaerat totam quasi.', '2017-01-10 03:48:19', '2017-01-10 03:48:19'),
	(876, 999, 'Ullam dolorem maxime dolorem vel vel. Mollitia at consequatur delectus mollitia rerum reprehenderit necessitatibus libero. Blanditiis iste amet nihil voluptatem aut. Molestiae delectus sed ullam dolor nihil aut molestiae id.', '2017-01-10 03:48:19', '2017-01-10 03:48:19'),
	(877, 550, 'Repellendus rerum ratione velit voluptatem vel alias eos. Non sed et vero rerum. Laudantium placeat dicta sunt expedita eius cum enim. Distinctio quam nobis sit ad ipsam quam qui repellat.', '2017-01-10 03:48:19', '2017-01-10 03:48:19'),
	(878, 880, 'Doloribus dolorem autem adipisci nesciunt asperiores. Autem rerum ea quo deserunt fuga. Blanditiis exercitationem non sed corrupti modi omnis.', '2017-01-10 03:48:19', '2017-01-10 03:48:19'),
	(879, 943, 'Non nihil saepe dolorum omnis. Adipisci cum est ut. Odit eum saepe libero tempore.', '2017-01-10 03:48:19', '2017-01-10 03:48:19'),
	(880, 931, 'Aspernatur et accusantium ullam qui sint rerum. Fuga aut omnis nam impedit aut. Qui magni magnam velit aliquam porro.', '2017-01-10 03:48:19', '2017-01-10 03:48:19'),
	(881, 769, 'Libero accusantium voluptas dolor voluptatem. Nulla molestias fugiat numquam impedit quaerat distinctio consequatur voluptatibus. Sunt ullam at quo similique qui tempora. Molestias debitis cumque tempore quis rerum rerum.', '2017-01-10 03:48:20', '2017-01-10 03:48:20'),
	(882, 585, 'Eos placeat delectus voluptas aperiam itaque hic nesciunt. Enim asperiores voluptas vitae. Sed sint non provident distinctio delectus et est. Commodi quo inventore quae eos est eaque.', '2017-01-10 03:48:20', '2017-01-10 03:48:20'),
	(883, 686, 'Repellendus in quia tempore hic consequatur atque. Nihil fuga soluta doloremque temporibus qui ad laborum voluptates. Sequi vitae et nam provident tempore voluptate.', '2017-01-10 03:48:20', '2017-01-10 03:48:20'),
	(884, 535, 'Iste est laboriosam assumenda eveniet aut aut. Eaque eum dolorem et consequatur rerum laboriosam temporibus. Quod quis maxime totam earum et. Quibusdam est omnis temporibus nisi numquam harum quisquam.', '2017-01-10 03:48:20', '2017-01-10 03:48:20'),
	(885, 517, 'Rerum neque fuga ab soluta est totam. Omnis esse expedita laboriosam et ipsum nihil. Quaerat et ut cupiditate assumenda commodi et et repudiandae.', '2017-01-10 03:48:20', '2017-01-10 03:48:20'),
	(886, 766, 'Nisi facilis tenetur officiis cumque. Et adipisci molestiae ut porro. Ea sapiente quia ratione. Et dolorum quidem omnis et quos sit et.', '2017-01-10 03:48:20', '2017-01-10 03:48:20'),
	(887, 793, 'Repudiandae maiores adipisci deserunt. Dolor quod et quia eos. Impedit quas quis rem.', '2017-01-10 03:48:20', '2017-01-10 03:48:20'),
	(888, 826, 'Eum at excepturi atque dolorem voluptas praesentium dignissimos. Non incidunt laboriosam blanditiis est aliquid. Dolor iusto nesciunt nobis fugiat nulla. Culpa quo ab necessitatibus est itaque repellat. Rerum itaque sint a facilis sed.', '2017-01-10 03:48:21', '2017-01-10 03:48:21'),
	(889, 999, 'Aut temporibus qui hic rerum ratione fuga. Totam recusandae velit ut non quaerat voluptatem totam. Maiores voluptas aut minima nisi non sunt.', '2017-01-10 03:48:21', '2017-01-10 03:48:21'),
	(890, 899, 'Qui vel dolores aut. Voluptas et voluptatem commodi est. Repellendus molestias cum aut natus quia. Quos facere nulla voluptate odio nihil dolorem consectetur tempore. Id perspiciatis consequatur repellendus voluptate sapiente.', '2017-01-10 03:48:21', '2017-01-10 03:48:21'),
	(891, 796, 'Illum sunt veniam ipsam ut et animi quam. Dolorum soluta voluptas dignissimos recusandae sit. Quo aliquam optio aut maiores est natus ut. Aspernatur unde ipsa eaque nisi.', '2017-01-10 03:48:21', '2017-01-10 03:48:21'),
	(892, 926, 'Perspiciatis voluptas earum consequuntur et accusamus sit. Unde debitis sed placeat consequatur ab officia est. Qui accusamus nesciunt enim qui aperiam ipsam aspernatur. Quas in fugit nobis sint maxime ea aspernatur neque.', '2017-01-10 03:48:21', '2017-01-10 03:48:21'),
	(893, 903, 'Qui dolore et quia at dolor. Velit consequatur nisi est dolores quam a reiciendis. Dolorem ullam minima consequatur molestias iusto modi nostrum.', '2017-01-10 03:48:22', '2017-01-10 03:48:22'),
	(894, 703, 'Quis nobis non consequatur est et est. Est qui et porro ut quisquam cum officiis. Ipsa sapiente non aut aut. Nostrum qui aspernatur pariatur.', '2017-01-10 03:48:22', '2017-01-10 03:48:22'),
	(895, 708, 'Nemo et et ipsam. Cupiditate odit consequatur blanditiis aperiam omnis tempore quisquam cupiditate. Doloremque harum animi voluptas aut amet enim.', '2017-01-10 03:48:22', '2017-01-10 03:48:22'),
	(896, 985, 'In et consequatur facere et excepturi. Alias a dicta autem occaecati deserunt quod. Placeat id corrupti dolorem. Rerum corporis et consequatur tempora id perferendis.', '2017-01-10 03:48:22', '2017-01-10 03:48:22'),
	(897, 689, 'Qui ullam qui fuga eius eum et odio. Vitae ea adipisci est sed sunt eius. Velit aut facilis dolorem maxime molestiae maiores tenetur sed. Quo ipsam qui repellendus consequuntur aut ipsam non. Aut sequi occaecati sunt commodi.', '2017-01-10 03:48:22', '2017-01-10 03:48:22'),
	(898, 729, 'Nesciunt quis molestiae inventore voluptas culpa illum quia. Adipisci saepe molestias sit est nobis modi quo dolore. Quae voluptates ut aperiam molestiae qui. Ex corrupti corrupti cumque earum magni voluptatem.', '2017-01-10 03:48:22', '2017-01-10 03:48:22'),
	(899, 730, 'Ea commodi et repudiandae est ipsam quod. Qui similique dignissimos aut. Similique excepturi dolores sed. Aut repudiandae dolores ipsum ut. Iure explicabo inventore sunt quia rerum illum.', '2017-01-10 03:48:22', '2017-01-10 03:48:22'),
	(900, 743, 'Sit expedita necessitatibus distinctio nam et. Itaque voluptatem adipisci perspiciatis magni explicabo. Enim libero quibusdam veritatis adipisci id.', '2017-01-10 03:48:23', '2017-01-10 03:48:23'),
	(901, 597, 'Ea repudiandae laudantium temporibus corporis optio. Perferendis ad voluptatem velit laudantium est. Quidem eos nemo inventore ipsa repellat et. Aspernatur nisi perspiciatis ea autem harum.', '2017-01-10 03:48:23', '2017-01-10 03:48:23'),
	(902, 797, 'Quibusdam rerum aut sed ab. Cupiditate voluptatum enim sapiente voluptas consequuntur quo. Ut non dolor assumenda sed. Dolorem rerum quam qui recusandae facilis veniam nihil sapiente. Earum ea eveniet et in.', '2017-01-10 03:48:23', '2017-01-10 03:48:23'),
	(903, 581, 'Incidunt iure sed nesciunt aut. Aperiam ea repellat rerum error. Voluptates culpa enim quia ea.', '2017-01-10 03:48:23', '2017-01-10 03:48:23'),
	(904, 601, 'At saepe quidem sunt aliquam et ea. Quam sed facilis aut quia aut. Aut qui enim corporis corrupti eaque dolores in. Sit voluptatem ut ut velit magni et exercitationem.', '2017-01-10 03:48:23', '2017-01-10 03:48:23'),
	(905, 870, 'Doloremque libero non cum omnis. Omnis repudiandae distinctio rem et molestiae.', '2017-01-10 03:48:23', '2017-01-10 03:48:23'),
	(906, 686, 'Perferendis unde quaerat at ipsam quo voluptas. Qui in optio velit quis. At et asperiores tempora eaque quia dolore nobis. Ad aliquam repellendus qui sit sapiente.', '2017-01-10 03:48:23', '2017-01-10 03:48:23'),
	(907, 759, 'Ea consequatur reiciendis et repellendus. Quaerat aut quis ratione sed aut. Ex ex ipsum amet in laudantium culpa sed. Optio cum eum aliquid et dolorem et deleniti.', '2017-01-10 03:48:24', '2017-01-10 03:48:24'),
	(908, 680, 'Maxime harum et a asperiores repellendus. Ea cupiditate ipsam et repudiandae.', '2017-01-10 03:48:25', '2017-01-10 03:48:25'),
	(909, 510, 'Mollitia aspernatur eum et quia repellat minus. Non doloremque libero nihil aperiam eaque. Maiores et error possimus nostrum. Libero dolorum alias est unde porro dignissimos aliquam.', '2017-01-10 03:48:25', '2017-01-10 03:48:25'),
	(910, 684, 'Necessitatibus ratione doloremque sed et similique est voluptatem. Nihil ea nam numquam voluptas recusandae voluptas voluptatem. Placeat expedita facilis dolorem eos inventore.', '2017-01-10 03:48:25', '2017-01-10 03:48:25'),
	(911, 977, 'Perferendis et vel quibusdam fugiat aut beatae occaecati magnam. Velit voluptatem earum sit dolore dolorem ut exercitationem repellendus. Nisi vitae incidunt sunt ipsam et.', '2017-01-10 03:48:25', '2017-01-10 03:48:25'),
	(912, 508, 'Cumque natus quo hic atque. Corrupti quod repellat culpa fuga totam sint ea. Ut harum neque consequatur voluptas deleniti. Voluptatem quae sed totam rerum qui.', '2017-01-10 03:48:25', '2017-01-10 03:48:25'),
	(913, 816, 'Aut porro maxime facilis id. Enim maxime ratione velit voluptatem qui dolor dolorem veritatis.', '2017-01-10 03:48:26', '2017-01-10 03:48:26'),
	(914, 767, 'Aut voluptatum eveniet velit inventore doloribus maiores perferendis soluta. Modi earum rerum quia totam. Consequatur neque est et nulla suscipit. Et et incidunt quibusdam. Iste iure omnis commodi qui porro ad.', '2017-01-10 03:48:26', '2017-01-10 03:48:26'),
	(915, 715, 'Officia ut fugit et. Qui ea dolorem quae magnam quod non. Ut est iste iusto repellat eligendi est optio. Qui voluptatem quae aperiam ad ut sit.', '2017-01-10 03:48:26', '2017-01-10 03:48:26'),
	(916, 711, 'Id maiores laboriosam ut asperiores. Et pariatur atque eaque eos consectetur et ex. Aut neque commodi quis qui aperiam dicta hic.', '2017-01-10 03:48:26', '2017-01-10 03:48:26'),
	(917, 580, 'Accusamus sequi accusantium aut voluptate. Eum aliquam qui delectus officia cumque aut. Qui qui magnam qui earum ratione sapiente possimus. Modi molestias sapiente impedit doloremque dolorem.', '2017-01-10 03:48:26', '2017-01-10 03:48:26'),
	(918, 717, 'Eum ab molestiae et nesciunt qui aliquam. Molestiae cum qui qui accusantium facere rem. Ut dignissimos voluptate reprehenderit natus. Eaque voluptatem et sed omnis eaque impedit.', '2017-01-10 03:48:26', '2017-01-10 03:48:26'),
	(919, 994, 'Nostrum consequatur cupiditate occaecati nesciunt porro odit corporis. Incidunt ipsam aut tenetur aut aut consectetur voluptatem non. Laboriosam et possimus iure sequi quis.', '2017-01-10 03:48:26', '2017-01-10 03:48:26'),
	(920, 598, 'Ut rerum ad qui deleniti molestias sit eos. Consequatur modi aut corporis voluptate. Sed eum exercitationem dolor omnis dignissimos soluta. Iste itaque veritatis quia.', '2017-01-10 03:48:27', '2017-01-10 03:48:27'),
	(921, 533, 'Dignissimos deserunt enim animi quod. Omnis quisquam natus quae quae. Eum itaque laudantium temporibus distinctio aperiam ut. Totam nisi quaerat molestias porro voluptas et et.', '2017-01-10 03:48:27', '2017-01-10 03:48:27'),
	(922, 742, 'Labore placeat tenetur nihil et laboriosam omnis quaerat ipsam. Explicabo rerum porro non non ab perspiciatis. Eveniet similique ducimus velit ullam repellendus excepturi. Et et autem quam id ut maxime eligendi ut.', '2017-01-10 03:48:27', '2017-01-10 03:48:27'),
	(923, 550, 'Et culpa exercitationem dolorum animi explicabo quod. Aut molestias soluta quia impedit.', '2017-01-10 03:48:27', '2017-01-10 03:48:27'),
	(924, 856, 'Nulla ut qui dolor magni et. Architecto ut rem recusandae est commodi. Quam et est incidunt qui qui tempora ipsam. Sunt quis sit earum ea. Illo et voluptas commodi unde illum quo est.', '2017-01-10 03:48:27', '2017-01-10 03:48:27'),
	(925, 862, 'Quod minima quis quos est tempore voluptatibus explicabo. Ab laudantium ipsa suscipit harum atque corporis. Non quos et dolores quia. Consequatur dolores cum tempore quod laboriosam.', '2017-01-10 03:48:27', '2017-01-10 03:48:27'),
	(926, 831, 'Quia alias id possimus consequatur officiis dolores sed odio. Voluptas ipsum est nesciunt velit et soluta sed animi.', '2017-01-10 03:48:27', '2017-01-10 03:48:27'),
	(927, 613, 'Quas et officiis ratione doloremque aspernatur ut blanditiis. Est porro quibusdam ut velit quasi quo et. Occaecati aut maiores cumque doloremque nulla. Ea quod cumque quis magnam totam aspernatur.', '2017-01-10 03:48:27', '2017-01-10 03:48:27'),
	(928, 927, 'Quisquam ducimus et ducimus qui laboriosam et officia. Labore a ratione temporibus ex. Quasi magni et et eveniet soluta mollitia nulla.', '2017-01-10 03:48:27', '2017-01-10 03:48:27'),
	(929, 792, 'Adipisci error ut adipisci enim cupiditate nihil saepe. Magnam minus itaque qui cupiditate et delectus amet. Amet esse nesciunt soluta. Quis nostrum nostrum dicta perspiciatis voluptatem rerum.', '2017-01-10 03:48:27', '2017-01-10 03:48:27'),
	(930, 654, 'Eius minima voluptas dolor modi qui dolore veniam illo. Dicta praesentium eos et sunt ullam. Repudiandae quibusdam totam autem tenetur eius.', '2017-01-10 03:48:28', '2017-01-10 03:48:28'),
	(931, 794, 'Qui ut laboriosam inventore reiciendis. Quo expedita dolorem aut autem et temporibus deleniti aliquam. Ut consectetur maiores illo quibusdam cum iste et.', '2017-01-10 03:48:28', '2017-01-10 03:48:28'),
	(932, 630, 'Repellendus velit impedit sed. Deserunt animi doloremque corporis voluptate. Labore doloremque libero occaecati.', '2017-01-10 03:48:28', '2017-01-10 03:48:28'),
	(933, 914, 'Et odio est cumque porro. Incidunt iure pariatur recusandae est. Et sed eaque quis non consequatur mollitia.', '2017-01-10 03:48:28', '2017-01-10 03:48:28'),
	(934, 835, 'Voluptatem adipisci et quod rerum alias ea. Ut corporis laboriosam at accusantium libero qui quo. Libero eius possimus modi et et.', '2017-01-10 03:48:28', '2017-01-10 03:48:28'),
	(935, 541, 'Incidunt consectetur et rem explicabo voluptatem. Dignissimos porro ratione sapiente minus harum occaecati neque ipsam. Enim et quis error possimus accusamus. Distinctio dolorum omnis non illo est error molestias. Quisquam et laudantium earum in illo plac', '2017-01-10 03:48:28', '2017-01-10 03:48:28'),
	(936, 855, 'Rem aut veniam tempora saepe. Excepturi voluptates non molestiae et natus. Et possimus fugiat assumenda quae.', '2017-01-10 03:48:28', '2017-01-10 03:48:28'),
	(937, 680, 'Molestias eius quisquam ut distinctio aliquid dolores animi qui. Tempora amet fuga sit rerum. Corrupti in nam culpa laborum. Fugiat nostrum voluptas ratione.', '2017-01-10 03:48:28', '2017-01-10 03:48:28'),
	(938, 905, 'Et totam sint velit non. Doloremque laborum nesciunt unde nihil culpa error. Eos distinctio eum eius quasi aut. Ipsam quia et totam consectetur. Consequuntur enim et aut eligendi dolores atque nostrum.', '2017-01-10 03:48:28', '2017-01-10 03:48:28'),
	(939, 504, 'Saepe ullam et cumque aut est est. Aut in illo vero veritatis velit et. Voluptas enim aut voluptatem earum est libero.', '2017-01-10 03:48:28', '2017-01-10 03:48:28'),
	(940, 611, 'Iusto repudiandae eum maxime voluptatem. Atque et enim aut natus et. Adipisci molestias a vel quasi voluptatem.', '2017-01-10 03:48:29', '2017-01-10 03:48:29'),
	(941, 516, 'Qui et qui iure omnis autem officia ipsam eligendi. Temporibus qui molestias sint. Modi asperiores sed distinctio eaque ex dolor qui.', '2017-01-10 03:48:29', '2017-01-10 03:48:29'),
	(942, 753, 'Aut labore eum illo dignissimos. Error voluptatem repellat deserunt similique sint. Sit qui quaerat ea.', '2017-01-10 03:48:29', '2017-01-10 03:48:29'),
	(943, 510, 'Dolorem culpa fuga voluptas minus repudiandae est. Accusantium aperiam nihil ab consectetur et vero. Dolores aut vel voluptas quis unde. Dolor et et consequatur autem veritatis.', '2017-01-10 03:48:29', '2017-01-10 03:48:29'),
	(944, 503, 'Tempore qui ab sit debitis beatae voluptate distinctio. Omnis magni sunt aut distinctio asperiores delectus sit vero.', '2017-01-10 03:48:29', '2017-01-10 03:48:29'),
	(945, 891, 'Porro assumenda et et excepturi non quos. Mollitia aut blanditiis quibusdam ea aut. Illum ut sequi error eveniet quaerat molestias.', '2017-01-10 03:48:29', '2017-01-10 03:48:29'),
	(946, 843, 'Nisi fugiat labore ipsum voluptatem molestias modi. Earum cupiditate et laboriosam similique eius repudiandae. Ducimus omnis aliquid enim necessitatibus commodi recusandae occaecati.', '2017-01-10 03:48:29', '2017-01-10 03:48:29'),
	(947, 548, 'Esse accusantium maiores iure enim soluta aut voluptas. Assumenda accusamus dignissimos deserunt non omnis quia et. Voluptatem quo quia in quia debitis nesciunt. Aut aspernatur quia iusto non ut.', '2017-01-10 03:48:29', '2017-01-10 03:48:29'),
	(948, 816, 'Qui quis esse iusto libero animi iste nemo. Ad animi illum veritatis qui laboriosam unde sit perspiciatis. Est saepe dolore voluptatem quaerat amet aut in.', '2017-01-10 03:48:30', '2017-01-10 03:48:30'),
	(949, 706, 'Inventore est omnis autem reiciendis enim. Provident facilis corrupti et sapiente perferendis fugit. Sint eos fuga praesentium ut. Et recusandae hic rem perspiciatis nam.', '2017-01-10 03:48:30', '2017-01-10 03:48:30'),
	(950, 714, 'Aut ut quis id veniam reiciendis qui repudiandae. Vitae explicabo non tempora molestias qui repellendus sit. Velit voluptas rerum laudantium doloremque alias optio optio. Accusantium aut ipsum blanditiis totam ipsum laborum similique et.', '2017-01-10 03:48:30', '2017-01-10 03:48:30'),
	(951, 972, 'Nam dicta aut et omnis non. Qui sed enim animi accusantium voluptatem omnis. Saepe omnis reprehenderit animi doloribus temporibus. Suscipit quis quibusdam tempora officiis omnis beatae provident et.', '2017-01-10 03:48:30', '2017-01-10 03:48:30'),
	(952, 545, 'In minima accusamus inventore doloribus vero iste. Exercitationem sapiente aut aut velit repellat. Labore perferendis quia enim velit dolore. Quo et eveniet illo explicabo quas.', '2017-01-10 03:48:30', '2017-01-10 03:48:30'),
	(953, 594, 'Odio quis animi est est possimus atque. Ipsum omnis et unde reiciendis. Doloribus ex dolorem aspernatur porro. Quisquam ut illum rerum officiis excepturi aperiam quam.', '2017-01-10 03:48:30', '2017-01-10 03:48:30'),
	(954, 976, 'Quibusdam quia molestiae dolor saepe incidunt soluta. Distinctio cum dolores dignissimos ipsa qui et. Enim voluptatem est eveniet iste est. Enim et et recusandae consectetur.', '2017-01-10 03:48:30', '2017-01-10 03:48:30'),
	(955, 629, 'Repellendus eligendi ducimus sunt. Praesentium perferendis inventore voluptatem at modi dolor qui. Ducimus voluptatibus enim sint minus sit dolores.', '2017-01-10 03:48:30', '2017-01-10 03:48:30'),
	(956, 568, 'Ipsam voluptas reprehenderit autem ut officia eaque eaque. Ad voluptates ut similique distinctio odit iste facilis. Reiciendis similique est neque nulla accusamus nemo saepe et.', '2017-01-10 03:48:31', '2017-01-10 03:48:31'),
	(957, 787, 'Voluptates voluptas aut quo praesentium quaerat ea vero. Ipsam quisquam similique vero vel non nihil. Accusamus explicabo quia cum perferendis aperiam. Accusantium labore quia ea magni est distinctio.', '2017-01-10 03:48:31', '2017-01-10 03:48:31'),
	(958, 820, 'Mollitia eum et nam itaque recusandae ea saepe. Quo cum suscipit ratione ipsam eligendi minima. Et ut possimus vel est dolores et.', '2017-01-10 03:48:31', '2017-01-10 03:48:31'),
	(959, 655, 'Vitae ut magnam voluptas aut minima magni nisi. Quisquam saepe nisi asperiores commodi iusto nihil. Laboriosam odit mollitia est. Quia numquam et laudantium architecto illum ut voluptas.', '2017-01-10 03:48:31', '2017-01-10 03:48:31'),
	(960, 969, 'Culpa repellat ut quaerat accusantium ratione. Nesciunt sed hic totam ipsum est aut non. Quam dolore optio maiores ipsam. Sequi nobis quaerat error aut et nihil.', '2017-01-10 03:48:31', '2017-01-10 03:48:31'),
	(961, 947, 'Iste sed iure omnis quod. Enim aut error aut optio molestiae quia molestiae velit. Rerum excepturi perspiciatis corporis rerum sit voluptas. Adipisci magni non ut voluptatibus dolor. Ipsum voluptas quam enim vel.', '2017-01-10 03:48:31', '2017-01-10 03:48:31'),
	(962, 955, 'Reiciendis et odit laborum aliquam officiis qui. Perspiciatis accusantium vel enim quia nemo hic sunt. Esse occaecati voluptate autem dicta.', '2017-01-10 03:48:31', '2017-01-10 03:48:31'),
	(963, 701, 'Quidem possimus enim asperiores veritatis et impedit necessitatibus. Laborum labore eaque et soluta. Officia ab cumque eum voluptas perferendis illo nihil. Ad esse iure fuga sed odio nobis in itaque.', '2017-01-10 03:48:31', '2017-01-10 03:48:31'),
	(964, 709, 'Laboriosam impedit provident quod id quo. Fugiat voluptatem qui non repudiandae assumenda recusandae. Est omnis excepturi voluptatum est ducimus magni in. Fugiat quisquam cupiditate consequatur harum.', '2017-01-10 03:48:32', '2017-01-10 03:48:32'),
	(965, 646, 'Aliquam est tempora dignissimos eum. Dolores dignissimos minima et eos. Dolorum perferendis dolorem saepe amet ratione neque.', '2017-01-10 03:48:32', '2017-01-10 03:48:32'),
	(966, 739, 'Corporis recusandae accusantium quia incidunt ratione ullam amet eius. Voluptas molestiae non earum ex itaque a et excepturi. Velit nostrum est qui autem nesciunt recusandae rerum.', '2017-01-10 03:48:33', '2017-01-10 03:48:33'),
	(967, 905, 'Quis facere aperiam expedita voluptate officiis. Cum velit sit cum et delectus. Voluptas tempore veritatis id autem.', '2017-01-10 03:48:33', '2017-01-10 03:48:33'),
	(968, 636, 'Et nemo consequatur repellat non. Voluptatem quis voluptatem veniam aut assumenda. Corporis aut eum vel enim enim quis aspernatur.', '2017-01-10 03:48:34', '2017-01-10 03:48:34'),
	(969, 866, 'Vel labore fuga qui molestiae adipisci fuga velit officiis. Magni eius qui quia quam perspiciatis voluptatem inventore iusto. Ut nobis occaecati fuga voluptatibus qui velit fugit. Laudantium voluptatem dolore illo ut quia placeat.', '2017-01-10 03:48:34', '2017-01-10 03:48:34'),
	(970, 515, 'In nam vitae porro repellendus aliquam deleniti. Porro sit consectetur velit voluptatem deserunt quod sapiente.', '2017-01-10 03:48:35', '2017-01-10 03:48:35'),
	(971, 721, 'Qui officia minus perspiciatis veritatis. Enim et placeat optio sint aliquam. Placeat porro sed dolorem ex libero reiciendis.', '2017-01-10 03:48:35', '2017-01-10 03:48:35'),
	(972, 698, 'Temporibus eveniet omnis est nam distinctio. Id culpa debitis nam voluptatem aut facere natus. Eligendi vel quia consequatur est eveniet aspernatur veniam neque. Molestiae consectetur harum distinctio aut.', '2017-01-10 03:48:35', '2017-01-10 03:48:35'),
	(973, 862, 'Consequatur nulla dolores eius adipisci adipisci necessitatibus rerum. Possimus expedita tempore neque ad repellat. Dignissimos aut et necessitatibus sint et eligendi explicabo. Ex unde perspiciatis sit eligendi. Rerum dolores et sit.', '2017-01-10 03:48:36', '2017-01-10 03:48:36'),
	(974, 761, 'Quasi velit quisquam sint qui sed ut. Cumque aut aspernatur soluta est molestiae tempora eveniet voluptatem. Rerum dolor commodi deserunt. Debitis at est culpa sit recusandae et quo.', '2017-01-10 03:48:36', '2017-01-10 03:48:36'),
	(975, 701, 'Laborum repellendus aut nihil mollitia. Perspiciatis rem temporibus culpa sequi veniam dolorem et. Magnam quia adipisci ab voluptatem. Omnis ut facere in blanditiis enim.', '2017-01-10 03:48:36', '2017-01-10 03:48:36'),
	(976, 585, 'Qui at officiis harum dolorem. Dignissimos ad adipisci accusantium nisi aut ea id ex. Voluptas earum et voluptas. Harum velit necessitatibus et iure similique necessitatibus.', '2017-01-10 03:48:37', '2017-01-10 03:48:37'),
	(977, 938, 'Vel suscipit reiciendis tempore eius aut. Ipsum ullam ut quam architecto est ut. Earum minima sed a voluptates.', '2017-01-10 03:48:37', '2017-01-10 03:48:37'),
	(978, 577, 'Eum cumque dolores id voluptates ab. Ut voluptates corrupti nobis suscipit esse. A vero dolor voluptas ab repudiandae laboriosam neque.', '2017-01-10 03:48:37', '2017-01-10 03:48:37'),
	(979, 790, 'Quia repudiandae corrupti nisi voluptatem incidunt iusto. Unde nulla debitis atque necessitatibus et laudantium dolores. Qui et consequatur ea ea ex et. Deleniti veritatis adipisci et ab velit ea voluptates. In harum earum qui fugiat aut.', '2017-01-10 03:48:38', '2017-01-10 03:48:38'),
	(980, 622, 'Sequi eos dolor nulla voluptatibus quae corporis dolore. Aspernatur voluptate possimus ut nemo commodi delectus eum. Rerum voluptatibus enim id quaerat nostrum. Odio et eius consequatur.', '2017-01-10 03:48:38', '2017-01-10 03:48:38'),
	(981, 506, 'Quas sint molestias maiores. At sed voluptatem velit praesentium. Saepe consectetur totam corrupti nobis consequuntur. Dolor illo architecto consectetur quo.', '2017-01-10 03:48:38', '2017-01-10 03:48:38'),
	(982, 705, 'Id laborum delectus vitae qui ut. Alias est sequi culpa. Cumque nam perferendis a saepe voluptatem eum. Sit molestiae tenetur ut error suscipit nam natus.', '2017-01-10 03:48:38', '2017-01-10 03:48:38'),
	(983, 929, 'Quia magnam sunt sequi. Officia debitis distinctio libero nisi nemo. Distinctio non veniam accusantium magni qui consequatur praesentium.', '2017-01-10 03:48:39', '2017-01-10 03:48:39'),
	(984, 818, 'Dolor sit et tempora sint quis. Nobis enim veniam soluta id dolore.', '2017-01-10 03:48:39', '2017-01-10 03:48:39'),
	(985, 549, 'Voluptatem cumque incidunt quos totam. Est itaque tenetur at eaque atque non eos. Aut atque voluptatem quisquam quas excepturi.', '2017-01-10 03:48:39', '2017-01-10 03:48:39'),
	(986, 670, 'Praesentium eveniet rerum molestias. Officiis deleniti mollitia delectus architecto. Est numquam et quia voluptas omnis sit ea.', '2017-01-10 03:48:39', '2017-01-10 03:48:39'),
	(987, 887, 'Quia voluptate autem doloremque vitae voluptate numquam. Est accusantium doloremque unde alias magnam. Ut in ipsam eos sequi nihil. Eum dolor perspiciatis aut in et molestiae omnis.', '2017-01-10 03:48:39', '2017-01-10 03:48:39'),
	(988, 536, 'Eius commodi illum possimus atque nulla et expedita. Quia culpa rem maxime. Sed iste harum ipsam.', '2017-01-10 03:48:39', '2017-01-10 03:48:39'),
	(989, 554, 'Eos animi sapiente sint illum accusamus. Eligendi rerum eligendi sit unde ut dolores. Nobis soluta voluptate impedit recusandae.', '2017-01-10 03:48:39', '2017-01-10 03:48:39'),
	(990, 505, 'Vel modi velit quo exercitationem officia quaerat in eos. Enim aut laudantium libero officiis. Distinctio eos est dicta repellat id est.', '2017-01-10 03:48:39', '2017-01-10 03:48:39'),
	(991, 943, 'Consectetur deleniti dolorem ea nesciunt repudiandae. Commodi similique voluptatum qui quidem architecto et consequuntur. Est voluptatum qui veritatis fugit molestiae voluptas. Cupiditate commodi ullam et quisquam ab.', '2017-01-10 03:48:39', '2017-01-10 03:48:39'),
	(992, 615, 'Quis dolores laborum repellendus magni ullam libero. Quo laudantium ea in facilis.', '2017-01-10 03:48:40', '2017-01-10 03:48:40'),
	(993, 740, 'Quos accusantium eos harum aspernatur a occaecati expedita. Non reiciendis voluptatem aut sapiente. Est non modi nemo.', '2017-01-10 03:48:40', '2017-01-10 03:48:40'),
	(994, 986, 'Vitae nesciunt aspernatur quae incidunt vel sint nostrum. Non deleniti assumenda ipsum rerum. A voluptatem sit molestiae perspiciatis quae alias. Repellendus aliquam pariatur consectetur quidem commodi.', '2017-01-10 03:48:40', '2017-01-10 03:48:40'),
	(995, 837, 'Magni quis et laudantium eum. Omnis et nesciunt animi sint sapiente maiores deserunt.', '2017-01-10 03:48:40', '2017-01-10 03:48:40'),
	(996, 925, 'Eos et atque qui iste minima. Excepturi vero voluptas est. Enim voluptatibus et earum quibusdam commodi voluptatibus. Necessitatibus ut amet perferendis et sequi.', '2017-01-10 03:48:40', '2017-01-10 03:48:40'),
	(997, 645, 'Vel omnis voluptatem reprehenderit explicabo impedit ut ut. Libero beatae doloremque quam eum nihil nesciunt. Asperiores nulla rerum voluptas aut culpa quasi nulla in.', '2017-01-10 03:48:40', '2017-01-10 03:48:40'),
	(998, 904, 'Quam maiores voluptate et aut in officiis aut. Voluptatibus et corporis illo facere. Eos corporis nam consequuntur. Quo molestiae aliquam est cum tenetur voluptas voluptatem.', '2017-01-10 03:48:40', '2017-01-10 03:48:40'),
	(999, 596, 'Nihil praesentium vitae cumque consequatur velit nihil. Qui natus maxime iure fugit vel. Rerum vel tempora rerum quia deleniti expedita itaque. Cupiditate exercitationem earum officia alias nulla et minima voluptatum.', '2017-01-10 03:48:41', '2017-01-10 03:48:41'),
	(1000, 998, 'Et est iusto numquam excepturi eius aut sapiente. Error quidem temporibus est itaque sint. Ut quis ut nihil amet.', '2017-01-10 03:48:41', '2017-01-10 03:48:41');
/*!40000 ALTER TABLE `posts` ENABLE KEYS */;


-- Dumping structure for table timf.products
DROP TABLE IF EXISTS `products`;
CREATE TABLE IF NOT EXISTS `products` (
  `id` int(11) NOT NULL,
  `ProductCode` varchar(500) DEFAULT NULL,
  `ProductName` varchar(500) DEFAULT NULL,
  `ProductNameEng` varchar(500) DEFAULT NULL,
  `ProductNameBanglaShort` varchar(500) DEFAULT NULL,
  `ProductNameBanglaFull` varchar(500) DEFAULT NULL,
  `ProductType` varchar(500) DEFAULT NULL,
  `ServiceChargeRate` varchar(500) DEFAULT NULL,
  `Duration` varchar(500) DEFAULT NULL,
  `MainProductName` varchar(500) DEFAULT NULL,
  `MainItemName` varchar(500) DEFAULT NULL,
  `LoanInstallation` varchar(500) DEFAULT NULL,
  `InstallationServiceCharge` varchar(500) DEFAULT NULL,
  `SavingInstallment` varchar(500) DEFAULT NULL,
  `MinimumLimit` varchar(500) DEFAULT NULL,
  `MaximumLimit` varchar(500) DEFAULT NULL,
  `ServiceChargeCalculationMethod` varchar(500) DEFAULT NULL,
  `PaymentFrequency` varchar(500) DEFAULT NULL,
  `InsuranceItemCode` varchar(500) DEFAULT NULL,
  `InsuranceItemRate` varchar(500) DEFAULT NULL,
  `name` varchar(500) DEFAULT NULL,
  `created_at` datetime DEFAULT NULL,
  `updated_at` datetime DEFAULT NULL,
  PRIMARY KEY (`id`)
) ENGINE=InnoDB DEFAULT CHARSET=utf8;

-- Dumping data for table timf.products: ~2 rows (approximately)
DELETE FROM `products`;
/*!40000 ALTER TABLE `products` DISABLE KEYS */;
INSERT INTO `products` (`id`, `ProductCode`, `ProductName`, `ProductNameEng`, `ProductNameBanglaShort`, `ProductNameBanglaFull`, `ProductType`, `ServiceChargeRate`, `Duration`, `MainProductName`, `MainItemName`, `LoanInstallation`, `InstallationServiceCharge`, `SavingInstallment`, `MinimumLimit`, `MaximumLimit`, `ServiceChargeCalculationMethod`, `PaymentFrequency`, `InsuranceItemCode`, `InsuranceItemRate`, `name`, `created_at`, `updated_at`) VALUES
	(1, 'fghf', 'sadfgdg', 'sdfgsg', 'sdgfdg', 'asfdg', 'sdfg', 'sdg', NULL, NULL, NULL, NULL, NULL, NULL, NULL, NULL, NULL, NULL, NULL, NULL, NULL, NULL, NULL),
	(2, 'xcvbcn', 'xcbcv', 'b n', 'xcbcv', 'xcbncv', 'xcbxcvn', '456', '', '', '', '', '', '', '', '', '', '', '', '', NULL, '2017-01-11 10:08:49', '2017-01-11 10:08:49');
/*!40000 ALTER TABLE `products` ENABLE KEYS */;


-- Dumping structure for table timf.producttypes
DROP TABLE IF EXISTS `producttypes`;
CREATE TABLE IF NOT EXISTS `producttypes` (
  `id` int(11) NOT NULL AUTO_INCREMENT,
  `name` varchar(500) DEFAULT NULL,
  `ProducttypeyName` varchar(500) DEFAULT NULL,
  `ProducttypeyCode` varchar(500) DEFAULT NULL,
  `created_at` datetime DEFAULT NULL,
  `updated_at` datetime DEFAULT NULL,
  PRIMARY KEY (`id`)
) ENGINE=InnoDB AUTO_INCREMENT=2 DEFAULT CHARSET=utf8;

-- Dumping data for table timf.producttypes: ~0 rows (approximately)
DELETE FROM `producttypes`;
/*!40000 ALTER TABLE `producttypes` DISABLE KEYS */;
INSERT INTO `producttypes` (`id`, `name`, `ProducttypeyName`, `ProducttypeyCode`, `created_at`, `updated_at`) VALUES
	(1, NULL, '11', '22', '2017-01-21 13:41:55', '2017-01-21 13:42:02');
/*!40000 ALTER TABLE `producttypes` ENABLE KEYS */;


-- Dumping structure for table timf.purposes
DROP TABLE IF EXISTS `purposes`;
CREATE TABLE IF NOT EXISTS `purposes` (
  `id` int(11) NOT NULL,
  `name` varchar(500) DEFAULT NULL,
  `PurposeCode` varchar(500) DEFAULT NULL,
  `PurposeName` varchar(500) DEFAULT NULL,
  `created_at` datetime DEFAULT NULL,
  `updated_at` datetime DEFAULT NULL,
  PRIMARY KEY (`id`)
) ENGINE=InnoDB DEFAULT CHARSET=utf8;

-- Dumping data for table timf.purposes: ~2 rows (approximately)
DELETE FROM `purposes`;
/*!40000 ALTER TABLE `purposes` DISABLE KEYS */;
INSERT INTO `purposes` (`id`, `name`, `PurposeCode`, `PurposeName`, `created_at`, `updated_at`) VALUES
	(1, 'name1mo', '001', 'মহিলা ক্ষমতায়ন', NULL, '2017-01-11 10:16:08'),
	(2, NULL, '002', 'পুরুষ অধিকার সংঘ', '2017-01-11 10:16:52', '2017-01-11 10:16:52');
/*!40000 ALTER TABLE `purposes` ENABLE KEYS */;


-- Dumping structure for table timf.savings
DROP TABLE IF EXISTS `savings`;
CREATE TABLE IF NOT EXISTS `savings` (
  `id` int(11) NOT NULL AUTO_INCREMENT,
  `serial_no` int(11) DEFAULT NULL,
  `member_name` varchar(500) DEFAULT NULL,
  `member_id` int(11) DEFAULT NULL,
  `mobile_no` varchar(500) DEFAULT NULL,
  `date` varchar(500) DEFAULT NULL,
  `month_name` varchar(500) DEFAULT NULL,
  `saving_amount` decimal(15,2) DEFAULT NULL,
  `name` varchar(500) DEFAULT NULL,
  `unitprice` decimal(10,2) DEFAULT '0.00',
  `created_at` datetime DEFAULT NULL,
  `updated_at` datetime DEFAULT NULL,
  PRIMARY KEY (`id`)
) ENGINE=InnoDB DEFAULT CHARSET=utf8;

-- Dumping data for table timf.savings: ~0 rows (approximately)
DELETE FROM `savings`;
/*!40000 ALTER TABLE `savings` DISABLE KEYS */;
/*!40000 ALTER TABLE `savings` ENABLE KEYS */;


-- Dumping structure for table timf.shares
DROP TABLE IF EXISTS `shares`;
CREATE TABLE IF NOT EXISTS `shares` (
  `id` int(11) NOT NULL AUTO_INCREMENT,
  `name` varchar(500) DEFAULT NULL,
  `serial_no` varchar(500) DEFAULT NULL,
  `member_name` varchar(500) DEFAULT NULL,
  `member_id` varchar(500) DEFAULT NULL,
  `mobile_no` varchar(500) DEFAULT NULL,
  `date12` varchar(500) DEFAULT NULL,
  `share_number` varchar(500) DEFAULT NULL,
  `share_amount` varchar(500) DEFAULT NULL,
  `unitprice` decimal(10,2) DEFAULT '0.00',
  `created_at` datetime DEFAULT NULL,
  `updated_at` datetime DEFAULT NULL,
  PRIMARY KEY (`id`)
) ENGINE=InnoDB DEFAULT CHARSET=utf8;

-- Dumping data for table timf.shares: ~0 rows (approximately)
DELETE FROM `shares`;
/*!40000 ALTER TABLE `shares` DISABLE KEYS */;
/*!40000 ALTER TABLE `shares` ENABLE KEYS */;


-- Dumping structure for table timf.surveys
DROP TABLE IF EXISTS `surveys`;
CREATE TABLE IF NOT EXISTS `surveys` (
  `id` int(10) unsigned NOT NULL AUTO_INCREMENT,
  `name` varchar(100) COLLATE utf8_unicode_ci NOT NULL,
  `SurveyCode` varchar(100) COLLATE utf8_unicode_ci NOT NULL,
  `ZoneId` varchar(100) COLLATE utf8_unicode_ci NOT NULL,
  `AreaId` varchar(100) COLLATE utf8_unicode_ci NOT NULL,
  `BranchId` varchar(100) COLLATE utf8_unicode_ci NOT NULL,
  `NameTitle` varchar(100) COLLATE utf8_unicode_ci NOT NULL,
  `FirstName` varchar(100) COLLATE utf8_unicode_ci NOT NULL,
  `LastName` varchar(100) COLLATE utf8_unicode_ci NOT NULL,
  `FamilyName` varchar(100) COLLATE utf8_unicode_ci NOT NULL,
  `FullNameBangla` varchar(100) COLLATE utf8_unicode_ci NOT NULL,
  `Gender` varchar(100) COLLATE utf8_unicode_ci NOT NULL,
  `Age` varchar(100) COLLATE utf8_unicode_ci NOT NULL,
  `Education` varchar(100) COLLATE utf8_unicode_ci NOT NULL,
  `PassingYear` varchar(100) COLLATE utf8_unicode_ci NOT NULL,
  `FatherOrHasbandNAmeTitle` varchar(100) COLLATE utf8_unicode_ci NOT NULL,
  `FatherOrHasbandFirstName` varchar(100) COLLATE utf8_unicode_ci NOT NULL,
  `FatherOrHasbandLastName` varchar(100) COLLATE utf8_unicode_ci NOT NULL,
  `FatherOrHasbandAge` varchar(100) COLLATE utf8_unicode_ci NOT NULL,
  `MatherNameTitle` varchar(100) COLLATE utf8_unicode_ci NOT NULL,
  `MotherFirstName` varchar(100) COLLATE utf8_unicode_ci NOT NULL,
  `MotherLastName` varchar(100) COLLATE utf8_unicode_ci NOT NULL,
  `MotherAge` varchar(100) COLLATE utf8_unicode_ci NOT NULL,
  `SpouseProfession` varchar(100) COLLATE utf8_unicode_ci NOT NULL,
  `MaritalStatus` varchar(100) COLLATE utf8_unicode_ci NOT NULL,
  `PoliticalStatus` varchar(100) COLLATE utf8_unicode_ci NOT NULL,
  `Nid` varchar(100) COLLATE utf8_unicode_ci NOT NULL,
  `PresentCountry` varchar(100) COLLATE utf8_unicode_ci NOT NULL,
  `PresentDistrict` varchar(100) COLLATE utf8_unicode_ci NOT NULL,
  `PresentThana` varchar(100) COLLATE utf8_unicode_ci NOT NULL,
  `PresentUnion` varchar(100) COLLATE utf8_unicode_ci NOT NULL,
  `PresentPostOffice` varchar(100) COLLATE utf8_unicode_ci NOT NULL,
  `PresentWord` varchar(100) COLLATE utf8_unicode_ci NOT NULL,
  `PresentVillage` varchar(100) COLLATE utf8_unicode_ci NOT NULL,
  `PresentRoadNo` varchar(100) COLLATE utf8_unicode_ci NOT NULL,
  `PermanentCountry` varchar(100) COLLATE utf8_unicode_ci NOT NULL,
  `PermanentDistrict` varchar(100) COLLATE utf8_unicode_ci NOT NULL,
  `PermanentThana` varchar(100) COLLATE utf8_unicode_ci NOT NULL,
  `PermanentUnion` varchar(100) COLLATE utf8_unicode_ci NOT NULL,
  `PermanentPostOffice` varchar(100) COLLATE utf8_unicode_ci NOT NULL,
  `PermanentWord` varchar(100) COLLATE utf8_unicode_ci NOT NULL,
  `PermanentVillage` varchar(100) COLLATE utf8_unicode_ci NOT NULL,
  `PermanentRoadNo` varchar(100) COLLATE utf8_unicode_ci NOT NULL,
  `Mobile` varchar(100) COLLATE utf8_unicode_ci NOT NULL,
  `Email` varchar(100) COLLATE utf8_unicode_ci NOT NULL,
  `SpouseMobileNo` varchar(100) COLLATE utf8_unicode_ci NOT NULL,
  `Distance` varchar(100) COLLATE utf8_unicode_ci NOT NULL,
  `CurrentProfession` varchar(100) COLLATE utf8_unicode_ci NOT NULL,
  `PreviousProfessiion` varchar(100) COLLATE utf8_unicode_ci NOT NULL,
  `DorationOfPreviousProfession` varchar(100) COLLATE utf8_unicode_ci NOT NULL,
  `EarningAssetsByBusinessOrJob` varchar(100) COLLATE utf8_unicode_ci NOT NULL,
  `EarningSourceWithoutBusiness` varchar(100) COLLATE utf8_unicode_ci NOT NULL,
  `BusinessType` varchar(100) COLLATE utf8_unicode_ci NOT NULL,
  `BusinessFrturePlan` varchar(100) COLLATE utf8_unicode_ci NOT NULL,
  `FamilyMebmer` varchar(100) COLLATE utf8_unicode_ci NOT NULL,
  `EarningMale` varchar(100) COLLATE utf8_unicode_ci NOT NULL,
  `EarningFemale` varchar(100) COLLATE utf8_unicode_ci NOT NULL,
  `EarningPerson` varchar(100) COLLATE utf8_unicode_ci NOT NULL,
  `MaleMember` varchar(100) COLLATE utf8_unicode_ci NOT NULL,
  `FemaleMenber` varchar(100) COLLATE utf8_unicode_ci NOT NULL,
  `FamilyType` varchar(100) COLLATE utf8_unicode_ci NOT NULL,
  `SickDescripotionOfFamilyMember` varchar(100) COLLATE utf8_unicode_ci NOT NULL,
  `CaseDescriptionOfFamilyMember` varchar(100) COLLATE utf8_unicode_ci NOT NULL,
  `IfAnyMemberInAbroad` varchar(100) COLLATE utf8_unicode_ci NOT NULL,
  `CultiviableLand` varchar(100) COLLATE utf8_unicode_ci NOT NULL,
  `NonCultivableLand` varchar(100) COLLATE utf8_unicode_ci NOT NULL,
  `Pond` varchar(100) COLLATE utf8_unicode_ci NOT NULL,
  `House` varchar(100) COLLATE utf8_unicode_ci NOT NULL,
  `TotalLand` varchar(100) COLLATE utf8_unicode_ci NOT NULL,
  `AgriculturalEarning` varchar(100) COLLATE utf8_unicode_ci NOT NULL,
  `NonAgriculturalEarning` varchar(100) COLLATE utf8_unicode_ci NOT NULL,
  `TotalEarning` varchar(100) COLLATE utf8_unicode_ci NOT NULL,
  `TotalExpenditure` varchar(100) COLLATE utf8_unicode_ci NOT NULL,
  `NetBalance` varchar(100) COLLATE utf8_unicode_ci NOT NULL,
  `TinMadeHouse` varchar(100) COLLATE utf8_unicode_ci NOT NULL,
  `StrawMadeHouse` varchar(100) COLLATE utf8_unicode_ci NOT NULL,
  `BrickMadeHouse` varchar(100) COLLATE utf8_unicode_ci NOT NULL,
  `ReceivedAmount` varchar(100) COLLATE utf8_unicode_ci NOT NULL,
  `PaidAmount` varchar(100) COLLATE utf8_unicode_ci NOT NULL,
  `RemainingAmountToPay` varchar(100) COLLATE utf8_unicode_ci NOT NULL,
  `RepaymentType` varchar(100) COLLATE utf8_unicode_ci NOT NULL,
  `FinancierCompany` varchar(100) COLLATE utf8_unicode_ci NOT NULL,
  `LoaningYear` varchar(100) COLLATE utf8_unicode_ci NOT NULL,
  `LastReceivedDate` varchar(100) COLLATE utf8_unicode_ci NOT NULL,
  `IsHeSheWillingToTakeLoan` varchar(100) COLLATE utf8_unicode_ci NOT NULL,
  `InvestmentSector` varchar(100) COLLATE utf8_unicode_ci NOT NULL,
  `Amount` varchar(100) COLLATE utf8_unicode_ci NOT NULL,
  `Comment1` varchar(100) COLLATE utf8_unicode_ci NOT NULL,
  `Comment2` varchar(100) COLLATE utf8_unicode_ci NOT NULL,
  `unitprice` decimal(10,0) NOT NULL,
  `created_at` timestamp NOT NULL DEFAULT '0000-00-00 00:00:00',
  `updated_at` timestamp NOT NULL DEFAULT '0000-00-00 00:00:00',
  PRIMARY KEY (`id`)
) ENGINE=InnoDB AUTO_INCREMENT=3125 DEFAULT CHARSET=utf8 COLLATE=utf8_unicode_ci;

-- Dumping data for table timf.surveys: ~3 rows (approximately)
DELETE FROM `surveys`;
/*!40000 ALTER TABLE `surveys` DISABLE KEYS */;
INSERT INTO `surveys` (`id`, `name`, `SurveyCode`, `ZoneId`, `AreaId`, `BranchId`, `NameTitle`, `FirstName`, `LastName`, `FamilyName`, `FullNameBangla`, `Gender`, `Age`, `Education`, `PassingYear`, `FatherOrHasbandNAmeTitle`, `FatherOrHasbandFirstName`, `FatherOrHasbandLastName`, `FatherOrHasbandAge`, `MatherNameTitle`, `MotherFirstName`, `MotherLastName`, `MotherAge`, `SpouseProfession`, `MaritalStatus`, `PoliticalStatus`, `Nid`, `PresentCountry`, `PresentDistrict`, `PresentThana`, `PresentUnion`, `PresentPostOffice`, `PresentWord`, `PresentVillage`, `PresentRoadNo`, `PermanentCountry`, `PermanentDistrict`, `PermanentThana`, `PermanentUnion`, `PermanentPostOffice`, `PermanentWord`, `PermanentVillage`, `PermanentRoadNo`, `Mobile`, `Email`, `SpouseMobileNo`, `Distance`, `CurrentProfession`, `PreviousProfessiion`, `DorationOfPreviousProfession`, `EarningAssetsByBusinessOrJob`, `EarningSourceWithoutBusiness`, `BusinessType`, `BusinessFrturePlan`, `FamilyMebmer`, `EarningMale`, `EarningFemale`, `EarningPerson`, `MaleMember`, `FemaleMenber`, `FamilyType`, `SickDescripotionOfFamilyMember`, `CaseDescriptionOfFamilyMember`, `IfAnyMemberInAbroad`, `CultiviableLand`, `NonCultivableLand`, `Pond`, `House`, `TotalLand`, `AgriculturalEarning`, `NonAgriculturalEarning`, `TotalEarning`, `TotalExpenditure`, `NetBalance`, `TinMadeHouse`, `StrawMadeHouse`, `BrickMadeHouse`, `ReceivedAmount`, `PaidAmount`, `RemainingAmountToPay`, `RepaymentType`, `FinancierCompany`, `LoaningYear`, `LastReceivedDate`, `IsHeSheWillingToTakeLoan`, `InvestmentSector`, `Amount`, `Comment1`, `Comment2`, `unitprice`, `created_at`, `updated_at`) VALUES
	(1123, '', '', '0', '2', '1', 'Mr.', 'Rockey', 'Alam', 'hawlader', '', '1', '', '1', '0', '1', '', '', '0', '2', '', '', '0', '1', '1', '1', '789', '1', '1', '6', '2', '5', '5', '', '', '1', '1', '6', '2', '5', '5', '', '', '', 'rockey@gmail.com', '', '', '1', '1', '0', '', '', '1', '', '0', '0', '0', '0', '0', '0', '1', '', '', '', '', '', '', '', '', '', '', '', '', '1212', '', '', '', '', '', '', '', '', '', '', '', '', '', '', '', 0, '2017-01-22 05:41:07', '2017-01-22 05:41:07'),
	(1126, '', '', '0', '2', '1', 'Mr.', 'Noor', 'Alam', 'Khan', '', '1', '', '1', '0', '1', '', '', '0', '2', '', '', '0', '1', '1', '1', '123', '1', '1', '6', '2', '5', '5', '', '', '1', '1', '6', '2', '5', '5', '', '', '', 'noor@gmail.com', '', '', '1', '1', '0', '', '', '1', '', '0', '0', '0', '0', '0', '0', '1', '', '', '', '', '', '', '', '', '', '', '', '', '1212', '', '', '', '', '', '', '', '', '', '', '', '', '', '', '', 0, '2017-01-22 05:41:07', '2017-01-22 05:41:07'),
	(3124, '', '', '0', '2', '1', 'Mr.', 'Zia', 'Alam', 'rahman', '', '1', '', '1', '0', '1', '', '', '0', '2', '', '', '0', '1', '1', '1', '456', '1', '1', '6', '2', '5', '5', '', '', '1', '1', '6', '2', '5', '5', '', '', '', 'zia@gmail.com', '', '', '1', '1', '0', '', '', '1', '', '0', '0', '0', '0', '0', '0', '1', '', '', '', '', '', '', '', '', '', '', '', '', '1212', '', '', '', '', '', '', '', '', '', '', '', '', '', '', '', 0, '2017-01-22 05:41:07', '2017-01-22 05:41:07');
/*!40000 ALTER TABLE `surveys` ENABLE KEYS */;


-- Dumping structure for table timf.taggables
DROP TABLE IF EXISTS `taggables`;
CREATE TABLE IF NOT EXISTS `taggables` (
  `tag_id` int(10) unsigned NOT NULL,
  `taggable_id` int(10) unsigned NOT NULL,
  `taggable_type` varchar(255) COLLATE utf8_unicode_ci NOT NULL,
  KEY `taggables_taggable_id_taggable_type_index` (`taggable_id`,`taggable_type`)
) ENGINE=InnoDB DEFAULT CHARSET=utf8 COLLATE=utf8_unicode_ci;

-- Dumping data for table timf.taggables: ~2,492 rows (approximately)
DELETE FROM `taggables`;
/*!40000 ALTER TABLE `taggables` DISABLE KEYS */;
INSERT INTO `taggables` (`tag_id`, `taggable_id`, `taggable_type`) VALUES
	(2, 501, 'App\\Post'),
	(3, 501, 'App\\Post'),
	(1, 502, 'App\\Post'),
	(2, 502, 'App\\Post'),
	(3, 502, 'App\\Post'),
	(4, 502, 'App\\Post'),
	(0, 503, 'App\\Post'),
	(1, 504, 'App\\Post'),
	(2, 504, 'App\\Post'),
	(3, 504, 'App\\Post'),
	(4, 504, 'App\\Post'),
	(1, 505, 'App\\Post'),
	(2, 505, 'App\\Post'),
	(3, 505, 'App\\Post'),
	(4, 505, 'App\\Post'),
	(1, 506, 'App\\Post'),
	(2, 506, 'App\\Post'),
	(3, 506, 'App\\Post'),
	(1, 507, 'App\\Post'),
	(2, 507, 'App\\Post'),
	(3, 507, 'App\\Post'),
	(4, 507, 'App\\Post'),
	(1, 508, 'App\\Post'),
	(2, 508, 'App\\Post'),
	(3, 508, 'App\\Post'),
	(4, 508, 'App\\Post'),
	(0, 509, 'App\\Post'),
	(1, 510, 'App\\Post'),
	(2, 510, 'App\\Post'),
	(4, 510, 'App\\Post'),
	(0, 511, 'App\\Post'),
	(1, 512, 'App\\Post'),
	(3, 512, 'App\\Post'),
	(4, 512, 'App\\Post'),
	(0, 513, 'App\\Post'),
	(1, 514, 'App\\Post'),
	(2, 514, 'App\\Post'),
	(4, 514, 'App\\Post'),
	(0, 515, 'App\\Post'),
	(2, 516, 'App\\Post'),
	(4, 516, 'App\\Post'),
	(0, 517, 'App\\Post'),
	(0, 518, 'App\\Post'),
	(1, 519, 'App\\Post'),
	(2, 519, 'App\\Post'),
	(1, 520, 'App\\Post'),
	(2, 520, 'App\\Post'),
	(1, 521, 'App\\Post'),
	(2, 521, 'App\\Post'),
	(3, 521, 'App\\Post'),
	(4, 521, 'App\\Post'),
	(2, 522, 'App\\Post'),
	(3, 522, 'App\\Post'),
	(4, 522, 'App\\Post'),
	(1, 523, 'App\\Post'),
	(2, 523, 'App\\Post'),
	(3, 523, 'App\\Post'),
	(4, 523, 'App\\Post'),
	(1, 524, 'App\\Post'),
	(2, 524, 'App\\Post'),
	(3, 524, 'App\\Post'),
	(4, 524, 'App\\Post'),
	(0, 525, 'App\\Post'),
	(0, 526, 'App\\Post'),
	(1, 527, 'App\\Post'),
	(2, 527, 'App\\Post'),
	(3, 528, 'App\\Post'),
	(4, 528, 'App\\Post'),
	(1, 529, 'App\\Post'),
	(4, 529, 'App\\Post'),
	(1, 530, 'App\\Post'),
	(2, 530, 'App\\Post'),
	(4, 530, 'App\\Post'),
	(1, 531, 'App\\Post'),
	(3, 531, 'App\\Post'),
	(2, 532, 'App\\Post'),
	(3, 532, 'App\\Post'),
	(4, 532, 'App\\Post'),
	(1, 533, 'App\\Post'),
	(3, 533, 'App\\Post'),
	(1, 534, 'App\\Post'),
	(2, 534, 'App\\Post'),
	(3, 534, 'App\\Post'),
	(4, 534, 'App\\Post'),
	(0, 535, 'App\\Post'),
	(1, 536, 'App\\Post'),
	(2, 536, 'App\\Post'),
	(3, 536, 'App\\Post'),
	(4, 536, 'App\\Post'),
	(1, 537, 'App\\Post'),
	(2, 537, 'App\\Post'),
	(3, 537, 'App\\Post'),
	(4, 537, 'App\\Post'),
	(1, 538, 'App\\Post'),
	(2, 538, 'App\\Post'),
	(3, 538, 'App\\Post'),
	(4, 538, 'App\\Post'),
	(1, 539, 'App\\Post'),
	(2, 539, 'App\\Post'),
	(3, 539, 'App\\Post'),
	(4, 539, 'App\\Post'),
	(0, 540, 'App\\Post'),
	(0, 541, 'App\\Post'),
	(0, 542, 'App\\Post'),
	(1, 543, 'App\\Post'),
	(2, 543, 'App\\Post'),
	(4, 543, 'App\\Post'),
	(1, 544, 'App\\Post'),
	(3, 544, 'App\\Post'),
	(4, 544, 'App\\Post'),
	(2, 545, 'App\\Post'),
	(3, 545, 'App\\Post'),
	(4, 545, 'App\\Post'),
	(0, 546, 'App\\Post'),
	(0, 547, 'App\\Post'),
	(0, 548, 'App\\Post'),
	(1, 549, 'App\\Post'),
	(2, 549, 'App\\Post'),
	(3, 549, 'App\\Post'),
	(4, 549, 'App\\Post'),
	(2, 550, 'App\\Post'),
	(3, 550, 'App\\Post'),
	(0, 551, 'App\\Post'),
	(1, 552, 'App\\Post'),
	(2, 552, 'App\\Post'),
	(3, 552, 'App\\Post'),
	(4, 552, 'App\\Post'),
	(1, 553, 'App\\Post'),
	(2, 553, 'App\\Post'),
	(3, 553, 'App\\Post'),
	(0, 554, 'App\\Post'),
	(2, 555, 'App\\Post'),
	(3, 555, 'App\\Post'),
	(1, 556, 'App\\Post'),
	(3, 556, 'App\\Post'),
	(4, 556, 'App\\Post'),
	(0, 557, 'App\\Post'),
	(1, 558, 'App\\Post'),
	(3, 558, 'App\\Post'),
	(4, 558, 'App\\Post'),
	(0, 559, 'App\\Post'),
	(0, 560, 'App\\Post'),
	(2, 561, 'App\\Post'),
	(3, 561, 'App\\Post'),
	(1, 562, 'App\\Post'),
	(2, 562, 'App\\Post'),
	(3, 562, 'App\\Post'),
	(4, 562, 'App\\Post'),
	(1, 563, 'App\\Post'),
	(4, 563, 'App\\Post'),
	(1, 564, 'App\\Post'),
	(2, 564, 'App\\Post'),
	(3, 564, 'App\\Post'),
	(2, 565, 'App\\Post'),
	(3, 565, 'App\\Post'),
	(1, 566, 'App\\Post'),
	(2, 566, 'App\\Post'),
	(3, 566, 'App\\Post'),
	(4, 566, 'App\\Post'),
	(1, 567, 'App\\Post'),
	(2, 567, 'App\\Post'),
	(4, 567, 'App\\Post'),
	(0, 568, 'App\\Post'),
	(1, 569, 'App\\Post'),
	(2, 569, 'App\\Post'),
	(1, 570, 'App\\Post'),
	(2, 570, 'App\\Post'),
	(3, 570, 'App\\Post'),
	(0, 571, 'App\\Post'),
	(0, 572, 'App\\Post'),
	(2, 573, 'App\\Post'),
	(3, 573, 'App\\Post'),
	(0, 574, 'App\\Post'),
	(1, 575, 'App\\Post'),
	(4, 575, 'App\\Post'),
	(1, 576, 'App\\Post'),
	(2, 576, 'App\\Post'),
	(4, 576, 'App\\Post'),
	(1, 577, 'App\\Post'),
	(2, 577, 'App\\Post'),
	(3, 577, 'App\\Post'),
	(1, 578, 'App\\Post'),
	(2, 578, 'App\\Post'),
	(3, 578, 'App\\Post'),
	(1, 579, 'App\\Post'),
	(2, 579, 'App\\Post'),
	(3, 579, 'App\\Post'),
	(4, 579, 'App\\Post'),
	(1, 580, 'App\\Post'),
	(2, 580, 'App\\Post'),
	(3, 580, 'App\\Post'),
	(4, 580, 'App\\Post'),
	(1, 581, 'App\\Post'),
	(2, 581, 'App\\Post'),
	(3, 581, 'App\\Post'),
	(4, 581, 'App\\Post'),
	(2, 582, 'App\\Post'),
	(4, 582, 'App\\Post'),
	(1, 583, 'App\\Post'),
	(2, 583, 'App\\Post'),
	(3, 583, 'App\\Post'),
	(4, 583, 'App\\Post'),
	(1, 584, 'App\\Post'),
	(3, 584, 'App\\Post'),
	(1, 585, 'App\\Post'),
	(3, 585, 'App\\Post'),
	(4, 585, 'App\\Post'),
	(3, 586, 'App\\Post'),
	(4, 586, 'App\\Post'),
	(1, 587, 'App\\Post'),
	(2, 587, 'App\\Post'),
	(3, 587, 'App\\Post'),
	(1, 588, 'App\\Post'),
	(3, 588, 'App\\Post'),
	(4, 588, 'App\\Post'),
	(1, 589, 'App\\Post'),
	(2, 589, 'App\\Post'),
	(0, 590, 'App\\Post'),
	(1, 591, 'App\\Post'),
	(2, 591, 'App\\Post'),
	(3, 591, 'App\\Post'),
	(4, 591, 'App\\Post'),
	(1, 592, 'App\\Post'),
	(2, 592, 'App\\Post'),
	(3, 592, 'App\\Post'),
	(4, 592, 'App\\Post'),
	(0, 593, 'App\\Post'),
	(2, 594, 'App\\Post'),
	(4, 594, 'App\\Post'),
	(1, 595, 'App\\Post'),
	(2, 595, 'App\\Post'),
	(3, 595, 'App\\Post'),
	(4, 595, 'App\\Post'),
	(1, 596, 'App\\Post'),
	(2, 596, 'App\\Post'),
	(4, 596, 'App\\Post'),
	(0, 597, 'App\\Post'),
	(1, 598, 'App\\Post'),
	(3, 598, 'App\\Post'),
	(4, 598, 'App\\Post'),
	(1, 599, 'App\\Post'),
	(2, 599, 'App\\Post'),
	(3, 599, 'App\\Post'),
	(4, 599, 'App\\Post'),
	(1, 600, 'App\\Post'),
	(2, 600, 'App\\Post'),
	(3, 600, 'App\\Post'),
	(4, 600, 'App\\Post'),
	(0, 601, 'App\\Post'),
	(1, 602, 'App\\Post'),
	(2, 602, 'App\\Post'),
	(3, 602, 'App\\Post'),
	(4, 602, 'App\\Post'),
	(1, 603, 'App\\Post'),
	(2, 603, 'App\\Post'),
	(3, 603, 'App\\Post'),
	(4, 603, 'App\\Post'),
	(1, 604, 'App\\Post'),
	(2, 604, 'App\\Post'),
	(3, 604, 'App\\Post'),
	(4, 604, 'App\\Post'),
	(1, 605, 'App\\Post'),
	(3, 605, 'App\\Post'),
	(4, 605, 'App\\Post'),
	(1, 606, 'App\\Post'),
	(2, 606, 'App\\Post'),
	(3, 606, 'App\\Post'),
	(4, 606, 'App\\Post'),
	(0, 607, 'App\\Post'),
	(2, 608, 'App\\Post'),
	(3, 608, 'App\\Post'),
	(1, 609, 'App\\Post'),
	(4, 609, 'App\\Post'),
	(1, 610, 'App\\Post'),
	(3, 610, 'App\\Post'),
	(4, 610, 'App\\Post'),
	(1, 611, 'App\\Post'),
	(3, 611, 'App\\Post'),
	(1, 612, 'App\\Post'),
	(2, 612, 'App\\Post'),
	(3, 612, 'App\\Post'),
	(4, 612, 'App\\Post'),
	(1, 613, 'App\\Post'),
	(3, 613, 'App\\Post'),
	(0, 614, 'App\\Post'),
	(2, 615, 'App\\Post'),
	(3, 615, 'App\\Post'),
	(4, 615, 'App\\Post'),
	(0, 616, 'App\\Post'),
	(0, 617, 'App\\Post'),
	(0, 618, 'App\\Post'),
	(1, 619, 'App\\Post'),
	(3, 619, 'App\\Post'),
	(4, 619, 'App\\Post'),
	(1, 620, 'App\\Post'),
	(2, 620, 'App\\Post'),
	(4, 620, 'App\\Post'),
	(1, 621, 'App\\Post'),
	(2, 621, 'App\\Post'),
	(3, 621, 'App\\Post'),
	(4, 621, 'App\\Post'),
	(1, 622, 'App\\Post'),
	(2, 622, 'App\\Post'),
	(3, 622, 'App\\Post'),
	(4, 622, 'App\\Post'),
	(2, 623, 'App\\Post'),
	(4, 623, 'App\\Post'),
	(0, 624, 'App\\Post'),
	(0, 625, 'App\\Post'),
	(2, 626, 'App\\Post'),
	(4, 626, 'App\\Post'),
	(1, 627, 'App\\Post'),
	(3, 627, 'App\\Post'),
	(4, 627, 'App\\Post'),
	(1, 628, 'App\\Post'),
	(2, 628, 'App\\Post'),
	(1, 629, 'App\\Post'),
	(4, 629, 'App\\Post'),
	(1, 630, 'App\\Post'),
	(2, 630, 'App\\Post'),
	(3, 630, 'App\\Post'),
	(0, 631, 'App\\Post'),
	(0, 632, 'App\\Post'),
	(0, 633, 'App\\Post'),
	(0, 634, 'App\\Post'),
	(0, 635, 'App\\Post'),
	(0, 636, 'App\\Post'),
	(1, 637, 'App\\Post'),
	(2, 637, 'App\\Post'),
	(3, 637, 'App\\Post'),
	(4, 637, 'App\\Post'),
	(1, 638, 'App\\Post'),
	(4, 638, 'App\\Post'),
	(1, 639, 'App\\Post'),
	(2, 639, 'App\\Post'),
	(3, 639, 'App\\Post'),
	(4, 639, 'App\\Post'),
	(3, 640, 'App\\Post'),
	(4, 640, 'App\\Post'),
	(1, 641, 'App\\Post'),
	(2, 641, 'App\\Post'),
	(2, 642, 'App\\Post'),
	(3, 642, 'App\\Post'),
	(1, 643, 'App\\Post'),
	(2, 643, 'App\\Post'),
	(4, 643, 'App\\Post'),
	(1, 644, 'App\\Post'),
	(2, 644, 'App\\Post'),
	(3, 644, 'App\\Post'),
	(4, 644, 'App\\Post'),
	(0, 645, 'App\\Post'),
	(1, 646, 'App\\Post'),
	(3, 646, 'App\\Post'),
	(4, 646, 'App\\Post'),
	(1, 647, 'App\\Post'),
	(2, 647, 'App\\Post'),
	(3, 647, 'App\\Post'),
	(4, 647, 'App\\Post'),
	(0, 648, 'App\\Post'),
	(1, 649, 'App\\Post'),
	(3, 649, 'App\\Post'),
	(1, 650, 'App\\Post'),
	(2, 650, 'App\\Post'),
	(3, 650, 'App\\Post'),
	(4, 650, 'App\\Post'),
	(0, 651, 'App\\Post'),
	(1, 652, 'App\\Post'),
	(2, 652, 'App\\Post'),
	(3, 652, 'App\\Post'),
	(4, 652, 'App\\Post'),
	(0, 653, 'App\\Post'),
	(2, 654, 'App\\Post'),
	(3, 654, 'App\\Post'),
	(1, 655, 'App\\Post'),
	(2, 655, 'App\\Post'),
	(3, 655, 'App\\Post'),
	(4, 655, 'App\\Post'),
	(1, 656, 'App\\Post'),
	(3, 656, 'App\\Post'),
	(4, 656, 'App\\Post'),
	(0, 657, 'App\\Post'),
	(1, 658, 'App\\Post'),
	(2, 658, 'App\\Post'),
	(3, 658, 'App\\Post'),
	(4, 658, 'App\\Post'),
	(2, 659, 'App\\Post'),
	(3, 659, 'App\\Post'),
	(1, 660, 'App\\Post'),
	(2, 660, 'App\\Post'),
	(3, 660, 'App\\Post'),
	(4, 660, 'App\\Post'),
	(0, 661, 'App\\Post'),
	(1, 662, 'App\\Post'),
	(2, 662, 'App\\Post'),
	(4, 662, 'App\\Post'),
	(0, 663, 'App\\Post'),
	(1, 664, 'App\\Post'),
	(2, 664, 'App\\Post'),
	(3, 664, 'App\\Post'),
	(4, 664, 'App\\Post'),
	(0, 665, 'App\\Post'),
	(1, 666, 'App\\Post'),
	(4, 666, 'App\\Post'),
	(1, 667, 'App\\Post'),
	(3, 667, 'App\\Post'),
	(0, 668, 'App\\Post'),
	(1, 669, 'App\\Post'),
	(3, 669, 'App\\Post'),
	(1, 670, 'App\\Post'),
	(2, 670, 'App\\Post'),
	(3, 670, 'App\\Post'),
	(4, 670, 'App\\Post'),
	(1, 671, 'App\\Post'),
	(2, 671, 'App\\Post'),
	(3, 671, 'App\\Post'),
	(1, 672, 'App\\Post'),
	(3, 672, 'App\\Post'),
	(4, 672, 'App\\Post'),
	(1, 673, 'App\\Post'),
	(3, 673, 'App\\Post'),
	(4, 673, 'App\\Post'),
	(1, 674, 'App\\Post'),
	(2, 674, 'App\\Post'),
	(3, 674, 'App\\Post'),
	(4, 674, 'App\\Post'),
	(2, 675, 'App\\Post'),
	(4, 675, 'App\\Post'),
	(1, 676, 'App\\Post'),
	(2, 676, 'App\\Post'),
	(3, 676, 'App\\Post'),
	(0, 677, 'App\\Post'),
	(1, 678, 'App\\Post'),
	(2, 678, 'App\\Post'),
	(3, 678, 'App\\Post'),
	(4, 678, 'App\\Post'),
	(0, 679, 'App\\Post'),
	(1, 680, 'App\\Post'),
	(2, 680, 'App\\Post'),
	(1, 681, 'App\\Post'),
	(2, 681, 'App\\Post'),
	(3, 682, 'App\\Post'),
	(4, 682, 'App\\Post'),
	(1, 683, 'App\\Post'),
	(2, 683, 'App\\Post'),
	(4, 683, 'App\\Post'),
	(0, 684, 'App\\Post'),
	(1, 685, 'App\\Post'),
	(2, 685, 'App\\Post'),
	(3, 685, 'App\\Post'),
	(4, 685, 'App\\Post'),
	(1, 686, 'App\\Post'),
	(2, 686, 'App\\Post'),
	(3, 686, 'App\\Post'),
	(4, 686, 'App\\Post'),
	(0, 687, 'App\\Post'),
	(0, 688, 'App\\Post'),
	(1, 689, 'App\\Post'),
	(2, 689, 'App\\Post'),
	(4, 689, 'App\\Post'),
	(1, 690, 'App\\Post'),
	(3, 690, 'App\\Post'),
	(1, 691, 'App\\Post'),
	(2, 691, 'App\\Post'),
	(2, 692, 'App\\Post'),
	(3, 692, 'App\\Post'),
	(4, 692, 'App\\Post'),
	(1, 693, 'App\\Post'),
	(2, 693, 'App\\Post'),
	(3, 693, 'App\\Post'),
	(4, 693, 'App\\Post'),
	(1, 694, 'App\\Post'),
	(2, 694, 'App\\Post'),
	(3, 694, 'App\\Post'),
	(4, 694, 'App\\Post'),
	(1, 695, 'App\\Post'),
	(2, 695, 'App\\Post'),
	(3, 695, 'App\\Post'),
	(4, 695, 'App\\Post'),
	(2, 696, 'App\\Post'),
	(3, 696, 'App\\Post'),
	(4, 696, 'App\\Post'),
	(0, 697, 'App\\Post'),
	(1, 698, 'App\\Post'),
	(2, 698, 'App\\Post'),
	(3, 698, 'App\\Post'),
	(1, 699, 'App\\Post'),
	(2, 699, 'App\\Post'),
	(4, 699, 'App\\Post'),
	(1, 700, 'App\\Post'),
	(2, 700, 'App\\Post'),
	(3, 700, 'App\\Post'),
	(4, 700, 'App\\Post'),
	(1, 701, 'App\\Post'),
	(2, 701, 'App\\Post'),
	(3, 701, 'App\\Post'),
	(4, 701, 'App\\Post'),
	(1, 702, 'App\\Post'),
	(3, 702, 'App\\Post'),
	(4, 702, 'App\\Post'),
	(1, 703, 'App\\Post'),
	(2, 703, 'App\\Post'),
	(3, 703, 'App\\Post'),
	(4, 703, 'App\\Post'),
	(1, 704, 'App\\Post'),
	(3, 704, 'App\\Post'),
	(1, 705, 'App\\Post'),
	(2, 705, 'App\\Post'),
	(3, 705, 'App\\Post'),
	(1, 706, 'App\\Post'),
	(3, 706, 'App\\Post'),
	(4, 706, 'App\\Post'),
	(2, 707, 'App\\Post'),
	(3, 707, 'App\\Post'),
	(4, 707, 'App\\Post'),
	(1, 708, 'App\\Post'),
	(2, 708, 'App\\Post'),
	(3, 708, 'App\\Post'),
	(1, 709, 'App\\Post'),
	(2, 709, 'App\\Post'),
	(3, 709, 'App\\Post'),
	(4, 709, 'App\\Post'),
	(2, 710, 'App\\Post'),
	(3, 710, 'App\\Post'),
	(3, 711, 'App\\Post'),
	(4, 711, 'App\\Post'),
	(0, 712, 'App\\Post'),
	(1, 713, 'App\\Post'),
	(2, 713, 'App\\Post'),
	(3, 713, 'App\\Post'),
	(4, 713, 'App\\Post'),
	(1, 714, 'App\\Post'),
	(2, 714, 'App\\Post'),
	(3, 714, 'App\\Post'),
	(4, 714, 'App\\Post'),
	(0, 715, 'App\\Post'),
	(2, 716, 'App\\Post'),
	(4, 716, 'App\\Post'),
	(2, 717, 'App\\Post'),
	(4, 717, 'App\\Post'),
	(1, 718, 'App\\Post'),
	(2, 718, 'App\\Post'),
	(3, 718, 'App\\Post'),
	(4, 718, 'App\\Post'),
	(1, 719, 'App\\Post'),
	(2, 719, 'App\\Post'),
	(3, 719, 'App\\Post'),
	(4, 719, 'App\\Post'),
	(1, 720, 'App\\Post'),
	(2, 720, 'App\\Post'),
	(3, 720, 'App\\Post'),
	(4, 720, 'App\\Post'),
	(2, 721, 'App\\Post'),
	(3, 721, 'App\\Post'),
	(2, 722, 'App\\Post'),
	(3, 722, 'App\\Post'),
	(1, 723, 'App\\Post'),
	(2, 723, 'App\\Post'),
	(4, 723, 'App\\Post'),
	(1, 724, 'App\\Post'),
	(2, 724, 'App\\Post'),
	(2, 725, 'App\\Post'),
	(3, 725, 'App\\Post'),
	(0, 726, 'App\\Post'),
	(1, 727, 'App\\Post'),
	(2, 727, 'App\\Post'),
	(4, 727, 'App\\Post'),
	(1, 728, 'App\\Post'),
	(4, 728, 'App\\Post'),
	(2, 729, 'App\\Post'),
	(3, 729, 'App\\Post'),
	(4, 729, 'App\\Post'),
	(1, 730, 'App\\Post'),
	(3, 730, 'App\\Post'),
	(4, 730, 'App\\Post'),
	(0, 731, 'App\\Post'),
	(3, 732, 'App\\Post'),
	(4, 732, 'App\\Post'),
	(2, 733, 'App\\Post'),
	(3, 733, 'App\\Post'),
	(4, 733, 'App\\Post'),
	(1, 734, 'App\\Post'),
	(4, 734, 'App\\Post'),
	(1, 735, 'App\\Post'),
	(2, 735, 'App\\Post'),
	(4, 735, 'App\\Post'),
	(1, 736, 'App\\Post'),
	(2, 736, 'App\\Post'),
	(3, 736, 'App\\Post'),
	(1, 737, 'App\\Post'),
	(2, 737, 'App\\Post'),
	(0, 738, 'App\\Post'),
	(1, 739, 'App\\Post'),
	(2, 739, 'App\\Post'),
	(3, 739, 'App\\Post'),
	(4, 739, 'App\\Post'),
	(2, 740, 'App\\Post'),
	(3, 740, 'App\\Post'),
	(4, 740, 'App\\Post'),
	(1, 741, 'App\\Post'),
	(2, 741, 'App\\Post'),
	(3, 741, 'App\\Post'),
	(4, 741, 'App\\Post'),
	(0, 742, 'App\\Post'),
	(0, 743, 'App\\Post'),
	(1, 744, 'App\\Post'),
	(4, 744, 'App\\Post'),
	(0, 745, 'App\\Post'),
	(1, 746, 'App\\Post'),
	(2, 746, 'App\\Post'),
	(1, 747, 'App\\Post'),
	(2, 747, 'App\\Post'),
	(4, 747, 'App\\Post'),
	(1, 748, 'App\\Post'),
	(4, 748, 'App\\Post'),
	(0, 749, 'App\\Post'),
	(1, 750, 'App\\Post'),
	(2, 750, 'App\\Post'),
	(3, 750, 'App\\Post'),
	(1, 751, 'App\\Post'),
	(2, 751, 'App\\Post'),
	(3, 751, 'App\\Post'),
	(4, 751, 'App\\Post'),
	(0, 752, 'App\\Post'),
	(1, 753, 'App\\Post'),
	(2, 753, 'App\\Post'),
	(3, 753, 'App\\Post'),
	(4, 753, 'App\\Post'),
	(1, 754, 'App\\Post'),
	(2, 754, 'App\\Post'),
	(3, 754, 'App\\Post'),
	(4, 754, 'App\\Post'),
	(2, 755, 'App\\Post'),
	(3, 755, 'App\\Post'),
	(1, 756, 'App\\Post'),
	(2, 756, 'App\\Post'),
	(3, 756, 'App\\Post'),
	(4, 756, 'App\\Post'),
	(1, 757, 'App\\Post'),
	(2, 757, 'App\\Post'),
	(3, 757, 'App\\Post'),
	(4, 757, 'App\\Post'),
	(3, 758, 'App\\Post'),
	(4, 758, 'App\\Post'),
	(1, 759, 'App\\Post'),
	(2, 759, 'App\\Post'),
	(3, 759, 'App\\Post'),
	(4, 759, 'App\\Post'),
	(1, 760, 'App\\Post'),
	(3, 760, 'App\\Post'),
	(0, 761, 'App\\Post'),
	(1, 762, 'App\\Post'),
	(2, 762, 'App\\Post'),
	(1, 763, 'App\\Post'),
	(2, 763, 'App\\Post'),
	(0, 764, 'App\\Post'),
	(1, 765, 'App\\Post'),
	(3, 765, 'App\\Post'),
	(4, 765, 'App\\Post'),
	(1, 766, 'App\\Post'),
	(4, 766, 'App\\Post'),
	(1, 767, 'App\\Post'),
	(2, 767, 'App\\Post'),
	(3, 767, 'App\\Post'),
	(4, 767, 'App\\Post'),
	(0, 768, 'App\\Post'),
	(1, 769, 'App\\Post'),
	(2, 769, 'App\\Post'),
	(3, 769, 'App\\Post'),
	(4, 769, 'App\\Post'),
	(1, 770, 'App\\Post'),
	(3, 770, 'App\\Post'),
	(4, 770, 'App\\Post'),
	(0, 771, 'App\\Post'),
	(1, 772, 'App\\Post'),
	(2, 772, 'App\\Post'),
	(3, 772, 'App\\Post'),
	(2, 773, 'App\\Post'),
	(3, 773, 'App\\Post'),
	(0, 774, 'App\\Post'),
	(2, 775, 'App\\Post'),
	(3, 775, 'App\\Post'),
	(4, 775, 'App\\Post'),
	(0, 776, 'App\\Post'),
	(0, 777, 'App\\Post'),
	(0, 778, 'App\\Post'),
	(1, 779, 'App\\Post'),
	(2, 779, 'App\\Post'),
	(3, 779, 'App\\Post'),
	(0, 780, 'App\\Post'),
	(1, 781, 'App\\Post'),
	(2, 781, 'App\\Post'),
	(4, 781, 'App\\Post'),
	(1, 782, 'App\\Post'),
	(3, 782, 'App\\Post'),
	(1, 783, 'App\\Post'),
	(2, 783, 'App\\Post'),
	(3, 783, 'App\\Post'),
	(4, 783, 'App\\Post'),
	(1, 784, 'App\\Post'),
	(2, 784, 'App\\Post'),
	(3, 784, 'App\\Post'),
	(4, 784, 'App\\Post'),
	(0, 785, 'App\\Post'),
	(0, 786, 'App\\Post'),
	(0, 787, 'App\\Post'),
	(1, 788, 'App\\Post'),
	(2, 788, 'App\\Post'),
	(3, 788, 'App\\Post'),
	(4, 788, 'App\\Post'),
	(1, 789, 'App\\Post'),
	(2, 789, 'App\\Post'),
	(3, 789, 'App\\Post'),
	(4, 789, 'App\\Post'),
	(0, 790, 'App\\Post'),
	(1, 791, 'App\\Post'),
	(2, 791, 'App\\Post'),
	(3, 791, 'App\\Post'),
	(4, 791, 'App\\Post'),
	(1, 792, 'App\\Post'),
	(2, 792, 'App\\Post'),
	(3, 792, 'App\\Post'),
	(4, 792, 'App\\Post'),
	(3, 793, 'App\\Post'),
	(4, 793, 'App\\Post'),
	(1, 794, 'App\\Post'),
	(2, 794, 'App\\Post'),
	(3, 794, 'App\\Post'),
	(1, 795, 'App\\Post'),
	(2, 795, 'App\\Post'),
	(3, 795, 'App\\Post'),
	(1, 796, 'App\\Post'),
	(2, 796, 'App\\Post'),
	(3, 796, 'App\\Post'),
	(1, 797, 'App\\Post'),
	(3, 797, 'App\\Post'),
	(4, 797, 'App\\Post'),
	(1, 798, 'App\\Post'),
	(2, 798, 'App\\Post'),
	(3, 798, 'App\\Post'),
	(4, 798, 'App\\Post'),
	(0, 799, 'App\\Post'),
	(2, 800, 'App\\Post'),
	(3, 800, 'App\\Post'),
	(3, 801, 'App\\Post'),
	(4, 801, 'App\\Post'),
	(1, 802, 'App\\Post'),
	(3, 802, 'App\\Post'),
	(4, 802, 'App\\Post'),
	(0, 803, 'App\\Post'),
	(1, 804, 'App\\Post'),
	(2, 804, 'App\\Post'),
	(3, 804, 'App\\Post'),
	(4, 804, 'App\\Post'),
	(2, 805, 'App\\Post'),
	(4, 805, 'App\\Post'),
	(1, 806, 'App\\Post'),
	(2, 806, 'App\\Post'),
	(3, 806, 'App\\Post'),
	(4, 806, 'App\\Post'),
	(1, 807, 'App\\Post'),
	(2, 807, 'App\\Post'),
	(3, 807, 'App\\Post'),
	(4, 807, 'App\\Post'),
	(1, 808, 'App\\Post'),
	(4, 808, 'App\\Post'),
	(1, 809, 'App\\Post'),
	(2, 809, 'App\\Post'),
	(3, 809, 'App\\Post'),
	(4, 809, 'App\\Post'),
	(1, 810, 'App\\Post'),
	(2, 810, 'App\\Post'),
	(3, 810, 'App\\Post'),
	(4, 810, 'App\\Post'),
	(0, 811, 'App\\Post'),
	(0, 812, 'App\\Post'),
	(1, 813, 'App\\Post'),
	(2, 813, 'App\\Post'),
	(3, 813, 'App\\Post'),
	(4, 813, 'App\\Post'),
	(0, 814, 'App\\Post'),
	(2, 815, 'App\\Post'),
	(4, 815, 'App\\Post'),
	(1, 816, 'App\\Post'),
	(2, 816, 'App\\Post'),
	(3, 816, 'App\\Post'),
	(0, 817, 'App\\Post'),
	(2, 818, 'App\\Post'),
	(3, 818, 'App\\Post'),
	(4, 818, 'App\\Post'),
	(1, 819, 'App\\Post'),
	(2, 819, 'App\\Post'),
	(3, 819, 'App\\Post'),
	(4, 819, 'App\\Post'),
	(1, 820, 'App\\Post'),
	(4, 820, 'App\\Post'),
	(0, 821, 'App\\Post'),
	(0, 822, 'App\\Post'),
	(1, 823, 'App\\Post'),
	(2, 823, 'App\\Post'),
	(3, 823, 'App\\Post'),
	(4, 823, 'App\\Post'),
	(1, 824, 'App\\Post'),
	(2, 824, 'App\\Post'),
	(3, 824, 'App\\Post'),
	(2, 825, 'App\\Post'),
	(3, 825, 'App\\Post'),
	(4, 825, 'App\\Post'),
	(1, 826, 'App\\Post'),
	(2, 826, 'App\\Post'),
	(4, 826, 'App\\Post'),
	(1, 827, 'App\\Post'),
	(2, 827, 'App\\Post'),
	(2, 828, 'App\\Post'),
	(4, 828, 'App\\Post'),
	(0, 829, 'App\\Post'),
	(3, 830, 'App\\Post'),
	(4, 830, 'App\\Post'),
	(1, 831, 'App\\Post'),
	(3, 831, 'App\\Post'),
	(4, 831, 'App\\Post'),
	(0, 832, 'App\\Post'),
	(2, 833, 'App\\Post'),
	(3, 833, 'App\\Post'),
	(0, 834, 'App\\Post'),
	(1, 835, 'App\\Post'),
	(2, 835, 'App\\Post'),
	(1, 836, 'App\\Post'),
	(3, 836, 'App\\Post'),
	(1, 837, 'App\\Post'),
	(2, 837, 'App\\Post'),
	(3, 837, 'App\\Post'),
	(1, 838, 'App\\Post'),
	(2, 838, 'App\\Post'),
	(4, 838, 'App\\Post'),
	(1, 839, 'App\\Post'),
	(3, 839, 'App\\Post'),
	(4, 839, 'App\\Post'),
	(2, 840, 'App\\Post'),
	(3, 840, 'App\\Post'),
	(1, 841, 'App\\Post'),
	(3, 841, 'App\\Post'),
	(4, 841, 'App\\Post'),
	(1, 842, 'App\\Post'),
	(2, 842, 'App\\Post'),
	(3, 842, 'App\\Post'),
	(4, 842, 'App\\Post'),
	(1, 843, 'App\\Post'),
	(2, 843, 'App\\Post'),
	(3, 843, 'App\\Post'),
	(2, 844, 'App\\Post'),
	(3, 844, 'App\\Post'),
	(1, 845, 'App\\Post'),
	(3, 845, 'App\\Post'),
	(4, 845, 'App\\Post'),
	(0, 846, 'App\\Post'),
	(1, 847, 'App\\Post'),
	(3, 847, 'App\\Post'),
	(4, 847, 'App\\Post'),
	(2, 848, 'App\\Post'),
	(3, 848, 'App\\Post'),
	(4, 848, 'App\\Post'),
	(2, 849, 'App\\Post'),
	(3, 849, 'App\\Post'),
	(4, 849, 'App\\Post'),
	(1, 850, 'App\\Post'),
	(2, 850, 'App\\Post'),
	(3, 850, 'App\\Post'),
	(1, 851, 'App\\Post'),
	(2, 851, 'App\\Post'),
	(3, 851, 'App\\Post'),
	(4, 851, 'App\\Post'),
	(1, 852, 'App\\Post'),
	(3, 852, 'App\\Post'),
	(2, 853, 'App\\Post'),
	(3, 853, 'App\\Post'),
	(4, 853, 'App\\Post'),
	(3, 854, 'App\\Post'),
	(4, 854, 'App\\Post'),
	(0, 855, 'App\\Post'),
	(1, 856, 'App\\Post'),
	(2, 856, 'App\\Post'),
	(2, 857, 'App\\Post'),
	(3, 857, 'App\\Post'),
	(4, 857, 'App\\Post'),
	(1, 858, 'App\\Post'),
	(2, 858, 'App\\Post'),
	(4, 858, 'App\\Post'),
	(0, 859, 'App\\Post'),
	(1, 860, 'App\\Post'),
	(2, 860, 'App\\Post'),
	(4, 860, 'App\\Post'),
	(0, 861, 'App\\Post'),
	(1, 862, 'App\\Post'),
	(2, 862, 'App\\Post'),
	(3, 862, 'App\\Post'),
	(4, 862, 'App\\Post'),
	(0, 863, 'App\\Post'),
	(0, 864, 'App\\Post'),
	(1, 865, 'App\\Post'),
	(2, 865, 'App\\Post'),
	(3, 865, 'App\\Post'),
	(4, 865, 'App\\Post'),
	(1, 866, 'App\\Post'),
	(2, 866, 'App\\Post'),
	(3, 866, 'App\\Post'),
	(4, 866, 'App\\Post'),
	(1, 867, 'App\\Post'),
	(2, 867, 'App\\Post'),
	(3, 867, 'App\\Post'),
	(4, 867, 'App\\Post'),
	(1, 868, 'App\\Post'),
	(2, 868, 'App\\Post'),
	(3, 868, 'App\\Post'),
	(4, 868, 'App\\Post'),
	(0, 869, 'App\\Post'),
	(1, 870, 'App\\Post'),
	(2, 870, 'App\\Post'),
	(3, 870, 'App\\Post'),
	(4, 870, 'App\\Post'),
	(1, 871, 'App\\Post'),
	(2, 871, 'App\\Post'),
	(3, 871, 'App\\Post'),
	(4, 871, 'App\\Post'),
	(3, 872, 'App\\Post'),
	(4, 872, 'App\\Post'),
	(1, 873, 'App\\Post'),
	(2, 873, 'App\\Post'),
	(1, 874, 'App\\Post'),
	(2, 874, 'App\\Post'),
	(3, 874, 'App\\Post'),
	(4, 874, 'App\\Post'),
	(1, 875, 'App\\Post'),
	(3, 875, 'App\\Post'),
	(0, 876, 'App\\Post'),
	(0, 877, 'App\\Post'),
	(2, 878, 'App\\Post'),
	(4, 878, 'App\\Post'),
	(1, 879, 'App\\Post'),
	(2, 879, 'App\\Post'),
	(3, 879, 'App\\Post'),
	(4, 879, 'App\\Post'),
	(1, 880, 'App\\Post'),
	(3, 880, 'App\\Post'),
	(4, 880, 'App\\Post'),
	(1, 881, 'App\\Post'),
	(2, 881, 'App\\Post'),
	(3, 881, 'App\\Post'),
	(4, 881, 'App\\Post'),
	(1, 882, 'App\\Post'),
	(2, 882, 'App\\Post'),
	(3, 882, 'App\\Post'),
	(4, 882, 'App\\Post'),
	(0, 883, 'App\\Post'),
	(0, 884, 'App\\Post'),
	(1, 885, 'App\\Post'),
	(3, 885, 'App\\Post'),
	(4, 885, 'App\\Post'),
	(0, 886, 'App\\Post'),
	(1, 887, 'App\\Post'),
	(2, 887, 'App\\Post'),
	(3, 887, 'App\\Post'),
	(2, 888, 'App\\Post'),
	(3, 888, 'App\\Post'),
	(4, 888, 'App\\Post'),
	(1, 889, 'App\\Post'),
	(2, 889, 'App\\Post'),
	(3, 889, 'App\\Post'),
	(4, 889, 'App\\Post'),
	(0, 890, 'App\\Post'),
	(1, 891, 'App\\Post'),
	(2, 891, 'App\\Post'),
	(3, 891, 'App\\Post'),
	(4, 891, 'App\\Post'),
	(1, 892, 'App\\Post'),
	(2, 892, 'App\\Post'),
	(4, 892, 'App\\Post'),
	(2, 893, 'App\\Post'),
	(3, 893, 'App\\Post'),
	(4, 893, 'App\\Post'),
	(1, 894, 'App\\Post'),
	(4, 894, 'App\\Post'),
	(1, 895, 'App\\Post'),
	(2, 895, 'App\\Post'),
	(3, 895, 'App\\Post'),
	(4, 895, 'App\\Post'),
	(1, 896, 'App\\Post'),
	(2, 896, 'App\\Post'),
	(3, 896, 'App\\Post'),
	(4, 896, 'App\\Post'),
	(1, 897, 'App\\Post'),
	(3, 897, 'App\\Post'),
	(3, 898, 'App\\Post'),
	(4, 898, 'App\\Post'),
	(0, 899, 'App\\Post'),
	(0, 900, 'App\\Post'),
	(0, 901, 'App\\Post'),
	(2, 902, 'App\\Post'),
	(3, 902, 'App\\Post'),
	(4, 902, 'App\\Post'),
	(0, 903, 'App\\Post'),
	(2, 904, 'App\\Post'),
	(4, 904, 'App\\Post'),
	(1, 905, 'App\\Post'),
	(2, 905, 'App\\Post'),
	(4, 905, 'App\\Post'),
	(0, 906, 'App\\Post'),
	(0, 907, 'App\\Post'),
	(1, 908, 'App\\Post'),
	(2, 908, 'App\\Post'),
	(3, 908, 'App\\Post'),
	(4, 908, 'App\\Post'),
	(2, 909, 'App\\Post'),
	(3, 909, 'App\\Post'),
	(4, 909, 'App\\Post'),
	(2, 910, 'App\\Post'),
	(3, 910, 'App\\Post'),
	(4, 910, 'App\\Post'),
	(1, 911, 'App\\Post'),
	(2, 911, 'App\\Post'),
	(3, 911, 'App\\Post'),
	(4, 911, 'App\\Post'),
	(1, 912, 'App\\Post'),
	(2, 912, 'App\\Post'),
	(3, 912, 'App\\Post'),
	(4, 912, 'App\\Post'),
	(1, 913, 'App\\Post'),
	(2, 913, 'App\\Post'),
	(3, 913, 'App\\Post'),
	(4, 913, 'App\\Post'),
	(2, 914, 'App\\Post'),
	(3, 914, 'App\\Post'),
	(4, 914, 'App\\Post'),
	(1, 915, 'App\\Post'),
	(2, 915, 'App\\Post'),
	(3, 915, 'App\\Post'),
	(4, 915, 'App\\Post'),
	(1, 916, 'App\\Post'),
	(2, 916, 'App\\Post'),
	(3, 916, 'App\\Post'),
	(4, 916, 'App\\Post'),
	(1, 917, 'App\\Post'),
	(2, 917, 'App\\Post'),
	(3, 917, 'App\\Post'),
	(4, 917, 'App\\Post'),
	(1, 918, 'App\\Post'),
	(3, 918, 'App\\Post'),
	(4, 918, 'App\\Post'),
	(1, 919, 'App\\Post'),
	(2, 919, 'App\\Post'),
	(3, 919, 'App\\Post'),
	(4, 919, 'App\\Post'),
	(2, 920, 'App\\Post'),
	(4, 920, 'App\\Post'),
	(1, 921, 'App\\Post'),
	(3, 921, 'App\\Post'),
	(2, 922, 'App\\Post'),
	(3, 922, 'App\\Post'),
	(4, 922, 'App\\Post'),
	(0, 923, 'App\\Post'),
	(1, 924, 'App\\Post'),
	(4, 924, 'App\\Post'),
	(1, 925, 'App\\Post'),
	(2, 925, 'App\\Post'),
	(3, 925, 'App\\Post'),
	(4, 925, 'App\\Post'),
	(1, 926, 'App\\Post'),
	(2, 926, 'App\\Post'),
	(4, 926, 'App\\Post'),
	(1, 927, 'App\\Post'),
	(2, 927, 'App\\Post'),
	(4, 927, 'App\\Post'),
	(0, 928, 'App\\Post'),
	(0, 929, 'App\\Post'),
	(1, 930, 'App\\Post'),
	(2, 930, 'App\\Post'),
	(1, 931, 'App\\Post'),
	(3, 931, 'App\\Post'),
	(4, 931, 'App\\Post'),
	(1, 932, 'App\\Post'),
	(3, 932, 'App\\Post'),
	(4, 932, 'App\\Post'),
	(2, 933, 'App\\Post'),
	(4, 933, 'App\\Post'),
	(1, 934, 'App\\Post'),
	(3, 934, 'App\\Post'),
	(4, 934, 'App\\Post'),
	(0, 935, 'App\\Post'),
	(2, 936, 'App\\Post'),
	(4, 936, 'App\\Post'),
	(1, 937, 'App\\Post'),
	(4, 937, 'App\\Post'),
	(0, 938, 'App\\Post'),
	(1, 939, 'App\\Post'),
	(2, 939, 'App\\Post'),
	(3, 939, 'App\\Post'),
	(4, 939, 'App\\Post'),
	(1, 940, 'App\\Post'),
	(2, 940, 'App\\Post'),
	(3, 940, 'App\\Post'),
	(4, 940, 'App\\Post'),
	(0, 941, 'App\\Post'),
	(1, 942, 'App\\Post'),
	(2, 942, 'App\\Post'),
	(3, 942, 'App\\Post'),
	(4, 942, 'App\\Post'),
	(2, 943, 'App\\Post'),
	(3, 943, 'App\\Post'),
	(2, 944, 'App\\Post'),
	(3, 944, 'App\\Post'),
	(4, 944, 'App\\Post'),
	(0, 945, 'App\\Post'),
	(1, 946, 'App\\Post'),
	(2, 946, 'App\\Post'),
	(3, 946, 'App\\Post'),
	(4, 946, 'App\\Post'),
	(1, 947, 'App\\Post'),
	(2, 947, 'App\\Post'),
	(3, 947, 'App\\Post'),
	(4, 947, 'App\\Post'),
	(0, 948, 'App\\Post'),
	(1, 949, 'App\\Post'),
	(2, 949, 'App\\Post'),
	(3, 949, 'App\\Post'),
	(1, 950, 'App\\Post'),
	(2, 950, 'App\\Post'),
	(4, 950, 'App\\Post'),
	(2, 951, 'App\\Post'),
	(3, 951, 'App\\Post'),
	(4, 951, 'App\\Post'),
	(1, 952, 'App\\Post'),
	(2, 952, 'App\\Post'),
	(3, 952, 'App\\Post'),
	(4, 952, 'App\\Post'),
	(1, 953, 'App\\Post'),
	(2, 953, 'App\\Post'),
	(3, 953, 'App\\Post'),
	(0, 954, 'App\\Post'),
	(0, 955, 'App\\Post'),
	(1, 956, 'App\\Post'),
	(2, 956, 'App\\Post'),
	(3, 956, 'App\\Post'),
	(4, 956, 'App\\Post'),
	(1, 957, 'App\\Post'),
	(3, 957, 'App\\Post'),
	(4, 957, 'App\\Post'),
	(1, 958, 'App\\Post'),
	(2, 958, 'App\\Post'),
	(3, 958, 'App\\Post'),
	(4, 958, 'App\\Post'),
	(0, 959, 'App\\Post'),
	(0, 960, 'App\\Post'),
	(0, 961, 'App\\Post'),
	(2, 962, 'App\\Post'),
	(3, 962, 'App\\Post'),
	(1, 963, 'App\\Post'),
	(2, 963, 'App\\Post'),
	(3, 963, 'App\\Post'),
	(4, 963, 'App\\Post'),
	(2, 964, 'App\\Post'),
	(3, 964, 'App\\Post'),
	(1, 965, 'App\\Post'),
	(2, 965, 'App\\Post'),
	(3, 965, 'App\\Post'),
	(4, 965, 'App\\Post'),
	(1, 966, 'App\\Post'),
	(2, 966, 'App\\Post'),
	(3, 966, 'App\\Post'),
	(4, 966, 'App\\Post'),
	(1, 967, 'App\\Post'),
	(2, 967, 'App\\Post'),
	(3, 967, 'App\\Post'),
	(4, 967, 'App\\Post'),
	(0, 968, 'App\\Post'),
	(1, 969, 'App\\Post'),
	(4, 969, 'App\\Post'),
	(2, 970, 'App\\Post'),
	(3, 970, 'App\\Post'),
	(4, 970, 'App\\Post'),
	(1, 971, 'App\\Post'),
	(2, 971, 'App\\Post'),
	(2, 972, 'App\\Post'),
	(3, 972, 'App\\Post'),
	(4, 972, 'App\\Post'),
	(0, 973, 'App\\Post'),
	(1, 974, 'App\\Post'),
	(2, 974, 'App\\Post'),
	(3, 974, 'App\\Post'),
	(0, 975, 'App\\Post'),
	(0, 976, 'App\\Post'),
	(1, 977, 'App\\Post'),
	(3, 977, 'App\\Post'),
	(4, 977, 'App\\Post'),
	(1, 978, 'App\\Post'),
	(3, 978, 'App\\Post'),
	(4, 978, 'App\\Post'),
	(0, 979, 'App\\Post'),
	(1, 980, 'App\\Post'),
	(3, 980, 'App\\Post'),
	(4, 980, 'App\\Post'),
	(2, 981, 'App\\Post'),
	(3, 981, 'App\\Post'),
	(4, 981, 'App\\Post'),
	(1, 982, 'App\\Post'),
	(2, 982, 'App\\Post'),
	(3, 982, 'App\\Post'),
	(4, 982, 'App\\Post'),
	(1, 983, 'App\\Post'),
	(2, 983, 'App\\Post'),
	(3, 983, 'App\\Post'),
	(1, 984, 'App\\Post'),
	(2, 984, 'App\\Post'),
	(3, 984, 'App\\Post'),
	(4, 984, 'App\\Post'),
	(1, 985, 'App\\Post'),
	(2, 985, 'App\\Post'),
	(3, 985, 'App\\Post'),
	(1, 986, 'App\\Post'),
	(2, 986, 'App\\Post'),
	(4, 986, 'App\\Post'),
	(0, 987, 'App\\Post'),
	(1, 988, 'App\\Post'),
	(2, 988, 'App\\Post'),
	(3, 988, 'App\\Post'),
	(4, 988, 'App\\Post'),
	(1, 989, 'App\\Post'),
	(4, 989, 'App\\Post'),
	(1, 990, 'App\\Post'),
	(2, 990, 'App\\Post'),
	(1, 991, 'App\\Post'),
	(3, 991, 'App\\Post'),
	(2, 992, 'App\\Post'),
	(3, 992, 'App\\Post'),
	(4, 992, 'App\\Post'),
	(1, 993, 'App\\Post'),
	(3, 993, 'App\\Post'),
	(1, 994, 'App\\Post'),
	(2, 994, 'App\\Post'),
	(3, 994, 'App\\Post'),
	(4, 994, 'App\\Post'),
	(2, 995, 'App\\Post'),
	(3, 995, 'App\\Post'),
	(4, 995, 'App\\Post'),
	(1, 996, 'App\\Post'),
	(2, 996, 'App\\Post'),
	(4, 996, 'App\\Post'),
	(0, 997, 'App\\Post'),
	(2, 998, 'App\\Post'),
	(3, 998, 'App\\Post'),
	(4, 998, 'App\\Post'),
	(0, 999, 'App\\Post'),
	(0, 1000, 'App\\Post'),
	(0, 502, 'App\\User'),
	(1, 503, 'App\\User'),
	(2, 503, 'App\\User'),
	(3, 503, 'App\\User'),
	(4, 503, 'App\\User'),
	(1, 504, 'App\\User'),
	(2, 504, 'App\\User'),
	(4, 504, 'App\\User'),
	(3, 505, 'App\\User'),
	(4, 505, 'App\\User'),
	(1, 506, 'App\\User'),
	(2, 506, 'App\\User'),
	(4, 506, 'App\\User'),
	(0, 507, 'App\\User'),
	(0, 508, 'App\\User'),
	(1, 509, 'App\\User'),
	(2, 509, 'App\\User'),
	(4, 509, 'App\\User'),
	(1, 510, 'App\\User'),
	(3, 510, 'App\\User'),
	(2, 511, 'App\\User'),
	(3, 511, 'App\\User'),
	(1, 512, 'App\\User'),
	(3, 512, 'App\\User'),
	(1, 513, 'App\\User'),
	(2, 513, 'App\\User'),
	(4, 513, 'App\\User'),
	(2, 514, 'App\\User'),
	(4, 514, 'App\\User'),
	(1, 515, 'App\\User'),
	(2, 515, 'App\\User'),
	(3, 515, 'App\\User'),
	(1, 516, 'App\\User'),
	(2, 516, 'App\\User'),
	(2, 517, 'App\\User'),
	(4, 517, 'App\\User'),
	(1, 518, 'App\\User'),
	(2, 518, 'App\\User'),
	(4, 518, 'App\\User'),
	(1, 519, 'App\\User'),
	(3, 519, 'App\\User'),
	(4, 519, 'App\\User'),
	(1, 520, 'App\\User'),
	(3, 520, 'App\\User'),
	(4, 520, 'App\\User'),
	(2, 521, 'App\\User'),
	(3, 521, 'App\\User'),
	(4, 521, 'App\\User'),
	(1, 522, 'App\\User'),
	(2, 522, 'App\\User'),
	(3, 522, 'App\\User'),
	(2, 523, 'App\\User'),
	(3, 523, 'App\\User'),
	(0, 524, 'App\\User'),
	(1, 525, 'App\\User'),
	(2, 525, 'App\\User'),
	(3, 525, 'App\\User'),
	(4, 525, 'App\\User'),
	(1, 526, 'App\\User'),
	(2, 526, 'App\\User'),
	(4, 526, 'App\\User'),
	(1, 527, 'App\\User'),
	(3, 527, 'App\\User'),
	(4, 527, 'App\\User'),
	(1, 528, 'App\\User'),
	(2, 528, 'App\\User'),
	(3, 528, 'App\\User'),
	(4, 528, 'App\\User'),
	(2, 529, 'App\\User'),
	(3, 529, 'App\\User'),
	(0, 530, 'App\\User'),
	(0, 531, 'App\\User'),
	(1, 532, 'App\\User'),
	(4, 532, 'App\\User'),
	(0, 533, 'App\\User'),
	(0, 534, 'App\\User'),
	(1, 535, 'App\\User'),
	(2, 535, 'App\\User'),
	(3, 535, 'App\\User'),
	(4, 535, 'App\\User'),
	(0, 536, 'App\\User'),
	(1, 537, 'App\\User'),
	(2, 537, 'App\\User'),
	(3, 537, 'App\\User'),
	(4, 537, 'App\\User'),
	(0, 538, 'App\\User'),
	(0, 539, 'App\\User'),
	(0, 540, 'App\\User'),
	(1, 541, 'App\\User'),
	(2, 541, 'App\\User'),
	(3, 541, 'App\\User'),
	(4, 541, 'App\\User'),
	(1, 542, 'App\\User'),
	(2, 542, 'App\\User'),
	(3, 542, 'App\\User'),
	(4, 542, 'App\\User'),
	(3, 543, 'App\\User'),
	(4, 543, 'App\\User'),
	(1, 544, 'App\\User'),
	(2, 544, 'App\\User'),
	(2, 545, 'App\\User'),
	(3, 545, 'App\\User'),
	(0, 546, 'App\\User'),
	(1, 547, 'App\\User'),
	(2, 547, 'App\\User'),
	(2, 548, 'App\\User'),
	(3, 548, 'App\\User'),
	(4, 548, 'App\\User'),
	(1, 549, 'App\\User'),
	(2, 549, 'App\\User'),
	(3, 549, 'App\\User'),
	(1, 550, 'App\\User'),
	(2, 550, 'App\\User'),
	(3, 550, 'App\\User'),
	(4, 550, 'App\\User'),
	(0, 551, 'App\\User'),
	(0, 552, 'App\\User'),
	(1, 553, 'App\\User'),
	(3, 553, 'App\\User'),
	(4, 553, 'App\\User'),
	(1, 554, 'App\\User'),
	(2, 554, 'App\\User'),
	(3, 554, 'App\\User'),
	(4, 554, 'App\\User'),
	(0, 555, 'App\\User'),
	(2, 556, 'App\\User'),
	(4, 556, 'App\\User'),
	(1, 557, 'App\\User'),
	(2, 557, 'App\\User'),
	(3, 557, 'App\\User'),
	(4, 557, 'App\\User'),
	(1, 558, 'App\\User'),
	(3, 558, 'App\\User'),
	(1, 559, 'App\\User'),
	(2, 559, 'App\\User'),
	(3, 559, 'App\\User'),
	(4, 559, 'App\\User'),
	(2, 560, 'App\\User'),
	(3, 560, 'App\\User'),
	(4, 560, 'App\\User'),
	(1, 561, 'App\\User'),
	(2, 561, 'App\\User'),
	(3, 561, 'App\\User'),
	(4, 561, 'App\\User'),
	(1, 562, 'App\\User'),
	(3, 562, 'App\\User'),
	(4, 562, 'App\\User'),
	(1, 563, 'App\\User'),
	(2, 563, 'App\\User'),
	(3, 563, 'App\\User'),
	(4, 563, 'App\\User'),
	(1, 564, 'App\\User'),
	(2, 564, 'App\\User'),
	(3, 564, 'App\\User'),
	(4, 564, 'App\\User'),
	(1, 565, 'App\\User'),
	(2, 565, 'App\\User'),
	(3, 565, 'App\\User'),
	(0, 566, 'App\\User'),
	(1, 567, 'App\\User'),
	(2, 567, 'App\\User'),
	(4, 567, 'App\\User'),
	(0, 568, 'App\\User'),
	(1, 569, 'App\\User'),
	(2, 569, 'App\\User'),
	(3, 569, 'App\\User'),
	(4, 569, 'App\\User'),
	(1, 570, 'App\\User'),
	(2, 570, 'App\\User'),
	(3, 570, 'App\\User'),
	(4, 570, 'App\\User'),
	(1, 571, 'App\\User'),
	(2, 571, 'App\\User'),
	(3, 571, 'App\\User'),
	(4, 571, 'App\\User'),
	(1, 572, 'App\\User'),
	(2, 572, 'App\\User'),
	(3, 572, 'App\\User'),
	(4, 572, 'App\\User'),
	(2, 573, 'App\\User'),
	(4, 573, 'App\\User'),
	(1, 574, 'App\\User'),
	(4, 574, 'App\\User'),
	(1, 575, 'App\\User'),
	(2, 575, 'App\\User'),
	(3, 575, 'App\\User'),
	(4, 575, 'App\\User'),
	(1, 576, 'App\\User'),
	(2, 576, 'App\\User'),
	(4, 576, 'App\\User'),
	(2, 577, 'App\\User'),
	(3, 577, 'App\\User'),
	(2, 578, 'App\\User'),
	(4, 578, 'App\\User'),
	(1, 579, 'App\\User'),
	(2, 579, 'App\\User'),
	(1, 580, 'App\\User'),
	(2, 580, 'App\\User'),
	(3, 580, 'App\\User'),
	(4, 580, 'App\\User'),
	(2, 581, 'App\\User'),
	(3, 581, 'App\\User'),
	(0, 582, 'App\\User'),
	(2, 583, 'App\\User'),
	(3, 583, 'App\\User'),
	(4, 583, 'App\\User'),
	(0, 584, 'App\\User'),
	(0, 585, 'App\\User'),
	(0, 586, 'App\\User'),
	(0, 587, 'App\\User'),
	(1, 588, 'App\\User'),
	(2, 588, 'App\\User'),
	(3, 588, 'App\\User'),
	(4, 588, 'App\\User'),
	(1, 589, 'App\\User'),
	(2, 589, 'App\\User'),
	(3, 589, 'App\\User'),
	(4, 589, 'App\\User'),
	(1, 590, 'App\\User'),
	(3, 590, 'App\\User'),
	(4, 590, 'App\\User'),
	(1, 591, 'App\\User'),
	(2, 591, 'App\\User'),
	(3, 591, 'App\\User'),
	(4, 591, 'App\\User'),
	(1, 592, 'App\\User'),
	(2, 592, 'App\\User'),
	(1, 593, 'App\\User'),
	(3, 593, 'App\\User'),
	(2, 594, 'App\\User'),
	(3, 594, 'App\\User'),
	(2, 595, 'App\\User'),
	(3, 595, 'App\\User'),
	(4, 595, 'App\\User'),
	(3, 596, 'App\\User'),
	(4, 596, 'App\\User'),
	(1, 597, 'App\\User'),
	(2, 597, 'App\\User'),
	(3, 597, 'App\\User'),
	(4, 597, 'App\\User'),
	(1, 598, 'App\\User'),
	(2, 598, 'App\\User'),
	(3, 598, 'App\\User'),
	(4, 598, 'App\\User'),
	(1, 599, 'App\\User'),
	(2, 599, 'App\\User'),
	(3, 599, 'App\\User'),
	(1, 600, 'App\\User'),
	(2, 600, 'App\\User'),
	(4, 600, 'App\\User'),
	(1, 601, 'App\\User'),
	(2, 601, 'App\\User'),
	(3, 601, 'App\\User'),
	(4, 601, 'App\\User'),
	(2, 602, 'App\\User'),
	(4, 602, 'App\\User'),
	(2, 603, 'App\\User'),
	(3, 603, 'App\\User'),
	(4, 603, 'App\\User'),
	(1, 604, 'App\\User'),
	(2, 604, 'App\\User'),
	(2, 605, 'App\\User'),
	(4, 605, 'App\\User'),
	(1, 606, 'App\\User'),
	(3, 606, 'App\\User'),
	(1, 607, 'App\\User'),
	(2, 607, 'App\\User'),
	(3, 607, 'App\\User'),
	(4, 607, 'App\\User'),
	(3, 608, 'App\\User'),
	(4, 608, 'App\\User'),
	(1, 609, 'App\\User'),
	(2, 609, 'App\\User'),
	(3, 609, 'App\\User'),
	(4, 609, 'App\\User'),
	(1, 610, 'App\\User'),
	(2, 610, 'App\\User'),
	(3, 610, 'App\\User'),
	(1, 611, 'App\\User'),
	(3, 611, 'App\\User'),
	(1, 612, 'App\\User'),
	(3, 612, 'App\\User'),
	(4, 612, 'App\\User'),
	(1, 613, 'App\\User'),
	(2, 613, 'App\\User'),
	(3, 613, 'App\\User'),
	(4, 613, 'App\\User'),
	(1, 614, 'App\\User'),
	(3, 614, 'App\\User'),
	(4, 614, 'App\\User'),
	(1, 615, 'App\\User'),
	(2, 615, 'App\\User'),
	(3, 615, 'App\\User'),
	(4, 615, 'App\\User'),
	(0, 616, 'App\\User'),
	(2, 617, 'App\\User'),
	(3, 617, 'App\\User'),
	(4, 617, 'App\\User'),
	(2, 618, 'App\\User'),
	(3, 618, 'App\\User'),
	(1, 619, 'App\\User'),
	(2, 619, 'App\\User'),
	(3, 619, 'App\\User'),
	(4, 619, 'App\\User'),
	(1, 620, 'App\\User'),
	(4, 620, 'App\\User'),
	(2, 621, 'App\\User'),
	(3, 621, 'App\\User'),
	(1, 622, 'App\\User'),
	(2, 622, 'App\\User'),
	(4, 622, 'App\\User'),
	(1, 623, 'App\\User'),
	(2, 623, 'App\\User'),
	(4, 623, 'App\\User'),
	(1, 624, 'App\\User'),
	(3, 624, 'App\\User'),
	(4, 624, 'App\\User'),
	(1, 625, 'App\\User'),
	(2, 625, 'App\\User'),
	(2, 626, 'App\\User'),
	(3, 626, 'App\\User'),
	(4, 626, 'App\\User'),
	(1, 627, 'App\\User'),
	(2, 627, 'App\\User'),
	(4, 627, 'App\\User'),
	(2, 628, 'App\\User'),
	(3, 628, 'App\\User'),
	(1, 629, 'App\\User'),
	(4, 629, 'App\\User'),
	(1, 630, 'App\\User'),
	(3, 630, 'App\\User'),
	(4, 630, 'App\\User'),
	(1, 631, 'App\\User'),
	(2, 631, 'App\\User'),
	(4, 631, 'App\\User'),
	(1, 632, 'App\\User'),
	(2, 632, 'App\\User'),
	(3, 632, 'App\\User'),
	(4, 632, 'App\\User'),
	(1, 633, 'App\\User'),
	(2, 633, 'App\\User'),
	(4, 633, 'App\\User'),
	(0, 634, 'App\\User'),
	(0, 635, 'App\\User'),
	(1, 636, 'App\\User'),
	(4, 636, 'App\\User'),
	(1, 637, 'App\\User'),
	(2, 637, 'App\\User'),
	(3, 637, 'App\\User'),
	(0, 638, 'App\\User'),
	(2, 639, 'App\\User'),
	(4, 639, 'App\\User'),
	(1, 640, 'App\\User'),
	(4, 640, 'App\\User'),
	(1, 641, 'App\\User'),
	(3, 641, 'App\\User'),
	(0, 642, 'App\\User'),
	(1, 643, 'App\\User'),
	(2, 643, 'App\\User'),
	(3, 643, 'App\\User'),
	(4, 643, 'App\\User'),
	(1, 644, 'App\\User'),
	(4, 644, 'App\\User'),
	(0, 645, 'App\\User'),
	(1, 646, 'App\\User'),
	(2, 646, 'App\\User'),
	(3, 646, 'App\\User'),
	(4, 646, 'App\\User'),
	(1, 647, 'App\\User'),
	(3, 647, 'App\\User'),
	(1, 648, 'App\\User'),
	(2, 648, 'App\\User'),
	(3, 648, 'App\\User'),
	(1, 649, 'App\\User'),
	(2, 649, 'App\\User'),
	(4, 649, 'App\\User'),
	(0, 650, 'App\\User'),
	(1, 651, 'App\\User'),
	(2, 651, 'App\\User'),
	(3, 651, 'App\\User'),
	(4, 651, 'App\\User'),
	(1, 652, 'App\\User'),
	(2, 652, 'App\\User'),
	(3, 652, 'App\\User'),
	(4, 652, 'App\\User'),
	(0, 653, 'App\\User'),
	(0, 654, 'App\\User'),
	(2, 655, 'App\\User'),
	(3, 655, 'App\\User'),
	(4, 655, 'App\\User'),
	(3, 656, 'App\\User'),
	(4, 656, 'App\\User'),
	(1, 657, 'App\\User'),
	(2, 657, 'App\\User'),
	(3, 657, 'App\\User'),
	(4, 657, 'App\\User'),
	(0, 658, 'App\\User'),
	(1, 659, 'App\\User'),
	(3, 659, 'App\\User'),
	(4, 659, 'App\\User'),
	(1, 660, 'App\\User'),
	(2, 660, 'App\\User'),
	(3, 660, 'App\\User'),
	(4, 660, 'App\\User'),
	(1, 661, 'App\\User'),
	(2, 661, 'App\\User'),
	(3, 661, 'App\\User'),
	(4, 661, 'App\\User'),
	(3, 662, 'App\\User'),
	(4, 662, 'App\\User'),
	(1, 663, 'App\\User'),
	(2, 663, 'App\\User'),
	(3, 663, 'App\\User'),
	(4, 663, 'App\\User'),
	(1, 664, 'App\\User'),
	(2, 664, 'App\\User'),
	(3, 664, 'App\\User'),
	(1, 665, 'App\\User'),
	(2, 665, 'App\\User'),
	(4, 665, 'App\\User'),
	(1, 666, 'App\\User'),
	(3, 666, 'App\\User'),
	(4, 666, 'App\\User'),
	(0, 667, 'App\\User'),
	(0, 668, 'App\\User'),
	(2, 669, 'App\\User'),
	(3, 669, 'App\\User'),
	(4, 669, 'App\\User'),
	(0, 670, 'App\\User'),
	(1, 671, 'App\\User'),
	(2, 671, 'App\\User'),
	(1, 672, 'App\\User'),
	(2, 672, 'App\\User'),
	(3, 672, 'App\\User'),
	(4, 672, 'App\\User'),
	(1, 673, 'App\\User'),
	(2, 673, 'App\\User'),
	(3, 673, 'App\\User'),
	(4, 673, 'App\\User'),
	(1, 674, 'App\\User'),
	(2, 674, 'App\\User'),
	(3, 674, 'App\\User'),
	(4, 674, 'App\\User'),
	(2, 675, 'App\\User'),
	(3, 675, 'App\\User'),
	(4, 675, 'App\\User'),
	(1, 676, 'App\\User'),
	(2, 676, 'App\\User'),
	(3, 676, 'App\\User'),
	(4, 676, 'App\\User'),
	(1, 677, 'App\\User'),
	(2, 677, 'App\\User'),
	(3, 677, 'App\\User'),
	(4, 677, 'App\\User'),
	(1, 678, 'App\\User'),
	(2, 678, 'App\\User'),
	(3, 678, 'App\\User'),
	(4, 678, 'App\\User'),
	(1, 679, 'App\\User'),
	(2, 679, 'App\\User'),
	(1, 680, 'App\\User'),
	(3, 680, 'App\\User'),
	(1, 681, 'App\\User'),
	(3, 681, 'App\\User'),
	(4, 681, 'App\\User'),
	(1, 682, 'App\\User'),
	(2, 682, 'App\\User'),
	(3, 682, 'App\\User'),
	(4, 682, 'App\\User'),
	(1, 683, 'App\\User'),
	(3, 683, 'App\\User'),
	(4, 683, 'App\\User'),
	(0, 684, 'App\\User'),
	(0, 685, 'App\\User'),
	(0, 686, 'App\\User'),
	(0, 687, 'App\\User'),
	(0, 688, 'App\\User'),
	(2, 689, 'App\\User'),
	(3, 689, 'App\\User'),
	(4, 689, 'App\\User'),
	(1, 690, 'App\\User'),
	(2, 690, 'App\\User'),
	(3, 690, 'App\\User'),
	(4, 690, 'App\\User'),
	(1, 691, 'App\\User'),
	(2, 691, 'App\\User'),
	(4, 691, 'App\\User'),
	(1, 692, 'App\\User'),
	(2, 692, 'App\\User'),
	(4, 692, 'App\\User'),
	(2, 693, 'App\\User'),
	(4, 693, 'App\\User'),
	(0, 694, 'App\\User'),
	(1, 695, 'App\\User'),
	(2, 695, 'App\\User'),
	(4, 695, 'App\\User'),
	(3, 696, 'App\\User'),
	(4, 696, 'App\\User'),
	(2, 697, 'App\\User'),
	(3, 697, 'App\\User'),
	(2, 698, 'App\\User'),
	(3, 698, 'App\\User'),
	(0, 699, 'App\\User'),
	(1, 700, 'App\\User'),
	(2, 700, 'App\\User'),
	(3, 700, 'App\\User'),
	(4, 700, 'App\\User'),
	(1, 701, 'App\\User'),
	(2, 701, 'App\\User'),
	(3, 701, 'App\\User'),
	(4, 701, 'App\\User'),
	(0, 702, 'App\\User'),
	(0, 703, 'App\\User'),
	(2, 704, 'App\\User'),
	(4, 704, 'App\\User'),
	(1, 705, 'App\\User'),
	(2, 705, 'App\\User'),
	(3, 705, 'App\\User'),
	(4, 705, 'App\\User'),
	(2, 706, 'App\\User'),
	(4, 706, 'App\\User'),
	(0, 707, 'App\\User'),
	(1, 708, 'App\\User'),
	(3, 708, 'App\\User'),
	(4, 708, 'App\\User'),
	(1, 709, 'App\\User'),
	(2, 709, 'App\\User'),
	(1, 710, 'App\\User'),
	(3, 710, 'App\\User'),
	(1, 711, 'App\\User'),
	(4, 711, 'App\\User'),
	(1, 712, 'App\\User'),
	(2, 712, 'App\\User'),
	(3, 712, 'App\\User'),
	(4, 712, 'App\\User'),
	(1, 713, 'App\\User'),
	(2, 713, 'App\\User'),
	(3, 713, 'App\\User'),
	(4, 713, 'App\\User'),
	(2, 714, 'App\\User'),
	(3, 714, 'App\\User'),
	(4, 714, 'App\\User'),
	(0, 715, 'App\\User'),
	(0, 716, 'App\\User'),
	(1, 717, 'App\\User'),
	(2, 717, 'App\\User'),
	(3, 717, 'App\\User'),
	(4, 717, 'App\\User'),
	(2, 718, 'App\\User'),
	(4, 718, 'App\\User'),
	(0, 719, 'App\\User'),
	(1, 720, 'App\\User'),
	(3, 720, 'App\\User'),
	(1, 721, 'App\\User'),
	(2, 721, 'App\\User'),
	(3, 721, 'App\\User'),
	(4, 721, 'App\\User'),
	(2, 722, 'App\\User'),
	(4, 722, 'App\\User'),
	(1, 723, 'App\\User'),
	(4, 723, 'App\\User'),
	(1, 724, 'App\\User'),
	(2, 724, 'App\\User'),
	(3, 724, 'App\\User'),
	(2, 725, 'App\\User'),
	(3, 725, 'App\\User'),
	(2, 726, 'App\\User'),
	(3, 726, 'App\\User'),
	(4, 726, 'App\\User'),
	(1, 727, 'App\\User'),
	(2, 727, 'App\\User'),
	(3, 727, 'App\\User'),
	(4, 727, 'App\\User'),
	(1, 728, 'App\\User'),
	(2, 728, 'App\\User'),
	(3, 728, 'App\\User'),
	(4, 728, 'App\\User'),
	(1, 729, 'App\\User'),
	(2, 729, 'App\\User'),
	(3, 729, 'App\\User'),
	(1, 730, 'App\\User'),
	(2, 730, 'App\\User'),
	(3, 730, 'App\\User'),
	(4, 730, 'App\\User'),
	(0, 731, 'App\\User'),
	(0, 732, 'App\\User'),
	(2, 733, 'App\\User'),
	(3, 733, 'App\\User'),
	(0, 734, 'App\\User'),
	(1, 735, 'App\\User'),
	(2, 735, 'App\\User'),
	(3, 735, 'App\\User'),
	(4, 735, 'App\\User'),
	(2, 736, 'App\\User'),
	(3, 736, 'App\\User'),
	(2, 737, 'App\\User'),
	(3, 737, 'App\\User'),
	(4, 737, 'App\\User'),
	(1, 738, 'App\\User'),
	(2, 738, 'App\\User'),
	(3, 738, 'App\\User'),
	(4, 738, 'App\\User'),
	(2, 739, 'App\\User'),
	(4, 739, 'App\\User'),
	(1, 740, 'App\\User'),
	(2, 740, 'App\\User'),
	(3, 740, 'App\\User'),
	(4, 740, 'App\\User'),
	(0, 741, 'App\\User'),
	(2, 742, 'App\\User'),
	(3, 742, 'App\\User'),
	(1, 743, 'App\\User'),
	(2, 743, 'App\\User'),
	(3, 743, 'App\\User'),
	(4, 743, 'App\\User'),
	(1, 744, 'App\\User'),
	(2, 744, 'App\\User'),
	(4, 744, 'App\\User'),
	(1, 745, 'App\\User'),
	(2, 745, 'App\\User'),
	(4, 745, 'App\\User'),
	(1, 746, 'App\\User'),
	(2, 746, 'App\\User'),
	(3, 746, 'App\\User'),
	(4, 746, 'App\\User'),
	(2, 747, 'App\\User'),
	(3, 747, 'App\\User'),
	(4, 747, 'App\\User'),
	(2, 748, 'App\\User'),
	(4, 748, 'App\\User'),
	(1, 749, 'App\\User'),
	(2, 749, 'App\\User'),
	(3, 749, 'App\\User'),
	(4, 749, 'App\\User'),
	(1, 750, 'App\\User'),
	(2, 750, 'App\\User'),
	(3, 750, 'App\\User'),
	(4, 750, 'App\\User'),
	(0, 751, 'App\\User'),
	(1, 752, 'App\\User'),
	(2, 752, 'App\\User'),
	(1, 753, 'App\\User'),
	(4, 753, 'App\\User'),
	(1, 754, 'App\\User'),
	(2, 754, 'App\\User'),
	(3, 754, 'App\\User'),
	(4, 754, 'App\\User'),
	(0, 755, 'App\\User'),
	(1, 756, 'App\\User'),
	(2, 756, 'App\\User'),
	(3, 756, 'App\\User'),
	(4, 756, 'App\\User'),
	(2, 757, 'App\\User'),
	(3, 757, 'App\\User'),
	(4, 757, 'App\\User'),
	(1, 758, 'App\\User'),
	(2, 758, 'App\\User'),
	(3, 758, 'App\\User'),
	(4, 758, 'App\\User'),
	(1, 759, 'App\\User'),
	(3, 759, 'App\\User'),
	(1, 760, 'App\\User'),
	(2, 760, 'App\\User'),
	(3, 760, 'App\\User'),
	(4, 760, 'App\\User'),
	(1, 761, 'App\\User'),
	(2, 761, 'App\\User'),
	(3, 761, 'App\\User'),
	(4, 761, 'App\\User'),
	(1, 762, 'App\\User'),
	(2, 762, 'App\\User'),
	(3, 762, 'App\\User'),
	(4, 762, 'App\\User'),
	(0, 763, 'App\\User'),
	(1, 764, 'App\\User'),
	(2, 764, 'App\\User'),
	(4, 764, 'App\\User'),
	(0, 765, 'App\\User'),
	(1, 766, 'App\\User'),
	(2, 766, 'App\\User'),
	(4, 766, 'App\\User'),
	(1, 767, 'App\\User'),
	(2, 767, 'App\\User'),
	(4, 767, 'App\\User'),
	(0, 768, 'App\\User'),
	(1, 769, 'App\\User'),
	(4, 769, 'App\\User'),
	(2, 770, 'App\\User'),
	(3, 770, 'App\\User'),
	(0, 771, 'App\\User'),
	(2, 772, 'App\\User'),
	(3, 772, 'App\\User'),
	(4, 772, 'App\\User'),
	(0, 773, 'App\\User'),
	(1, 774, 'App\\User'),
	(2, 774, 'App\\User'),
	(0, 775, 'App\\User'),
	(0, 776, 'App\\User'),
	(1, 777, 'App\\User'),
	(3, 777, 'App\\User'),
	(0, 778, 'App\\User'),
	(1, 779, 'App\\User'),
	(2, 779, 'App\\User'),
	(1, 780, 'App\\User'),
	(2, 780, 'App\\User'),
	(3, 780, 'App\\User'),
	(4, 780, 'App\\User'),
	(1, 781, 'App\\User'),
	(2, 781, 'App\\User'),
	(4, 781, 'App\\User'),
	(1, 782, 'App\\User'),
	(3, 782, 'App\\User'),
	(1, 783, 'App\\User'),
	(3, 783, 'App\\User'),
	(4, 783, 'App\\User'),
	(1, 784, 'App\\User'),
	(2, 784, 'App\\User'),
	(4, 784, 'App\\User'),
	(1, 785, 'App\\User'),
	(3, 785, 'App\\User'),
	(2, 786, 'App\\User'),
	(4, 786, 'App\\User'),
	(1, 787, 'App\\User'),
	(4, 787, 'App\\User'),
	(1, 788, 'App\\User'),
	(2, 788, 'App\\User'),
	(3, 788, 'App\\User'),
	(4, 788, 'App\\User'),
	(1, 789, 'App\\User'),
	(2, 789, 'App\\User'),
	(3, 789, 'App\\User'),
	(4, 789, 'App\\User'),
	(0, 790, 'App\\User'),
	(0, 791, 'App\\User'),
	(2, 792, 'App\\User'),
	(4, 792, 'App\\User'),
	(2, 793, 'App\\User'),
	(3, 793, 'App\\User'),
	(1, 794, 'App\\User'),
	(2, 794, 'App\\User'),
	(3, 794, 'App\\User'),
	(4, 794, 'App\\User'),
	(0, 795, 'App\\User'),
	(0, 796, 'App\\User'),
	(2, 797, 'App\\User'),
	(3, 797, 'App\\User'),
	(4, 797, 'App\\User'),
	(0, 798, 'App\\User'),
	(0, 799, 'App\\User'),
	(3, 800, 'App\\User'),
	(4, 800, 'App\\User'),
	(1, 801, 'App\\User'),
	(2, 801, 'App\\User'),
	(3, 801, 'App\\User'),
	(4, 801, 'App\\User'),
	(1, 802, 'App\\User'),
	(2, 802, 'App\\User'),
	(1, 803, 'App\\User'),
	(2, 803, 'App\\User'),
	(3, 803, 'App\\User'),
	(1, 804, 'App\\User'),
	(3, 804, 'App\\User'),
	(1, 805, 'App\\User'),
	(2, 805, 'App\\User'),
	(1, 806, 'App\\User'),
	(2, 806, 'App\\User'),
	(3, 806, 'App\\User'),
	(4, 806, 'App\\User'),
	(3, 807, 'App\\User'),
	(4, 807, 'App\\User'),
	(2, 808, 'App\\User'),
	(3, 808, 'App\\User'),
	(4, 808, 'App\\User'),
	(1, 809, 'App\\User'),
	(2, 809, 'App\\User'),
	(3, 809, 'App\\User'),
	(2, 810, 'App\\User'),
	(3, 810, 'App\\User'),
	(4, 810, 'App\\User'),
	(0, 811, 'App\\User'),
	(0, 812, 'App\\User'),
	(2, 813, 'App\\User'),
	(3, 813, 'App\\User'),
	(0, 814, 'App\\User'),
	(2, 815, 'App\\User'),
	(3, 815, 'App\\User'),
	(4, 815, 'App\\User'),
	(0, 816, 'App\\User'),
	(1, 817, 'App\\User'),
	(2, 817, 'App\\User'),
	(3, 817, 'App\\User'),
	(4, 817, 'App\\User'),
	(1, 818, 'App\\User'),
	(2, 818, 'App\\User'),
	(3, 818, 'App\\User'),
	(4, 818, 'App\\User'),
	(1, 819, 'App\\User'),
	(3, 819, 'App\\User'),
	(4, 819, 'App\\User'),
	(1, 820, 'App\\User'),
	(2, 820, 'App\\User'),
	(3, 820, 'App\\User'),
	(4, 820, 'App\\User'),
	(1, 821, 'App\\User'),
	(2, 821, 'App\\User'),
	(3, 821, 'App\\User'),
	(4, 821, 'App\\User'),
	(2, 822, 'App\\User'),
	(3, 822, 'App\\User'),
	(4, 822, 'App\\User'),
	(1, 823, 'App\\User'),
	(2, 823, 'App\\User'),
	(3, 823, 'App\\User'),
	(4, 823, 'App\\User'),
	(1, 824, 'App\\User'),
	(2, 824, 'App\\User'),
	(3, 824, 'App\\User'),
	(1, 825, 'App\\User'),
	(3, 825, 'App\\User'),
	(4, 825, 'App\\User'),
	(1, 826, 'App\\User'),
	(3, 826, 'App\\User'),
	(4, 826, 'App\\User'),
	(3, 827, 'App\\User'),
	(4, 827, 'App\\User'),
	(1, 828, 'App\\User'),
	(2, 828, 'App\\User'),
	(3, 828, 'App\\User'),
	(3, 829, 'App\\User'),
	(4, 829, 'App\\User'),
	(3, 830, 'App\\User'),
	(4, 830, 'App\\User'),
	(1, 831, 'App\\User'),
	(2, 831, 'App\\User'),
	(3, 831, 'App\\User'),
	(4, 831, 'App\\User'),
	(1, 832, 'App\\User'),
	(3, 832, 'App\\User'),
	(4, 832, 'App\\User'),
	(0, 833, 'App\\User'),
	(3, 834, 'App\\User'),
	(4, 834, 'App\\User'),
	(1, 835, 'App\\User'),
	(2, 835, 'App\\User'),
	(3, 835, 'App\\User'),
	(4, 835, 'App\\User'),
	(2, 836, 'App\\User'),
	(3, 836, 'App\\User'),
	(4, 836, 'App\\User'),
	(0, 837, 'App\\User'),
	(0, 838, 'App\\User'),
	(1, 839, 'App\\User'),
	(4, 839, 'App\\User'),
	(1, 840, 'App\\User'),
	(2, 840, 'App\\User'),
	(3, 840, 'App\\User'),
	(1, 841, 'App\\User'),
	(2, 841, 'App\\User'),
	(4, 841, 'App\\User'),
	(0, 842, 'App\\User'),
	(1, 843, 'App\\User'),
	(2, 843, 'App\\User'),
	(3, 843, 'App\\User'),
	(4, 843, 'App\\User'),
	(1, 844, 'App\\User'),
	(4, 844, 'App\\User'),
	(0, 845, 'App\\User'),
	(1, 846, 'App\\User'),
	(2, 846, 'App\\User'),
	(3, 846, 'App\\User'),
	(4, 846, 'App\\User'),
	(1, 847, 'App\\User'),
	(2, 847, 'App\\User'),
	(3, 847, 'App\\User'),
	(1, 848, 'App\\User'),
	(2, 848, 'App\\User'),
	(3, 848, 'App\\User'),
	(4, 848, 'App\\User'),
	(1, 849, 'App\\User'),
	(3, 849, 'App\\User'),
	(4, 849, 'App\\User'),
	(1, 850, 'App\\User'),
	(2, 850, 'App\\User'),
	(3, 850, 'App\\User'),
	(4, 850, 'App\\User'),
	(1, 851, 'App\\User'),
	(2, 851, 'App\\User'),
	(3, 851, 'App\\User'),
	(4, 851, 'App\\User'),
	(3, 852, 'App\\User'),
	(4, 852, 'App\\User'),
	(0, 853, 'App\\User'),
	(0, 854, 'App\\User'),
	(3, 855, 'App\\User'),
	(4, 855, 'App\\User'),
	(2, 856, 'App\\User'),
	(3, 856, 'App\\User'),
	(1, 857, 'App\\User'),
	(2, 857, 'App\\User'),
	(4, 857, 'App\\User'),
	(1, 858, 'App\\User'),
	(2, 858, 'App\\User'),
	(3, 858, 'App\\User'),
	(4, 858, 'App\\User'),
	(1, 859, 'App\\User'),
	(2, 859, 'App\\User'),
	(3, 859, 'App\\User'),
	(1, 860, 'App\\User'),
	(2, 860, 'App\\User'),
	(3, 860, 'App\\User'),
	(4, 860, 'App\\User'),
	(2, 861, 'App\\User'),
	(4, 861, 'App\\User'),
	(1, 862, 'App\\User'),
	(2, 862, 'App\\User'),
	(3, 862, 'App\\User'),
	(4, 862, 'App\\User'),
	(0, 863, 'App\\User'),
	(2, 864, 'App\\User'),
	(4, 864, 'App\\User'),
	(1, 865, 'App\\User'),
	(2, 865, 'App\\User'),
	(3, 865, 'App\\User'),
	(4, 865, 'App\\User'),
	(1, 866, 'App\\User'),
	(2, 866, 'App\\User'),
	(3, 866, 'App\\User'),
	(0, 867, 'App\\User'),
	(1, 868, 'App\\User'),
	(2, 868, 'App\\User'),
	(1, 869, 'App\\User'),
	(2, 869, 'App\\User'),
	(3, 869, 'App\\User'),
	(1, 870, 'App\\User'),
	(2, 870, 'App\\User'),
	(3, 870, 'App\\User'),
	(0, 871, 'App\\User'),
	(2, 872, 'App\\User'),
	(4, 872, 'App\\User'),
	(1, 873, 'App\\User'),
	(2, 873, 'App\\User'),
	(3, 873, 'App\\User'),
	(4, 873, 'App\\User'),
	(1, 874, 'App\\User'),
	(2, 874, 'App\\User'),
	(3, 874, 'App\\User'),
	(4, 874, 'App\\User'),
	(2, 875, 'App\\User'),
	(4, 875, 'App\\User'),
	(1, 876, 'App\\User'),
	(2, 876, 'App\\User'),
	(1, 877, 'App\\User'),
	(3, 877, 'App\\User'),
	(4, 877, 'App\\User'),
	(1, 878, 'App\\User'),
	(2, 878, 'App\\User'),
	(3, 878, 'App\\User'),
	(4, 878, 'App\\User'),
	(2, 879, 'App\\User'),
	(4, 879, 'App\\User'),
	(2, 880, 'App\\User'),
	(3, 880, 'App\\User'),
	(4, 880, 'App\\User'),
	(1, 881, 'App\\User'),
	(2, 881, 'App\\User'),
	(3, 881, 'App\\User'),
	(4, 881, 'App\\User'),
	(1, 882, 'App\\User'),
	(2, 882, 'App\\User'),
	(3, 882, 'App\\User'),
	(4, 882, 'App\\User'),
	(3, 883, 'App\\User'),
	(4, 883, 'App\\User'),
	(0, 884, 'App\\User'),
	(0, 885, 'App\\User'),
	(3, 886, 'App\\User'),
	(4, 886, 'App\\User'),
	(1, 887, 'App\\User'),
	(2, 887, 'App\\User'),
	(3, 888, 'App\\User'),
	(4, 888, 'App\\User'),
	(1, 889, 'App\\User'),
	(2, 889, 'App\\User'),
	(3, 889, 'App\\User'),
	(4, 889, 'App\\User'),
	(1, 890, 'App\\User'),
	(3, 890, 'App\\User'),
	(4, 890, 'App\\User'),
	(1, 891, 'App\\User'),
	(2, 891, 'App\\User'),
	(4, 891, 'App\\User'),
	(1, 892, 'App\\User'),
	(2, 892, 'App\\User'),
	(3, 892, 'App\\User'),
	(4, 892, 'App\\User'),
	(1, 893, 'App\\User'),
	(4, 893, 'App\\User'),
	(1, 894, 'App\\User'),
	(2, 894, 'App\\User'),
	(3, 894, 'App\\User'),
	(4, 894, 'App\\User'),
	(0, 895, 'App\\User'),
	(1, 896, 'App\\User'),
	(2, 896, 'App\\User'),
	(3, 896, 'App\\User'),
	(4, 896, 'App\\User'),
	(1, 897, 'App\\User'),
	(2, 897, 'App\\User'),
	(3, 897, 'App\\User'),
	(1, 898, 'App\\User'),
	(3, 898, 'App\\User'),
	(4, 898, 'App\\User'),
	(1, 899, 'App\\User'),
	(2, 899, 'App\\User'),
	(3, 899, 'App\\User'),
	(4, 899, 'App\\User'),
	(0, 900, 'App\\User'),
	(1, 901, 'App\\User'),
	(2, 901, 'App\\User'),
	(3, 901, 'App\\User'),
	(4, 901, 'App\\User'),
	(0, 902, 'App\\User'),
	(1, 903, 'App\\User'),
	(2, 903, 'App\\User'),
	(3, 903, 'App\\User'),
	(4, 903, 'App\\User'),
	(0, 904, 'App\\User'),
	(0, 905, 'App\\User'),
	(2, 906, 'App\\User'),
	(3, 906, 'App\\User'),
	(1, 907, 'App\\User'),
	(2, 907, 'App\\User'),
	(3, 907, 'App\\User'),
	(1, 908, 'App\\User'),
	(2, 908, 'App\\User'),
	(3, 908, 'App\\User'),
	(4, 908, 'App\\User'),
	(1, 909, 'App\\User'),
	(3, 909, 'App\\User'),
	(4, 909, 'App\\User'),
	(1, 910, 'App\\User'),
	(2, 910, 'App\\User'),
	(3, 910, 'App\\User'),
	(1, 911, 'App\\User'),
	(3, 911, 'App\\User'),
	(4, 911, 'App\\User'),
	(1, 912, 'App\\User'),
	(2, 912, 'App\\User'),
	(4, 912, 'App\\User'),
	(1, 913, 'App\\User'),
	(2, 913, 'App\\User'),
	(3, 913, 'App\\User'),
	(4, 913, 'App\\User'),
	(1, 914, 'App\\User'),
	(2, 914, 'App\\User'),
	(1, 915, 'App\\User'),
	(3, 915, 'App\\User'),
	(4, 915, 'App\\User'),
	(1, 916, 'App\\User'),
	(2, 916, 'App\\User'),
	(3, 916, 'App\\User'),
	(4, 916, 'App\\User'),
	(1, 917, 'App\\User'),
	(2, 917, 'App\\User'),
	(4, 917, 'App\\User'),
	(0, 918, 'App\\User'),
	(0, 919, 'App\\User'),
	(0, 920, 'App\\User'),
	(0, 921, 'App\\User'),
	(1, 922, 'App\\User'),
	(2, 922, 'App\\User'),
	(3, 922, 'App\\User'),
	(1, 923, 'App\\User'),
	(2, 923, 'App\\User'),
	(3, 923, 'App\\User'),
	(4, 923, 'App\\User'),
	(1, 924, 'App\\User'),
	(2, 924, 'App\\User'),
	(3, 924, 'App\\User'),
	(4, 924, 'App\\User'),
	(0, 925, 'App\\User'),
	(1, 926, 'App\\User'),
	(4, 926, 'App\\User'),
	(1, 927, 'App\\User'),
	(2, 927, 'App\\User'),
	(3, 927, 'App\\User'),
	(4, 927, 'App\\User'),
	(0, 928, 'App\\User'),
	(1, 929, 'App\\User'),
	(2, 929, 'App\\User'),
	(0, 930, 'App\\User'),
	(2, 931, 'App\\User'),
	(3, 931, 'App\\User'),
	(2, 932, 'App\\User'),
	(3, 932, 'App\\User'),
	(4, 932, 'App\\User'),
	(0, 933, 'App\\User'),
	(1, 934, 'App\\User'),
	(3, 934, 'App\\User'),
	(0, 935, 'App\\User'),
	(3, 936, 'App\\User'),
	(4, 936, 'App\\User'),
	(0, 937, 'App\\User'),
	(1, 938, 'App\\User'),
	(4, 938, 'App\\User'),
	(2, 939, 'App\\User'),
	(3, 939, 'App\\User'),
	(4, 939, 'App\\User'),
	(1, 940, 'App\\User'),
	(2, 940, 'App\\User'),
	(1, 941, 'App\\User'),
	(2, 941, 'App\\User'),
	(3, 941, 'App\\User'),
	(4, 941, 'App\\User'),
	(0, 942, 'App\\User'),
	(1, 943, 'App\\User'),
	(2, 943, 'App\\User'),
	(3, 943, 'App\\User'),
	(4, 943, 'App\\User'),
	(1, 944, 'App\\User'),
	(3, 944, 'App\\User'),
	(3, 945, 'App\\User'),
	(4, 945, 'App\\User'),
	(0, 946, 'App\\User'),
	(1, 947, 'App\\User'),
	(2, 947, 'App\\User'),
	(3, 947, 'App\\User'),
	(4, 947, 'App\\User'),
	(1, 948, 'App\\User'),
	(2, 948, 'App\\User'),
	(3, 948, 'App\\User'),
	(4, 948, 'App\\User'),
	(3, 949, 'App\\User'),
	(4, 949, 'App\\User'),
	(2, 950, 'App\\User'),
	(4, 950, 'App\\User'),
	(2, 951, 'App\\User'),
	(3, 951, 'App\\User'),
	(0, 952, 'App\\User'),
	(1, 953, 'App\\User'),
	(3, 953, 'App\\User'),
	(4, 953, 'App\\User'),
	(1, 954, 'App\\User'),
	(2, 954, 'App\\User'),
	(3, 954, 'App\\User'),
	(2, 955, 'App\\User'),
	(4, 955, 'App\\User'),
	(0, 956, 'App\\User'),
	(0, 957, 'App\\User'),
	(1, 958, 'App\\User'),
	(2, 958, 'App\\User'),
	(3, 958, 'App\\User'),
	(4, 958, 'App\\User'),
	(0, 959, 'App\\User'),
	(1, 960, 'App\\User'),
	(2, 960, 'App\\User'),
	(4, 960, 'App\\User'),
	(2, 961, 'App\\User'),
	(3, 961, 'App\\User'),
	(4, 961, 'App\\User'),
	(1, 962, 'App\\User'),
	(2, 962, 'App\\User'),
	(4, 962, 'App\\User'),
	(1, 963, 'App\\User'),
	(2, 963, 'App\\User'),
	(3, 963, 'App\\User'),
	(4, 963, 'App\\User'),
	(1, 964, 'App\\User'),
	(3, 964, 'App\\User'),
	(2, 965, 'App\\User'),
	(3, 965, 'App\\User'),
	(1, 966, 'App\\User'),
	(3, 966, 'App\\User'),
	(4, 966, 'App\\User'),
	(0, 967, 'App\\User'),
	(1, 968, 'App\\User'),
	(3, 968, 'App\\User'),
	(4, 968, 'App\\User'),
	(1, 969, 'App\\User'),
	(2, 969, 'App\\User'),
	(3, 969, 'App\\User'),
	(4, 969, 'App\\User'),
	(0, 970, 'App\\User'),
	(1, 971, 'App\\User'),
	(2, 971, 'App\\User'),
	(3, 971, 'App\\User'),
	(4, 971, 'App\\User'),
	(1, 972, 'App\\User'),
	(2, 972, 'App\\User'),
	(4, 972, 'App\\User'),
	(2, 973, 'App\\User'),
	(3, 973, 'App\\User'),
	(1, 974, 'App\\User'),
	(2, 974, 'App\\User'),
	(3, 974, 'App\\User'),
	(4, 974, 'App\\User'),
	(0, 975, 'App\\User'),
	(1, 976, 'App\\User'),
	(3, 976, 'App\\User'),
	(4, 976, 'App\\User'),
	(1, 977, 'App\\User'),
	(2, 977, 'App\\User'),
	(1, 978, 'App\\User'),
	(3, 978, 'App\\User'),
	(4, 978, 'App\\User'),
	(2, 979, 'App\\User'),
	(4, 979, 'App\\User'),
	(0, 980, 'App\\User'),
	(1, 981, 'App\\User'),
	(3, 981, 'App\\User'),
	(1, 982, 'App\\User'),
	(4, 982, 'App\\User'),
	(1, 983, 'App\\User'),
	(2, 983, 'App\\User'),
	(4, 983, 'App\\User'),
	(1, 984, 'App\\User'),
	(2, 984, 'App\\User'),
	(3, 984, 'App\\User'),
	(4, 984, 'App\\User'),
	(0, 985, 'App\\User'),
	(0, 986, 'App\\User'),
	(0, 987, 'App\\User'),
	(1, 988, 'App\\User'),
	(2, 988, 'App\\User'),
	(3, 988, 'App\\User'),
	(4, 988, 'App\\User'),
	(0, 989, 'App\\User'),
	(1, 990, 'App\\User'),
	(3, 990, 'App\\User'),
	(1, 991, 'App\\User'),
	(2, 991, 'App\\User'),
	(3, 991, 'App\\User'),
	(4, 991, 'App\\User'),
	(1, 992, 'App\\User'),
	(2, 992, 'App\\User'),
	(3, 992, 'App\\User'),
	(0, 993, 'App\\User'),
	(1, 994, 'App\\User'),
	(2, 994, 'App\\User'),
	(3, 994, 'App\\User'),
	(2, 995, 'App\\User'),
	(3, 995, 'App\\User'),
	(2, 996, 'App\\User'),
	(4, 996, 'App\\User'),
	(1, 997, 'App\\User'),
	(3, 997, 'App\\User'),
	(4, 997, 'App\\User'),
	(1, 998, 'App\\User'),
	(3, 998, 'App\\User'),
	(4, 998, 'App\\User'),
	(0, 999, 'App\\User'),
	(0, 1000, 'App\\User'),
	(0, 1001, 'App\\User');
/*!40000 ALTER TABLE `taggables` ENABLE KEYS */;


-- Dumping structure for table timf.tags
DROP TABLE IF EXISTS `tags`;
CREATE TABLE IF NOT EXISTS `tags` (
  `id` int(10) unsigned NOT NULL AUTO_INCREMENT,
  `name` varchar(255) COLLATE utf8_unicode_ci NOT NULL,
  PRIMARY KEY (`id`)
) ENGINE=InnoDB AUTO_INCREMENT=5 DEFAULT CHARSET=utf8 COLLATE=utf8_unicode_ci;

-- Dumping data for table timf.tags: ~4 rows (approximately)
DELETE FROM `tags`;
/*!40000 ALTER TABLE `tags` DISABLE KEYS */;
INSERT INTO `tags` (`id`, `name`) VALUES
	(1, 'Technology'),
	(2, 'Politics'),
	(3, 'Business'),
	(4, 'Entertainment');
/*!40000 ALTER TABLE `tags` ENABLE KEYS */;


-- Dumping structure for table timf.test1s
DROP TABLE IF EXISTS `test1s`;
CREATE TABLE IF NOT EXISTS `test1s` (
  `id` int(11) NOT NULL AUTO_INCREMENT,
  `name` varchar(500) DEFAULT NULL,
  `Test1Code` varchar(500) DEFAULT NULL,
  `name23` varchar(500) DEFAULT NULL,
  `email23` varchar(500) DEFAULT NULL,
  `unitprice` decimal(10,2) DEFAULT '0.00',
  `created_at` datetime DEFAULT NULL,
  `updated_at` datetime DEFAULT NULL,
  PRIMARY KEY (`id`)
) ENGINE=InnoDB AUTO_INCREMENT=5 DEFAULT CHARSET=utf8;

-- Dumping data for table timf.test1s: ~3 rows (approximately)
DELETE FROM `test1s`;
/*!40000 ALTER TABLE `test1s` DISABLE KEYS */;
INSERT INTO `test1s` (`id`, `name`, `Test1Code`, `name23`, `email23`, `unitprice`, `created_at`, `updated_at`) VALUES
	(1, '7', '6', NULL, NULL, 5.00, '2017-01-15 04:45:56', '2017-01-15 04:45:56'),
	(2, '12', '23', '45', 'ty', 4545.00, '2017-01-15 04:54:27', '2017-01-15 04:54:27'),
	(3, '23', '545', '1', '2', 34.00, '2017-01-15 04:55:17', '2017-01-15 04:55:17'),
	(4, '121', '445', '13', '24', 34.00, '2017-01-15 04:55:45', '2017-01-15 04:55:45');
/*!40000 ALTER TABLE `test1s` ENABLE KEYS */;


-- Dumping structure for table timf.tests
DROP TABLE IF EXISTS `tests`;
CREATE TABLE IF NOT EXISTS `tests` (
  `id` int(11) NOT NULL AUTO_INCREMENT,
  `name` varchar(500) DEFAULT NULL,
  `TestCode` varchar(500) DEFAULT NULL,
  `unitprice` decimal(10,2) DEFAULT '0.00',
  `created_at` datetime DEFAULT NULL,
  `updated_at` datetime DEFAULT NULL,
  PRIMARY KEY (`id`)
) ENGINE=InnoDB AUTO_INCREMENT=42 DEFAULT CHARSET=utf8;

-- Dumping data for table timf.tests: ~5 rows (approximately)
DELETE FROM `tests`;
/*!40000 ALTER TABLE `tests` DISABLE KEYS */;
INSERT INTO `tests` (`id`, `name`, `TestCode`, `unitprice`, `created_at`, `updated_at`) VALUES
	(37, '1', '2', 3.00, '2017-01-14 05:17:59', '2017-01-14 05:17:59'),
	(38, '7', '6', 5.00, '2017-01-15 04:33:41', '2017-01-15 04:33:41'),
	(39, '6', '5', 4.00, '2017-01-15 04:34:22', '2017-01-15 04:34:22'),
	(40, '55', '66', 88.00, '2017-01-15 04:35:17', '2017-01-15 04:35:17'),
	(41, '553', '664', 885.00, '2017-01-15 04:35:45', '2017-01-15 04:35:45');
/*!40000 ALTER TABLE `tests` ENABLE KEYS */;


-- Dumping structure for table timf.thanas
DROP TABLE IF EXISTS `thanas`;
CREATE TABLE IF NOT EXISTS `thanas` (
  `id` int(11) NOT NULL AUTO_INCREMENT,
  `ThanaNameBangla` varchar(500) DEFAULT NULL,
  `ThanaName` varchar(500) DEFAULT NULL,
  `DistrictId` int(11) DEFAULT NULL,
  `name` varchar(500) DEFAULT NULL,
  `created_at` datetime DEFAULT NULL,
  `updated_at` datetime DEFAULT NULL,
  PRIMARY KEY (`id`)
) ENGINE=InnoDB AUTO_INCREMENT=493 DEFAULT CHARSET=utf8;

-- Dumping data for table timf.thanas: ~492 rows (approximately)
DELETE FROM `thanas`;
/*!40000 ALTER TABLE `thanas` DISABLE KEYS */;
INSERT INTO `thanas` (`id`, `ThanaNameBangla`, `ThanaName`, `DistrictId`, `name`, `created_at`, `updated_at`) VALUES
	(1, 'আমতলী', 'Amtali Upazila', 34, NULL, NULL, NULL),
	(2, 'বামনা', 'Bamna Upazila', 34, NULL, NULL, NULL),
	(3, 'বরগুনা সদর', 'Barguna Sadar Upazila', 34, NULL, NULL, NULL),
	(4, 'বেতাগি', 'Betagi Upazila', 34, NULL, NULL, NULL),
	(5, 'পাথরঘাটা', 'Patharghata Upazila', 34, NULL, NULL, NULL),
	(6, 'তালতলী', 'Taltali Upazila', 34, NULL, NULL, NULL),
	(7, 'মুলাদি', 'Muladi Upazila', 35, NULL, NULL, NULL),
	(8, 'বাবুগঞ্জ', 'Babuganj Upazila', 35, NULL, NULL, NULL),
	(9, 'আগাইলঝরা', 'Agailjhara Upazila', 35, NULL, NULL, NULL),
	(10, 'বরিশাল সদর', 'Barisal Sadar Upazila', 35, NULL, NULL, NULL),
	(11, 'বাকেরগঞ্জ', 'Bakerganj Upazila', 35, NULL, NULL, NULL),
	(12, 'বানাড়িপারা', 'Banaripara Upazila', 35, NULL, NULL, NULL),
	(13, 'গৌরনদী', 'Gaurnadi Upazila', 35, NULL, NULL, NULL),
	(14, 'হিজলা', 'Hizla Upazila', 35, NULL, NULL, NULL),
	(15, 'মেহেদিগঞ্জ ', 'Mehendiganj Upazila', 35, NULL, NULL, NULL),
	(16, 'ওয়াজিরপুর', 'Wazirpur Upazila', 35, NULL, NULL, NULL),
	(17, 'ভোলা সদর', 'Bhola Sadar Upazila', 36, NULL, NULL, NULL),
	(18, 'বুরহানউদ্দিন', 'Burhanuddin Upazila', 36, NULL, NULL, NULL),
	(19, 'চর ফ্যাশন', 'Char Fasson Upazila', 36, NULL, NULL, NULL),
	(20, 'দৌলতখান', 'Daulatkhan Upazila', 36, NULL, NULL, NULL),
	(21, 'লালমোহন', 'Lalmohan Upazila', 36, NULL, NULL, NULL),
	(22, 'মনপুরা', 'Manpura Upazila', 36, NULL, NULL, NULL),
	(23, 'তাজুমুদ্দিন', 'Tazumuddin Upazila', 36, NULL, NULL, NULL),
	(24, 'ঝালকাঠি সদর', 'Jhalokati Sadar Upazila', 37, NULL, NULL, NULL),
	(25, 'কাঁঠালিয়া', 'Kathalia Upazila', 37, NULL, NULL, NULL),
	(26, 'নালচিতি', 'Nalchity Upazila', 37, NULL, NULL, NULL),
	(27, 'রাজাপুর', 'Rajapur Upazila', 37, NULL, NULL, NULL),
	(28, 'বাউফল', 'Bauphal Upazila', 38, NULL, NULL, NULL),
	(29, 'দশমিনা', 'Dashmina Upazila', 38, NULL, NULL, NULL),
	(30, 'গলাচিপা', 'Galachipa Upazila', 38, NULL, NULL, NULL),
	(31, 'কালাপারা', 'Kalapara Upazila', 38, NULL, NULL, NULL),
	(32, 'মির্জাগঞ্জ ', 'Mirzaganj Upazila', 38, NULL, NULL, NULL),
	(33, 'পটুয়াখালী সদর', 'Patuakhali Sadar Upazila', 38, NULL, NULL, NULL),
	(34, 'ডুমকি', 'Dumki Upazila', 38, NULL, NULL, NULL),
	(35, 'রাঙ্গাবালি', 'Rangabali Upazila', 38, NULL, NULL, NULL),
	(36, 'ভ্যান্ডারিয়া', 'Bhandaria', 39, NULL, NULL, NULL),
	(37, 'কাউখালি', 'Kaukhali', 39, NULL, NULL, NULL),
	(38, 'মাঠবাড়িয়া', 'Mathbaria', 39, NULL, NULL, NULL),
	(39, 'নাজিরপুর', 'Nazirpur', 39, NULL, NULL, NULL),
	(40, 'নেসারাবাদ', 'Nesarabad', 39, NULL, NULL, NULL),
	(41, 'পিরোজপুর সদর', 'Pirojpur Sadar', 39, NULL, NULL, NULL),
	(42, 'জিয়ানগর', 'Zianagar', 39, NULL, NULL, NULL),
	(43, 'বান্দরবন সদর', 'Bandarban Sadar', 40, NULL, NULL, NULL),
	(44, 'থানচি', 'Thanchi', 40, NULL, NULL, NULL),
	(45, 'লামা', 'Lama', 40, NULL, NULL, NULL),
	(46, 'নাইখংছড়ি ', 'Naikhongchhari', 40, NULL, NULL, NULL),
	(47, 'আলী কদম', 'Ali kadam', 40, NULL, NULL, NULL),
	(48, 'রউয়াংছড়ি ', 'Rowangchhari', 40, NULL, NULL, NULL),
	(49, 'রুমা', 'Ruma', 40, NULL, NULL, NULL),
	(50, 'ব্রাহ্মণবাড়িয়া সদর', 'Brahmanbaria Sadar Upazila', 41, NULL, NULL, NULL),
	(51, 'আশুগঞ্জ', 'Ashuganj Upazila', 41, NULL, NULL, NULL),
	(52, 'নাসির নগর', 'Nasirnagar Upazila', 41, NULL, NULL, NULL),
	(53, 'নবীনগর', 'Nabinagar Upazila', 41, NULL, NULL, NULL),
	(54, 'সরাইল', 'Sarail Upazila', 41, NULL, NULL, NULL),
	(55, 'শাহবাজপুর টাউন', 'Shahbazpur Town', 41, NULL, NULL, NULL),
	(56, 'কসবা', 'Kasba Upazila', 41, NULL, NULL, NULL),
	(57, 'আখাউরা', 'Akhaura Upazila', 41, NULL, NULL, NULL),
	(58, 'বাঞ্ছারামপুর', 'Bancharampur Upazila', 41, NULL, NULL, NULL),
	(59, 'বিজয় নগর', 'Bijoynagar Upazila', 41, NULL, NULL, NULL),
	(60, 'চাঁদপুর সদর', 'Chandpur Sadar', 42, NULL, NULL, NULL),
	(61, 'ফরিদগঞ্জ', 'Faridganj', 42, NULL, NULL, NULL),
	(62, 'হাইমচর', 'Haimchar', 42, NULL, NULL, NULL),
	(63, 'হাজীগঞ্জ', 'Haziganj', 42, NULL, NULL, NULL),
	(64, 'কচুয়া', 'Kachua', 42, NULL, NULL, NULL),
	(65, 'মতলব উত্তর', 'Matlab Uttar', 42, NULL, NULL, NULL),
	(66, 'মতলব দক্ষিণ', 'Matlab Dakkhin', 42, NULL, NULL, NULL),
	(67, 'শাহরাস্তি', 'Shahrasti', 42, NULL, NULL, NULL),
	(68, 'আনোয়ারা', 'Anwara Upazila', 43, NULL, NULL, NULL),
	(69, 'বাশখালি', 'Banshkhali Upazila', 43, NULL, NULL, NULL),
	(70, 'বোয়ালখালি', 'Boalkhali Upazila', 43, NULL, NULL, NULL),
	(71, 'চন্দনাইশ', 'Chandanaish Upazila', 43, NULL, NULL, NULL),
	(72, 'ফটিকছড়ি', 'Fatikchhari Upazila', 43, NULL, NULL, NULL),
	(73, 'হাঠহাজারী', 'Hathazari Upazila', 43, NULL, NULL, NULL),
	(74, 'লোহাগারা', 'Lohagara Upazila', 43, NULL, NULL, NULL),
	(75, 'মিরসরাই', 'Mirsharai Upazila', 43, NULL, NULL, NULL),
	(76, 'পটিয়া', 'Patiya Upazila', 43, NULL, NULL, NULL),
	(77, 'রাঙ্গুনিয়া', 'Rangunia Upazila', 43, NULL, NULL, NULL),
	(78, 'রাউজান', 'Raozan Upazila', 43, NULL, NULL, NULL),
	(79, 'সন্দ্বীপ', 'Sandwip Upazila', 43, NULL, NULL, NULL),
	(80, 'সাতকানিয়া', 'Satkania Upazila', 43, NULL, NULL, NULL),
	(81, 'সীতাকুণ্ড', 'Sitakunda Upazila', 43, NULL, NULL, NULL),
	(82, 'বড়ুরা', 'Barura Upazila', 44, NULL, NULL, NULL),
	(83, 'ব্রাহ্মণপাড়া', 'Brahmanpara Upazila', 44, NULL, NULL, NULL),
	(84, 'বুড়িচং', 'Burichong Upazila', 44, NULL, NULL, NULL),
	(85, 'চান্দিনা', 'Chandina Upazila', 44, NULL, NULL, NULL),
	(86, 'চৌদ্দগ্রাম', 'Chauddagram Upazila', 44, NULL, NULL, NULL),
	(87, 'দাউদকান্দি', 'Daudkandi Upazila', 44, NULL, NULL, NULL),
	(88, 'দেবীদ্বার', 'Debidwar Upazila', 44, NULL, NULL, NULL),
	(89, 'হোমনা', 'Homna Upazila', 44, NULL, NULL, NULL),
	(90, 'কুমিল্লা সদর', 'Comilla Sadar Upazila', 44, NULL, NULL, NULL),
	(91, 'লাকসাম', 'Laksam Upazila', 44, NULL, NULL, NULL),
	(92, 'মনোহরগঞ্জ', 'Monohorgonj Upazila', 44, NULL, NULL, NULL),
	(93, 'মেঘনা', 'Meghna Upazila', 44, NULL, NULL, NULL),
	(94, 'মুরাদনগর', 'Muradnagar Upazila', 44, NULL, NULL, NULL),
	(95, 'নাঙ্গালকোট', 'Nangalkot Upazila', 44, NULL, NULL, NULL),
	(96, 'কুমিল্লা সদর দক্ষিণ', 'Comilla Sadar South Upazila', 44, NULL, NULL, NULL),
	(97, 'তিতাস', 'Titas Upazila', 44, NULL, NULL, NULL),
	(98, 'চকরিয়া', 'Chakaria Upazila', 45, NULL, NULL, NULL),
	(99, 'চকরিয়া', 'Chakaria Upazila', 45, NULL, NULL, NULL),
	(100, 'কক্স বাজার সদর', 'Cox\'s Bazar Sadar Upazila', 45, NULL, NULL, NULL),
	(101, 'কুতুবদিয়া', 'Kutubdia Upazila', 45, NULL, NULL, NULL),
	(102, 'মহেশখালী', 'Maheshkhali Upazila', 45, NULL, NULL, NULL),
	(103, 'রামু', 'Ramu Upazila', 45, NULL, NULL, NULL),
	(104, 'টেকনাফ', 'Teknaf Upazila', 45, NULL, NULL, NULL),
	(105, 'উখিয়া', 'Ukhia Upazila', 45, NULL, NULL, NULL),
	(106, 'পেকুয়া', 'Pekua Upazila', 45, NULL, NULL, NULL),
	(107, 'ফেনী সদর', 'Feni Sadar', 46, NULL, NULL, NULL),
	(108, 'ছাগল নাইয়া', 'Chagalnaiya', 46, NULL, NULL, NULL),
	(109, 'দাগানভিয়া', 'Daganbhyan', 46, NULL, NULL, NULL),
	(110, 'পরশুরাম', 'Parshuram', 46, NULL, NULL, NULL),
	(111, 'ফুলগাজি', 'Fhulgazi', 46, NULL, NULL, NULL),
	(112, 'সোনাগাজি', 'Sonagazi', 46, NULL, NULL, NULL),
	(113, 'দিঘিনালা ', 'Dighinala Upazila', 47, NULL, NULL, NULL),
	(114, 'খাগড়াছড়ি', 'Khagrachhari Upazila', 47, NULL, NULL, NULL),
	(115, 'লক্ষ্মীছড়ি', 'Lakshmichhari Upazila', 47, NULL, NULL, NULL),
	(116, 'মহলছড়ি', 'Mahalchhari Upazila', 47, NULL, NULL, NULL),
	(117, 'মানিকছড়ি', 'Manikchhari Upazila', 47, NULL, NULL, NULL),
	(118, 'মাটিরাঙ্গা', 'Matiranga Upazila', 47, NULL, NULL, NULL),
	(119, 'পানছড়ি', 'Panchhari Upazila', 47, NULL, NULL, NULL),
	(120, 'রামগড়', 'Ramgarh Upazila', 47, NULL, NULL, NULL),
	(121, 'লক্ষ্মীপুর সদর', 'Lakshmipur Sadar Upazila', 48, NULL, NULL, NULL),
	(122, 'রায়পুর', 'Raipur Upazila', 48, NULL, NULL, NULL),
	(123, 'রামগঞ্জ', 'Ramganj Upazila', 48, NULL, NULL, NULL),
	(124, 'রামগতি', 'Ramgati Upazila', 48, NULL, NULL, NULL),
	(125, 'কমল নগর', 'Komol Nagar Upazila', 48, NULL, NULL, NULL),
	(126, 'নোয়াখালী সদর', 'Noakhali Sadar Upazila', 49, NULL, NULL, NULL),
	(127, 'বেগমগঞ্জ', 'Begumganj Upazila', 49, NULL, NULL, NULL),
	(128, 'চাটখিল', 'Chatkhil Upazila', 49, NULL, NULL, NULL),
	(129, 'কোম্পানীগঞ্জ', 'Companyganj Upazila', 49, NULL, NULL, NULL),
	(130, 'শেনবাগ', 'Shenbag Upazila', 49, NULL, NULL, NULL),
	(131, 'হাতিয়া', 'Hatia Upazila', 49, NULL, NULL, NULL),
	(132, 'কবিরহাট ', 'Kobirhat Upazila', 49, NULL, NULL, NULL),
	(133, 'সোনাইমুরি', 'Sonaimuri Upazila', 49, NULL, NULL, NULL),
	(134, 'সুবর্ণ চর ', 'Suborno Char Upazila', 49, NULL, NULL, NULL),
	(135, 'রাঙ্গামাটি সদর', 'Rangamati Sadar Upazila', 50, NULL, NULL, NULL),
	(136, 'বেলাইছড়ি', 'Belaichhari Upazila', 50, NULL, NULL, NULL),
	(137, 'বাঘাইছড়ি', 'Bagaichhari Upazila', 50, NULL, NULL, NULL),
	(138, 'বরকল', 'Barkal Upazila', 50, NULL, NULL, NULL),
	(139, 'জুরাইছড়ি', 'Juraichhari Upazila', 50, NULL, NULL, NULL),
	(140, 'রাজাস্থলি', 'Rajasthali Upazila', 50, NULL, NULL, NULL),
	(141, 'কাপ্তাই', 'Kaptai Upazila', 50, NULL, NULL, NULL),
	(142, 'লাঙ্গাডু', 'Langadu Upazila', 50, NULL, NULL, NULL),
	(143, 'নান্নেরচর ', 'Nannerchar Upazila', 50, NULL, NULL, NULL),
	(144, 'কাউখালি', 'Kaukhali Upazila', 50, NULL, NULL, NULL),
	(145, 'ধামরাই', 'Dhamrai Upazila', 1, NULL, NULL, NULL),
	(146, 'দোহার', 'Dohar Upazila', 1, NULL, NULL, NULL),
	(147, 'কেরানীগঞ্জ', 'Keraniganj Upazila', 1, NULL, NULL, NULL),
	(148, 'নবাবগঞ্জ', 'Nawabganj Upazila', 1, NULL, NULL, NULL),
	(149, 'সাভার', 'Savar Upazila', 1, NULL, NULL, NULL),
	(150, 'ফরিদপুর সদর', 'Faridpur Sadar Upazila', 2, NULL, NULL, NULL),
	(151, 'বোয়ালমারী', 'Boalmari Upazila', 2, NULL, NULL, NULL),
	(152, 'আলফাডাঙ্গা', 'Alfadanga Upazila', 2, NULL, NULL, NULL),
	(153, 'মধুখালি', 'Madhukhali Upazila', 2, NULL, NULL, NULL),
	(154, 'ভাঙ্গা', 'Bhanga Upazila', 2, NULL, NULL, NULL),
	(155, 'নগরকান্ড', 'Nagarkanda Upazila', 2, NULL, NULL, NULL),
	(156, 'চরভদ্রাসন ', 'Charbhadrasan Upazila', 2, NULL, NULL, NULL),
	(157, 'সদরপুর', 'Sadarpur Upazila', 2, NULL, NULL, NULL),
	(158, 'শালথা', 'Shaltha Upazila', 2, NULL, NULL, NULL),
	(159, 'গাজীপুর সদর', 'Gazipur Sadar-Joydebpur', 3, NULL, NULL, NULL),
	(160, 'কালিয়াকৈর', 'Kaliakior', 3, NULL, NULL, NULL),
	(161, 'কাপাসিয়া', 'Kapasia', 3, NULL, NULL, NULL),
	(162, 'শ্রীপুর', 'Sripur', 3, NULL, NULL, NULL),
	(163, 'কালীগঞ্জ', 'Kaliganj', 3, NULL, NULL, NULL),
	(164, 'টঙ্গি', 'Tongi', 3, NULL, NULL, NULL),
	(165, 'গোপালগঞ্জ সদর', 'Gopalganj Sadar Upazila', 4, NULL, NULL, NULL),
	(166, 'কাশিয়ানি', 'Kashiani Upazila', 4, NULL, NULL, NULL),
	(167, 'কোটালিপাড়া', 'Kotalipara Upazila', 4, NULL, NULL, NULL),
	(168, 'মুকসুদপুর', 'Muksudpur Upazila', 4, NULL, NULL, NULL),
	(169, 'টুঙ্গিপাড়া', 'Tungipara Upazila', 4, NULL, NULL, NULL),
	(170, 'দেওয়ানগঞ্জ', 'Dewanganj Upazila', 5, NULL, NULL, NULL),
	(171, 'বকসিগঞ্জ', 'Baksiganj Upazila', 5, NULL, NULL, NULL),
	(172, 'ইসলামপুর', 'Islampur Upazila', 5, NULL, NULL, NULL),
	(173, 'জামালপুর সদর', 'Jamalpur Sadar Upazila', 5, NULL, NULL, NULL),
	(174, 'মাদারগঞ্জ', 'Madarganj Upazila', 5, NULL, NULL, NULL),
	(175, 'মেলানদাহা', 'Melandaha Upazila', 5, NULL, NULL, NULL),
	(176, 'সরিষাবাড়ি ', 'Sarishabari Upazila', 5, NULL, NULL, NULL),
	(177, 'নারুন্দি', 'Narundi Police I.C', 5, NULL, NULL, NULL),
	(178, 'অষ্টগ্রাম', 'Astagram Upazila', 6, NULL, NULL, NULL),
	(179, 'বাজিতপুর', 'Bajitpur Upazila', 6, NULL, NULL, NULL),
	(180, 'ভৈরব', 'Bhairab Upazila', 6, NULL, NULL, NULL),
	(181, 'হোসেনপুর ', 'Hossainpur Upazila', 6, NULL, NULL, NULL),
	(182, 'ইটনা', 'Itna Upazila', 6, NULL, NULL, NULL),
	(183, 'করিমগঞ্জ', 'Karimganj Upazila', 6, NULL, NULL, NULL),
	(184, 'কতিয়াদি', 'Katiadi Upazila', 6, NULL, NULL, NULL),
	(185, 'কিশোরগঞ্জ সদর', 'Kishoreganj Sadar Upazila', 6, NULL, NULL, NULL),
	(186, 'কুলিয়ারচর', 'Kuliarchar Upazila', 6, NULL, NULL, NULL),
	(187, 'মিঠামাইন', 'Mithamain Upazila', 6, NULL, NULL, NULL),
	(188, 'নিকলি', 'Nikli Upazila', 6, NULL, NULL, NULL),
	(189, 'পাকুন্ডা', 'Pakundia Upazila', 6, NULL, NULL, NULL),
	(190, 'তাড়াইল', 'Tarail Upazila', 6, NULL, NULL, NULL),
	(191, 'মাদারীপুর সদর', 'Madaripur Sadar', 7, NULL, NULL, NULL),
	(192, 'কালকিনি', 'Kalkini', 7, NULL, NULL, NULL),
	(193, 'রাজইর', 'Rajoir', 7, NULL, NULL, NULL),
	(194, 'শিবচর', 'Shibchar', 7, NULL, NULL, NULL),
	(195, 'মানিকগঞ্জ সদর', 'Manikganj Sadar Upazila', 8, NULL, NULL, NULL),
	(196, 'সিঙ্গাইর', 'Singair Upazila', 8, NULL, NULL, NULL),
	(197, 'শিবালয়', 'Shibalaya Upazila', 8, NULL, NULL, NULL),
	(198, 'সাঠুরিয়া', 'Saturia Upazila', 8, NULL, NULL, NULL),
	(199, 'হরিরামপুর', 'Harirampur Upazila', 8, NULL, NULL, NULL),
	(200, 'ঘিওর', 'Ghior Upazila', 8, NULL, NULL, NULL),
	(201, 'দৌলতপুর', 'Daulatpur Upazila', 8, NULL, NULL, NULL),
	(202, 'লোহাজং', 'Lohajang Upazila', 9, NULL, NULL, NULL),
	(203, 'শ্রীনগর', 'Sreenagar Upazila', 9, NULL, NULL, NULL),
	(204, 'মুন্সিগঞ্জ সদর', 'Munshiganj Sadar Upazila', 9, NULL, NULL, NULL),
	(205, 'সিরাজদিখান', 'Sirajdikhan Upazila', 9, NULL, NULL, NULL),
	(206, 'টঙ্গিবাড়ি', 'Tongibari Upazila', 9, NULL, NULL, NULL),
	(207, 'গজারিয়া', 'Gazaria Upazila', 9, NULL, NULL, NULL),
	(208, 'ভালুকা', 'Bhaluka', 10, NULL, NULL, NULL),
	(209, 'ত্রিশাল', 'Trishal', 10, NULL, NULL, NULL),
	(210, 'হালুয়াঘাট', 'Haluaghat', 10, NULL, NULL, NULL),
	(211, 'মুক্তাগাছা', 'Muktagachha', 10, NULL, NULL, NULL),
	(212, 'ধবারুয়া', 'Dhobaura', 10, NULL, NULL, NULL),
	(213, 'ফুলবাড়িয়া', 'Fulbaria', 10, NULL, NULL, NULL),
	(214, 'গফরগাঁও', 'Gaffargaon', 10, NULL, NULL, NULL),
	(215, 'গৌরিপুর', 'Gauripur', 10, NULL, NULL, NULL),
	(216, 'ঈশ্বরগঞ্জ', 'Ishwarganj', 10, NULL, NULL, NULL),
	(217, 'ময়মনসিং সদর', 'Mymensingh Sadar', 10, NULL, NULL, NULL),
	(218, 'নন্দাইল', 'Nandail', 10, NULL, NULL, NULL),
	(219, 'ফুলপুর', 'Phulpur', 10, NULL, NULL, NULL),
	(220, 'আড়াইহাজার', 'Araihazar Upazila', 11, NULL, NULL, NULL),
	(221, 'সোনারগাঁও', 'Sonargaon Upazila', 11, NULL, NULL, NULL),
	(222, 'বান্দার', 'Bandar', 11, NULL, NULL, NULL),
	(223, 'নারায়ানগঞ্জ সদর', 'Naryanganj Sadar Upazila', 11, NULL, NULL, NULL),
	(224, 'রূপগঞ্জ', 'Rupganj Upazila', 11, NULL, NULL, NULL),
	(225, 'সিদ্ধিরগঞ্জ', 'Siddirgonj Upazila', 11, NULL, NULL, NULL),
	(226, 'বেলাবো', 'Belabo Upazila', 12, NULL, NULL, NULL),
	(227, 'মনোহরদি', 'Monohardi Upazila', 12, NULL, NULL, NULL),
	(228, 'নরসিংদী সদর', 'Narsingdi Sadar Upazila', 12, NULL, NULL, NULL),
	(229, 'পলাশ', 'Palash Upazila', 12, NULL, NULL, NULL),
	(230, 'রায়পুর', 'Raipura Upazila, Narsingdi', 12, NULL, NULL, NULL),
	(231, 'শিবপুর', 'Shibpur Upazila', 12, NULL, NULL, NULL),
	(232, 'কেন্দুয়া', 'Kendua Upazilla', 13, NULL, NULL, NULL),
	(233, 'আটপাড়া', 'Atpara Upazilla', 13, NULL, NULL, NULL),
	(234, 'বরহাট্টা', 'Barhatta Upazilla', 13, NULL, NULL, NULL),
	(235, 'দুর্গাপুর', 'Durgapur Upazilla', 13, NULL, NULL, NULL),
	(236, 'কলমাকান্দা', 'Kalmakanda Upazilla', 13, NULL, NULL, NULL),
	(237, 'মদন', 'Madan Upazilla', 13, NULL, NULL, NULL),
	(238, 'মোহনগঞ্জ', 'Mohanganj Upazilla', 13, NULL, NULL, NULL),
	(239, 'নেত্রকোনা সদর', 'Netrakona-S Upazilla', 13, NULL, NULL, NULL),
	(240, 'পূর্বধলা', 'Purbadhala Upazilla', 13, NULL, NULL, NULL),
	(241, 'খালিয়াজুরি', 'Khaliajuri Upazilla', 13, NULL, NULL, NULL),
	(242, 'বালিয়াকান্দি', 'Baliakandi Upazila', 14, NULL, NULL, NULL),
	(243, 'গোয়ালন্দ ঘাট', 'Goalandaghat Upazila', 14, NULL, NULL, NULL),
	(244, 'পাংশা', 'Pangsha Upazila', 14, NULL, NULL, NULL),
	(245, 'কালুখালি', 'Kalukhali Upazila', 14, NULL, NULL, NULL),
	(246, 'রাজবাড়ি সদর', 'Rajbari Sadar Upazila', 14, NULL, NULL, NULL),
	(247, 'শরীয়তপুর সদর ', 'Shariatpur Sadar -Palong', 15, NULL, NULL, NULL),
	(248, 'দামুদিয়া', 'Damudya Upazila', 15, NULL, NULL, NULL),
	(249, 'নড়িয়া', 'Naria Upazila', 15, NULL, NULL, NULL),
	(250, 'জাজিরা', 'Jajira Upazila', 15, NULL, NULL, NULL),
	(251, 'ভেদারগঞ্জ', 'Bhedarganj Upazila', 15, NULL, NULL, NULL),
	(252, 'গোসাইর হাট ', 'Gosairhat Upazila', 15, NULL, NULL, NULL),
	(253, 'ঝিনাইগাতি', 'Jhenaigati Upazila', 16, NULL, NULL, NULL),
	(254, 'নাকলা', 'Nakla Upazila', 16, NULL, NULL, NULL),
	(255, 'নালিতাবাড়ি', 'Nalitabari Upazila', 16, NULL, NULL, NULL),
	(256, 'শেরপুর সদর', 'Sherpur Sadar Upazila', 16, NULL, NULL, NULL),
	(257, 'শ্রীবরদি', 'Sreebardi Upazila', 16, NULL, NULL, NULL),
	(258, 'টাঙ্গাইল সদর', 'Tangail Sadar Upazila', 17, NULL, NULL, NULL),
	(259, 'সখিপুর', 'Sakhipur Upazila', 17, NULL, NULL, NULL),
	(260, 'বসাইল', 'Basail Upazila', 17, NULL, NULL, NULL),
	(261, 'মধুপুর', 'Madhupur Upazila', 17, NULL, NULL, NULL),
	(262, 'ঘাটাইল', 'Ghatail Upazila', 17, NULL, NULL, NULL),
	(263, 'কালিহাতি', 'Kalihati Upazila', 17, NULL, NULL, NULL),
	(264, 'নগরপুর', 'Nagarpur Upazila', 17, NULL, NULL, NULL),
	(265, 'মির্জাপুর', 'Mirzapur Upazila', 17, NULL, NULL, NULL),
	(266, 'গোপালপুর', 'Gopalpur Upazila', 17, NULL, NULL, NULL),
	(267, 'দেলদুয়ার', 'Delduar Upazila', 17, NULL, NULL, NULL),
	(268, 'ভুয়াপুর', 'Bhuapur Upazila', 17, NULL, NULL, NULL),
	(269, 'ধানবাড়ি', 'Dhanbari Upazila', 17, NULL, NULL, NULL),
	(270, 'বাগেরহাট সদর', 'Bagerhat Sadar Upazila', 55, NULL, NULL, NULL),
	(271, 'চিতলমাড়ি', 'Chitalmari Upazila', 55, NULL, NULL, NULL),
	(272, 'ফকিরহাট', 'Fakirhat Upazila', 55, NULL, NULL, NULL),
	(273, 'কচুয়া', 'Kachua Upazila', 55, NULL, NULL, NULL),
	(274, 'মোল্লাহাট ', 'Mollahat Upazila', 55, NULL, NULL, NULL),
	(275, 'মংলা', 'Mongla Upazila', 55, NULL, NULL, NULL),
	(276, 'মরেলগঞ্জ', 'Morrelganj Upazila', 55, NULL, NULL, NULL),
	(277, 'রামপাল', 'Rampal Upazila', 55, NULL, NULL, NULL),
	(278, 'স্মরণখোলা', 'Sarankhola Upazila', 55, NULL, NULL, NULL),
	(279, 'দামুরহুদা', 'Damurhuda Upazila', 56, NULL, NULL, NULL),
	(280, 'চুয়াডাঙ্গা সদর', 'Chuadanga-S Upazila', 56, NULL, NULL, NULL),
	(281, 'জীবন নগর ', 'Jibannagar Upazila', 56, NULL, NULL, NULL),
	(282, 'আলমডাঙ্গা', 'Alamdanga Upazila', 56, NULL, NULL, NULL),
	(283, 'অভয়নগর', 'Abhaynagar Upazila', 57, NULL, NULL, NULL),
	(284, 'কেশবপুর', 'Keshabpur Upazila', 57, NULL, NULL, NULL),
	(285, 'বাঘের পাড়া ', 'Bagherpara Upazila', 57, NULL, NULL, NULL),
	(286, 'যশোর সদর', 'Jessore Sadar Upazila', 57, NULL, NULL, NULL),
	(287, 'চৌগাছা', 'Chaugachha Upazila', 57, NULL, NULL, NULL),
	(288, 'মনিরামপুর ', 'Manirampur Upazila', 57, NULL, NULL, NULL),
	(289, 'ঝিকরগাছা', 'Jhikargachha Upazila', 57, NULL, NULL, NULL),
	(290, 'সারশা', 'Sharsha Upazila', 57, NULL, NULL, NULL),
	(291, 'ঝিনাইদহ সদর', 'Jhenaidah Sadar Upazila', 58, NULL, NULL, NULL),
	(292, 'মহেশপুর', 'Maheshpur Upazila', 58, NULL, NULL, NULL),
	(293, 'কালীগঞ্জ', 'Kaliganj Upazila', 58, NULL, NULL, NULL),
	(294, 'কোট চাঁদপুর ', 'Kotchandpur Upazila', 58, NULL, NULL, NULL),
	(295, 'শৈলকুপা', 'Shailkupa Upazila', 58, NULL, NULL, NULL),
	(296, 'হাড়িনাকুন্দা', 'Harinakunda Upazila', 58, NULL, NULL, NULL),
	(297, 'তেরোখাদা', 'Terokhada Upazila', 59, NULL, NULL, NULL),
	(298, 'বাটিয়াঘাটা ', 'Batiaghata Upazila', 59, NULL, NULL, NULL),
	(299, 'ডাকপে', 'Dacope Upazila', 59, NULL, NULL, NULL),
	(300, 'ডুমুরিয়া', 'Dumuria Upazila', 59, NULL, NULL, NULL),
	(301, 'দিঘলিয়া', 'Dighalia Upazila', 59, NULL, NULL, NULL),
	(302, 'কয়ড়া', 'Koyra Upazila', 59, NULL, NULL, NULL),
	(303, 'পাইকগাছা', 'Paikgachha Upazila', 59, NULL, NULL, NULL),
	(304, 'ফুলতলা', 'Phultala Upazila', 59, NULL, NULL, NULL),
	(305, 'রূপসা', 'Rupsa Upazila', 59, NULL, NULL, NULL),
	(306, 'কুষ্টিয়া সদর', 'Kushtia Sadar', 60, NULL, NULL, NULL),
	(307, 'কুমারখালি', 'Kumarkhali', 60, NULL, NULL, NULL),
	(308, 'দৌলতপুর', 'Daulatpur', 60, NULL, NULL, NULL),
	(309, 'মিরপুর', 'Mirpur', 60, NULL, NULL, NULL),
	(310, 'ভেরামারা', 'Bheramara', 60, NULL, NULL, NULL),
	(311, 'খোকসা', 'Khoksa', 60, NULL, NULL, NULL),
	(312, 'মাগুরা সদর', 'Magura Sadar Upazila', 61, NULL, NULL, NULL),
	(313, 'মোহাম্মাদপুর', 'Mohammadpur Upazila', 61, NULL, NULL, NULL),
	(314, 'শালিখা', 'Shalikha Upazila', 61, NULL, NULL, NULL),
	(315, 'শ্রীপুর', 'Sreepur Upazila', 61, NULL, NULL, NULL),
	(316, 'আংনি', 'angni Upazila', 62, NULL, NULL, NULL),
	(317, 'মুজিব নগর', 'Mujib Nagar Upazila', 62, NULL, NULL, NULL),
	(318, 'মেহেরপুর সদর', 'Meherpur-S Upazila', 62, NULL, NULL, NULL),
	(319, 'নড়াইল সদর', 'Narail-S Upazilla', 63, NULL, NULL, NULL),
	(320, 'লোহাগাড়া', 'Lohagara Upazilla', 63, NULL, NULL, NULL),
	(321, 'কালিয়া', 'Kalia Upazilla', 63, NULL, NULL, NULL),
	(322, 'সাতক্ষীরা সদর', 'Satkhira Sadar Upazila', 64, NULL, NULL, NULL),
	(323, 'আসসাশুনি ', 'Assasuni Upazila', 64, NULL, NULL, NULL),
	(324, 'দেভাটা', 'Debhata Upazila', 64, NULL, NULL, NULL),
	(325, 'তালা', 'Tala Upazila', 64, NULL, NULL, NULL),
	(326, 'কলরোয়া', 'Kalaroa Upazila', 64, NULL, NULL, NULL),
	(327, 'কালীগঞ্জ', 'Kaliganj Upazila', 64, NULL, NULL, NULL),
	(328, 'শ্যামনগর', 'Shyamnagar Upazila', 64, NULL, NULL, NULL),
	(329, 'আদমদিঘী', 'Adamdighi', 18, NULL, NULL, NULL),
	(330, 'বগুড়া সদর', 'Bogra Sadar', 18, NULL, NULL, NULL),
	(331, 'শেরপুর', 'Sherpur', 18, NULL, NULL, NULL),
	(332, 'ধুনট', 'Dhunat', 18, NULL, NULL, NULL),
	(333, 'দুপচাচিয়া', 'Dhupchanchia', 18, NULL, NULL, NULL),
	(334, 'গাবতলি', 'Gabtali', 18, NULL, NULL, NULL),
	(335, 'কাহালু', 'Kahaloo', 18, NULL, NULL, NULL),
	(336, 'নন্দিগ্রাম', 'Nandigram', 18, NULL, NULL, NULL),
	(337, 'শাহজাহানপুর', 'Sahajanpur', 18, NULL, NULL, NULL),
	(338, 'সারিয়াকান্দি', 'Sariakandi', 18, NULL, NULL, NULL),
	(339, 'শিবগঞ্জ', 'Shibganj', 18, NULL, NULL, NULL),
	(340, 'সোনাতলা', 'Sonatala', 18, NULL, NULL, NULL),
	(341, 'জয়পুরহাট সদর', 'Joypurhat S', 19, NULL, NULL, NULL),
	(342, 'আক্কেলপুর', 'Akkelpur', 19, NULL, NULL, NULL),
	(343, 'কালাই', 'Kalai', 19, NULL, NULL, NULL),
	(344, 'খেতলাল', 'Khetlal', 19, NULL, NULL, NULL),
	(345, 'পাঁচবিবি', 'Panchbibi', 19, NULL, NULL, NULL),
	(346, 'নওগাঁ সদর', 'Naogaon Sadar Upazila', 20, NULL, NULL, NULL),
	(347, 'মহাদেবপুর', 'Mohadevpur Upazila', 20, NULL, NULL, NULL),
	(348, 'মান্দা', 'Manda Upazila', 20, NULL, NULL, NULL),
	(349, 'নিয়ামতপুর', 'Niamatpur Upazila', 20, NULL, NULL, NULL),
	(350, 'আত্রাই', 'Atrai Upazila', 20, NULL, NULL, NULL),
	(351, 'রাণীনগর', 'Raninagar Upazila', 20, NULL, NULL, NULL),
	(352, 'পত্নীতলা', 'Patnitala Upazila', 20, NULL, NULL, NULL),
	(353, 'ধামইরহাট ', 'Dhamoirhat Upazila', 20, NULL, NULL, NULL),
	(354, 'সাপাহার', 'Sapahar Upazila', 20, NULL, NULL, NULL),
	(355, 'পোরশা', 'Porsha Upazila', 20, NULL, NULL, NULL),
	(356, 'বদলগাছি', 'Badalgachhi Upazila', 20, NULL, NULL, NULL),
	(357, 'নাটোর সদর', 'Natore Sadar Upazila', 21, NULL, NULL, NULL),
	(358, 'বড়াইগ্রাম', 'Baraigram Upazila', 21, NULL, NULL, NULL),
	(359, 'বাগাতিপাড়া', 'Bagatipara Upazila', 21, NULL, NULL, NULL),
	(360, 'লালপুর', 'Lalpur Upazila', 21, NULL, NULL, NULL),
	(361, 'নাটোর সদর', 'Natore Sadar Upazila', 21, NULL, NULL, NULL),
	(362, 'বড়াই গ্রাম', 'Baraigram Upazila', 21, NULL, NULL, NULL),
	(363, 'ভোলাহাট', 'Bholahat Upazila', 22, NULL, NULL, NULL),
	(364, 'গোমস্তাপুর', 'Gomastapur Upazila', 22, NULL, NULL, NULL),
	(365, 'নাচোল', 'Nachole Upazila', 22, NULL, NULL, NULL),
	(366, 'নবাবগঞ্জ সদর', 'Nawabganj Sadar Upazila', 22, NULL, NULL, NULL),
	(367, 'শিবগঞ্জ', 'Shibganj Upazila', 22, NULL, NULL, NULL),
	(368, 'আটঘরিয়া', 'Atgharia Upazila', 23, NULL, NULL, NULL),
	(369, 'বেড়া', 'Bera Upazila', 23, NULL, NULL, NULL),
	(370, 'ভাঙ্গুরা', 'Bhangura Upazila', 23, NULL, NULL, NULL),
	(371, 'চাটমোহর', 'Chatmohar Upazila', 23, NULL, NULL, NULL),
	(372, 'ফরিদপুর', 'Faridpur Upazila', 23, NULL, NULL, NULL),
	(373, 'ঈশ্বরদী', 'Ishwardi Upazila', 23, NULL, NULL, NULL),
	(374, 'পাবনা সদর', 'Pabna Sadar Upazila', 23, NULL, NULL, NULL),
	(375, 'সাথিয়া', 'Santhia Upazila', 23, NULL, NULL, NULL),
	(376, 'সুজানগর', 'Sujanagar Upazila', 23, NULL, NULL, NULL),
	(377, 'বাঘা', 'Bagha', 24, NULL, NULL, NULL),
	(378, 'বাগমারা', 'Bagmara', 24, NULL, NULL, NULL),
	(379, 'চারঘাট', 'Charghat', 24, NULL, NULL, NULL),
	(380, 'দুর্গাপুর', 'Durgapur', 24, NULL, NULL, NULL),
	(381, 'গোদাগারি', 'Godagari', 24, NULL, NULL, NULL),
	(382, 'মোহনপুর', 'Mohanpur', 24, NULL, NULL, NULL),
	(383, 'পবা', 'Paba', 24, NULL, NULL, NULL),
	(384, 'পুঠিয়া', 'Puthia', 24, NULL, NULL, NULL),
	(385, 'তানোর', 'Tanore', 24, NULL, NULL, NULL),
	(386, 'সিরাজগঞ্জ সদর', 'Sirajganj Sadar Upazila', 25, NULL, NULL, NULL),
	(387, 'বেলকুচি', 'Belkuchi Upazila', 25, NULL, NULL, NULL),
	(388, 'চৌহালি', 'Chauhali Upazila', 25, NULL, NULL, NULL),
	(389, 'কামারখান্দা', 'Kamarkhanda Upazila', 25, NULL, NULL, NULL),
	(390, 'কাজীপুর', 'Kazipur Upazila', 25, NULL, NULL, NULL),
	(391, 'রায়গঞ্জ', 'Raiganj Upazila', 25, NULL, NULL, NULL),
	(392, 'শাহজাদপুর', 'Shahjadpur Upazila', 25, NULL, NULL, NULL),
	(393, 'তারাশ', 'Tarash Upazila', 25, NULL, NULL, NULL),
	(394, 'উল্লাপাড়া', 'Ullahpara Upazila', 25, NULL, NULL, NULL),
	(395, 'বিরামপুর', 'Birampur Upazila', 26, NULL, NULL, NULL),
	(396, 'বীরগঞ্জ', 'Birganj', 26, NULL, NULL, NULL),
	(397, 'বিড়াল', 'Biral Upazila', 26, NULL, NULL, NULL),
	(398, 'বোচাগঞ্জ', 'Bochaganj Upazila', 26, NULL, NULL, NULL),
	(399, 'চিরিরবন্দর', 'Chirirbandar Upazila', 26, NULL, NULL, NULL),
	(400, 'ফুলবাড়ি', 'Phulbari Upazila', 26, NULL, NULL, NULL),
	(401, 'ঘোড়াঘাট', 'Ghoraghat Upazila', 26, NULL, NULL, NULL),
	(402, 'হাকিমপুর', 'Hakimpur Upazila', 26, NULL, NULL, NULL),
	(403, 'কাহারোল', 'Kaharole Upazila', 26, NULL, NULL, NULL),
	(404, 'খানসামা', 'Khansama Upazila', 26, NULL, NULL, NULL),
	(405, 'দিনাজপুর সদর', 'Dinajpur Sadar Upazila', 26, NULL, NULL, NULL),
	(406, 'নবাবগঞ্জ', 'Nawabganj', 26, NULL, NULL, NULL),
	(407, 'পার্বতীপুর', 'Parbatipur Upazila', 26, NULL, NULL, NULL),
	(408, 'ফুলছড়ি', 'Fulchhari', 27, NULL, NULL, NULL),
	(409, 'গাইবান্ধা সদর', 'Gaibandha sadar', 27, NULL, NULL, NULL),
	(410, 'গোবিন্দগঞ্জ', 'Gobindaganj', 27, NULL, NULL, NULL),
	(411, 'পলাশবাড়ী', 'Palashbari', 27, NULL, NULL, NULL),
	(412, 'সাদুল্যাপুর', 'Sadullapur', 27, NULL, NULL, NULL),
	(413, 'সাঘাটা', 'Saghata', 27, NULL, NULL, NULL),
	(414, 'সুন্দরগঞ্জ', 'Sundarganj', 27, NULL, NULL, NULL),
	(415, 'কুড়িগ্রাম সদর', 'Kurigram Sadar', 28, NULL, NULL, NULL),
	(416, 'নাগেশ্বরী', 'Nageshwari', 28, NULL, NULL, NULL),
	(417, 'ভুরুঙ্গামারি', 'Bhurungamari', 28, NULL, NULL, NULL),
	(418, 'ফুলবাড়ি', 'Phulbari', 28, NULL, NULL, NULL),
	(419, 'রাজারহাট', 'Rajarhat', 28, NULL, NULL, NULL),
	(420, 'উলিপুর', 'Ulipur', 28, NULL, NULL, NULL),
	(421, 'চিলমারি', 'Chilmari', 28, NULL, NULL, NULL),
	(422, 'রউমারি', 'Rowmari', 28, NULL, NULL, NULL),
	(423, 'চর রাজিবপুর', 'Char Rajibpur', 28, NULL, NULL, NULL),
	(424, 'লালমনিরহাট সদর', 'Lalmanirhat Sadar', 29, NULL, NULL, NULL),
	(425, 'আদিতমারি', 'Aditmari', 29, NULL, NULL, NULL),
	(426, 'কালীগঞ্জ', 'Kaliganj', 29, NULL, NULL, NULL),
	(427, 'হাতিবান্ধা', 'Hatibandha', 29, NULL, NULL, NULL),
	(428, 'পাটগ্রাম', 'Patgram', 29, NULL, NULL, NULL),
	(429, 'নীলফামারী সদর', 'Nilphamari Sadar', 30, NULL, NULL, NULL),
	(430, 'সৈয়দপুর', 'Saidpur', 30, NULL, NULL, NULL),
	(431, 'জলঢাকা', 'Jaldhaka', 30, NULL, NULL, NULL),
	(432, 'কিশোরগঞ্জ', 'Kishoreganj', 30, NULL, NULL, NULL),
	(433, 'ডোমার', 'Domar', 30, NULL, NULL, NULL),
	(434, 'ডিমলা', 'Dimla', 30, NULL, NULL, NULL),
	(435, 'পঞ্চগড় সদর', 'Panchagarh Sadar', 31, NULL, NULL, NULL),
	(436, 'দেবীগঞ্জ', 'Debiganj', 31, NULL, NULL, NULL),
	(437, 'বোদা', 'Boda', 31, NULL, NULL, NULL),
	(438, 'আটোয়ারি', 'Atwari', 31, NULL, NULL, NULL),
	(439, 'তেতুলিয়া', 'Tetulia', 31, NULL, NULL, NULL),
	(440, 'বদরগঞ্জ', 'Badarganj', 32, NULL, NULL, NULL),
	(441, 'মিঠাপুকুর', 'Mithapukur', 32, NULL, NULL, NULL),
	(442, 'গঙ্গাচরা', 'Gangachara', 32, NULL, NULL, NULL),
	(443, 'কাউনিয়া', 'Kaunia', 32, NULL, NULL, NULL),
	(444, 'রংপুর সদর', 'Rangpur Sadar', 32, NULL, NULL, NULL),
	(445, 'পীরগাছা', 'Pirgachha', 32, NULL, NULL, NULL),
	(446, 'পীরগঞ্জ', 'Pirganj', 32, NULL, NULL, NULL),
	(447, 'তারাগঞ্জ', 'Taraganj', 32, NULL, NULL, NULL),
	(448, 'ঠাকুরগাঁও সদর', 'Thakurgaon Sadar Upazila', 33, NULL, NULL, NULL),
	(449, 'পীরগঞ্জ', 'Pirganj Upazila', 33, NULL, NULL, NULL),
	(450, 'বালিয়াডাঙ্গি', 'Baliadangi Upazila', 33, NULL, NULL, NULL),
	(451, 'হরিপুর', 'Haripur Upazila', 33, NULL, NULL, NULL),
	(452, 'রাণীসংকইল', 'Ranisankail Upazila', 33, NULL, NULL, NULL),
	(453, 'আজমিরিগঞ্জ', 'Ajmiriganj', 51, NULL, NULL, NULL),
	(454, 'বানিয়াচং', 'Baniachang', 51, NULL, NULL, NULL),
	(455, 'বাহুবল', 'Bahubal', 51, NULL, NULL, NULL),
	(456, 'চুনারুঘাট', 'Chunarughat', 51, NULL, NULL, NULL),
	(457, 'হবিগঞ্জ সদর', 'Habiganj Sadar', 51, NULL, NULL, NULL),
	(458, 'লাক্ষাই', 'Lakhai', 51, NULL, NULL, NULL),
	(459, 'মাধবপুর', 'Madhabpur', 51, NULL, NULL, NULL),
	(460, 'নবীগঞ্জ', 'Nabiganj', 51, NULL, NULL, NULL),
	(461, 'শায়েস্তাগঞ্জ', 'Shaistagonj Upazila', 51, NULL, NULL, NULL),
	(462, 'মৌলভীবাজার', 'Moulvibazar Sadar', 52, NULL, NULL, NULL),
	(463, 'বড়লেখা', 'Barlekha', 52, NULL, NULL, NULL),
	(464, 'জুড়ি', 'Juri', 52, NULL, NULL, NULL),
	(465, 'কামালগঞ্জ', 'Kamalganj', 52, NULL, NULL, NULL),
	(466, 'কুলাউরা', 'Kulaura', 52, NULL, NULL, NULL),
	(467, 'রাজনগর', 'Rajnagar', 52, NULL, NULL, NULL),
	(468, 'শ্রীমঙ্গল', 'Sreemangal', 52, NULL, NULL, NULL),
	(469, 'বিসশম্ভারপুর', 'Bishwamvarpur', 53, NULL, NULL, NULL),
	(470, 'ছাতক', 'Chhatak', 53, NULL, NULL, NULL),
	(471, 'দেড়াই', 'Derai', 53, NULL, NULL, NULL),
	(472, 'ধরমপাশা', 'Dharampasha', 53, NULL, NULL, NULL),
	(473, 'দোয়ারাবাজার', 'Dowarabazar', 53, NULL, NULL, NULL),
	(474, 'জগন্নাথপুর', 'Jagannathpur', 53, NULL, NULL, NULL),
	(475, 'জামালগঞ্জ', 'Jamalganj', 53, NULL, NULL, NULL),
	(476, 'সুল্লা', 'Sulla', 53, NULL, NULL, NULL),
	(477, 'সুনামগঞ্জ সদর', 'Sunamganj Sadar', 53, NULL, NULL, NULL),
	(478, 'শান্তিগঞ্জ', 'Shanthiganj', 53, NULL, NULL, NULL),
	(479, 'তাহিরপুর', 'Tahirpur', 53, NULL, NULL, NULL),
	(480, 'সিলেট সদর', 'Sylhet Sadar', 54, NULL, NULL, NULL),
	(481, 'বেয়ানিবাজার', 'Beanibazar', 54, NULL, NULL, NULL),
	(482, 'বিশ্বনাথ', 'Bishwanath', 54, NULL, NULL, NULL),
	(483, 'দক্ষিণ সুরমা', 'Dakshin Surma Upazila', 54, NULL, NULL, NULL),
	(484, 'বালাগঞ্জ', 'Balaganj', 54, NULL, NULL, NULL),
	(485, 'কোম্পানিগঞ্জ', 'Companiganj', 54, NULL, NULL, NULL),
	(486, 'ফেঞ্চুগঞ্জ', 'Fenchuganj', 54, NULL, NULL, NULL),
	(487, 'গোলাপগঞ্জ', 'Golapganj', 54, NULL, NULL, NULL),
	(488, 'গোয়াইনঘাট', 'Gowainghat', 54, NULL, NULL, NULL),
	(489, 'জয়ন্তপুর', 'Jaintiapur', 54, NULL, NULL, NULL),
	(490, 'কানাইঘাট', 'Kanaighat', 54, NULL, NULL, NULL),
	(491, 'জাকিগঞ্জ', 'Zakiganj', 54, NULL, NULL, NULL),
	(492, 'নবীগঞ্জ', 'Nobigonj', 54, NULL, NULL, NULL);
/*!40000 ALTER TABLE `thanas` ENABLE KEYS */;


-- Dumping structure for table timf.unions
DROP TABLE IF EXISTS `unions`;
CREATE TABLE IF NOT EXISTS `unions` (
  `id` int(11) NOT NULL AUTO_INCREMENT,
  `UnionName` varchar(500) NOT NULL,
  `name` varchar(500) DEFAULT NULL,
  `ThanaId` int(11) DEFAULT NULL,
  `created_at` datetime DEFAULT NULL,
  `updated_at` datetime DEFAULT NULL,
  PRIMARY KEY (`id`)
) ENGINE=InnoDB AUTO_INCREMENT=23 DEFAULT CHARSET=utf8;

-- Dumping data for table timf.unions: ~20 rows (approximately)
DELETE FROM `unions`;
/*!40000 ALTER TABLE `unions` DISABLE KEYS */;
INSERT INTO `unions` (`id`, `UnionName`, `name`, `ThanaId`, `created_at`, `updated_at`) VALUES
	(3, 'test', NULL, 1, '2017-01-23 10:20:38', '2017-01-23 10:23:25'),
	(4, 'second union', NULL, 2, '2017-01-23 10:23:43', '2017-01-23 10:23:43'),
	(5, 'as', NULL, 3, '2017-01-23 10:24:05', '2017-01-23 10:24:05'),
	(6, 'qw', NULL, 4, '2017-01-23 10:24:15', '2017-01-23 10:24:15'),
	(7, 'test', NULL, 1, '2017-01-23 10:20:38', '2017-01-23 10:23:25'),
	(8, 'second union', NULL, 2, '2017-01-23 10:23:43', '2017-01-23 10:23:43'),
	(9, 'as', NULL, 3, '2017-01-23 10:24:05', '2017-01-23 10:24:05'),
	(10, 'qw', NULL, 4, '2017-01-23 10:24:15', '2017-01-23 10:24:15'),
	(11, 'test', NULL, 1, '2017-01-23 10:20:38', '2017-01-23 10:23:25'),
	(12, 'second union', NULL, 2, '2017-01-23 10:23:43', '2017-01-23 10:23:43'),
	(13, 'as', NULL, 3, '2017-01-23 10:24:05', '2017-01-23 10:24:05'),
	(14, 'qw', NULL, 4, '2017-01-23 10:24:15', '2017-01-23 10:24:15'),
	(15, 'test', NULL, 1, '2017-01-23 10:20:38', '2017-01-23 10:23:25'),
	(16, 'second union', NULL, 2, '2017-01-23 10:23:43', '2017-01-23 10:23:43'),
	(17, 'as', NULL, 3, '2017-01-23 10:24:05', '2017-01-23 10:24:05'),
	(18, 'qw', NULL, 4, '2017-01-23 10:24:15', '2017-01-23 10:24:15'),
	(19, 'test', NULL, 1, '2017-01-23 10:20:38', '2017-01-23 10:23:25'),
	(20, 'second union', NULL, 2, '2017-01-23 10:23:43', '2017-01-23 10:23:43'),
	(21, 'as', NULL, 3, '2017-01-23 10:24:05', '2017-01-23 10:24:05'),
	(22, 'qw', NULL, 4, '2017-01-23 10:24:15', '2017-01-23 10:24:15');
/*!40000 ALTER TABLE `unions` ENABLE KEYS */;


-- Dumping structure for table timf.users
DROP TABLE IF EXISTS `users`;
CREATE TABLE IF NOT EXISTS `users` (
  `id` int(10) unsigned NOT NULL AUTO_INCREMENT,
  `name` varchar(255) COLLATE utf8_unicode_ci NOT NULL,
  `email` varchar(255) COLLATE utf8_unicode_ci NOT NULL,
  `password` varchar(60) COLLATE utf8_unicode_ci NOT NULL,
  `remember_token` varchar(100) COLLATE utf8_unicode_ci DEFAULT NULL,
  `created_at` timestamp NOT NULL DEFAULT '0000-00-00 00:00:00',
  `updated_at` timestamp NOT NULL DEFAULT '0000-00-00 00:00:00',
  `deleted_at` timestamp NULL DEFAULT NULL,
  PRIMARY KEY (`id`),
  UNIQUE KEY `users_email_unique` (`email`)
) ENGINE=InnoDB AUTO_INCREMENT=1003 DEFAULT CHARSET=utf8 COLLATE=utf8_unicode_ci;

-- Dumping data for table timf.users: ~1 rows (approximately)
DELETE FROM `users`;
/*!40000 ALTER TABLE `users` DISABLE KEYS */;
INSERT INTO `users` (`id`, `name`, `email`, `password`, `remember_token`, `created_at`, `updated_at`, `deleted_at`) VALUES
	(1002, 'Noor', 'webmaster.noor@gmail.com', '$2y$10$.JdruhP60OphjnKMaGdO5OzjQXevK/jizLMWp63SsbJ5HwxTWGVtu', 'iLFwFYtmri5xzvPNkfjvweSlwO1kcYeVzxN6YZuY79ex6lIt8pHaGQGHibkc', '2017-01-10 04:15:35', '2017-01-10 06:06:40', NULL);
/*!40000 ALTER TABLE `users` ENABLE KEYS */;


-- Dumping structure for table timf.userstimfs
DROP TABLE IF EXISTS `userstimfs`;
CREATE TABLE IF NOT EXISTS `userstimfs` (
  `id` int(11) NOT NULL AUTO_INCREMENT,
  `name` varchar(500) DEFAULT NULL,
  `UserstimfyName` varchar(500) DEFAULT NULL,
  `UserstimfyCode` varchar(500) DEFAULT NULL,
  `created_at` datetime DEFAULT NULL,
  `updated_at` datetime DEFAULT NULL,
  PRIMARY KEY (`id`)
) ENGINE=InnoDB AUTO_INCREMENT=2 DEFAULT CHARSET=utf8;

-- Dumping data for table timf.userstimfs: ~0 rows (approximately)
DELETE FROM `userstimfs`;
/*!40000 ALTER TABLE `userstimfs` DISABLE KEYS */;
INSERT INTO `userstimfs` (`id`, `name`, `UserstimfyName`, `UserstimfyCode`, `created_at`, `updated_at`) VALUES
	(1, NULL, '11', '22', '2017-01-25 04:41:25', '2017-01-25 04:41:30');
/*!40000 ALTER TABLE `userstimfs` ENABLE KEYS */;


-- Dumping structure for table timf.user_post
DROP TABLE IF EXISTS `user_post`;
CREATE TABLE IF NOT EXISTS `user_post` (
  `user_id` int(10) unsigned NOT NULL,
  `post_id` int(10) unsigned NOT NULL,
  KEY `user_post_user_id_index` (`user_id`),
  KEY `user_post_post_id_index` (`post_id`),
  CONSTRAINT `user_post_post_id_foreign` FOREIGN KEY (`post_id`) REFERENCES `posts` (`id`),
  CONSTRAINT `user_post_user_id_foreign` FOREIGN KEY (`user_id`) REFERENCES `users` (`id`)
) ENGINE=InnoDB DEFAULT CHARSET=utf8 COLLATE=utf8_unicode_ci;

-- Dumping data for table timf.user_post: ~0 rows (approximately)
DELETE FROM `user_post`;
/*!40000 ALTER TABLE `user_post` DISABLE KEYS */;
/*!40000 ALTER TABLE `user_post` ENABLE KEYS */;


-- Dumping structure for table timf.wards
DROP TABLE IF EXISTS `wards`;
CREATE TABLE IF NOT EXISTS `wards` (
  `id` int(11) NOT NULL,
  `WardName` varchar(500) DEFAULT NULL,
  `UnionId` varchar(500) DEFAULT NULL,
  `name` varchar(500) DEFAULT NULL,
  `created_at` datetime DEFAULT NULL,
  `updated_at` datetime DEFAULT NULL,
  PRIMARY KEY (`id`)
) ENGINE=InnoDB DEFAULT CHARSET=utf8;

-- Dumping data for table timf.wards: ~1 rows (approximately)
DELETE FROM `wards`;
/*!40000 ALTER TABLE `wards` DISABLE KEYS */;
INSERT INTO `wards` (`id`, `WardName`, `UnionId`, `name`, `created_at`, `updated_at`) VALUES
	(0, 'test', '4', NULL, '2017-01-23 10:51:57', '2017-01-23 10:51:57');
/*!40000 ALTER TABLE `wards` ENABLE KEYS */;


-- Dumping structure for table timf.year_calendar
DROP TABLE IF EXISTS `year_calendar`;
CREATE TABLE IF NOT EXISTS `year_calendar` (
  `id` int(11) NOT NULL AUTO_INCREMENT,
  `Name` varchar(20) NOT NULL,
  `Note` varchar(20) NOT NULL,
  `CreatedAt` datetime DEFAULT NULL,
  `UpdatedAt` datetime DEFAULT NULL,
  PRIMARY KEY (`id`)
) ENGINE=InnoDB AUTO_INCREMENT=41 DEFAULT CHARSET=utf8;

-- Dumping data for table timf.year_calendar: ~40 rows (approximately)
DELETE FROM `year_calendar`;
/*!40000 ALTER TABLE `year_calendar` DISABLE KEYS */;
INSERT INTO `year_calendar` (`id`, `Name`, `Note`, `CreatedAt`, `UpdatedAt`) VALUES
	(1, '2001', '2001', NULL, NULL),
	(2, '2002', '2002', NULL, NULL),
	(3, '2003', '2003', NULL, NULL),
	(4, '2004', '2004', NULL, NULL),
	(5, '2005', '2005', NULL, NULL),
	(6, '2006', '2006', NULL, NULL),
	(7, '2007', '2007', NULL, NULL),
	(8, '2008', '2008', NULL, NULL),
	(9, '2009', '2009', NULL, NULL),
	(10, '2010', '2010', NULL, NULL),
	(11, '2011', '2011', NULL, NULL),
	(12, '2012', '2012', NULL, NULL),
	(13, '2013', '2013', NULL, NULL),
	(14, '2014', '2014', NULL, NULL),
	(15, '2015', '2015', NULL, NULL),
	(16, '2016', '2016', NULL, NULL),
	(17, '2017', '2017', NULL, NULL),
	(18, '2018', '2018', NULL, NULL),
	(19, '2019', '2019', NULL, NULL),
	(20, '1980', '1980', NULL, NULL),
	(21, '1981', '1981', NULL, NULL),
	(22, '1982', '1982', NULL, NULL),
	(23, '1983', '1983', NULL, NULL),
	(24, '1984', '1984', NULL, NULL),
	(25, '1985', '1985', NULL, NULL),
	(26, '1986', '1986', NULL, NULL),
	(27, '1987', '1987', NULL, NULL),
	(28, '1988', '1988', NULL, NULL),
	(29, '1989', '1989', NULL, NULL),
	(30, '1990', '1990', NULL, NULL),
	(31, '1991', '1990', NULL, NULL),
	(32, '1992', '1990', NULL, NULL),
	(33, '1993', '1990', NULL, NULL),
	(34, '1994', '1990', NULL, NULL),
	(35, '1995', '1990', NULL, NULL),
	(36, '1996', '1990', NULL, NULL),
	(37, '1997', '1990', NULL, NULL),
	(38, '1998', '1990', NULL, NULL),
	(39, '1999', '1990', NULL, NULL),
	(40, '2000', '2000', NULL, NULL);
/*!40000 ALTER TABLE `year_calendar` ENABLE KEYS */;


-- Dumping structure for table timf.zone1s
DROP TABLE IF EXISTS `zone1s`;
CREATE TABLE IF NOT EXISTS `zone1s` (
  `id` int(11) NOT NULL,
  `name` varchar(500) DEFAULT NULL,
  `OfficeId` int(11) DEFAULT NULL,
  `Zone1Name` varchar(500) DEFAULT NULL,
  `SomitiName` varchar(500) DEFAULT NULL,
  `SamitiOpenDate` datetime DEFAULT NULL,
  `SamitiEndDate` datetime DEFAULT NULL,
  `BranchId` int(11) DEFAULT NULL,
  `created_at` datetime DEFAULT NULL,
  `updated_at` datetime DEFAULT NULL
) ENGINE=InnoDB DEFAULT CHARSET=utf8;

-- Dumping data for table timf.zone1s: ~3 rows (approximately)
DELETE FROM `zone1s`;
/*!40000 ALTER TABLE `zone1s` DISABLE KEYS */;
INSERT INTO `zone1s` (`id`, `name`, `OfficeId`, `Zone1Name`, `SomitiName`, `SamitiOpenDate`, `SamitiEndDate`, `BranchId`, `created_at`, `updated_at`) VALUES
	(1, NULL, 0, NULL, '12', '0000-00-00 00:00:00', '0000-00-00 00:00:00', 1, '2017-01-23 08:41:51', '2017-01-23 10:27:05'),
	(12, NULL, NULL, NULL, 'ryfttyu', '0000-00-00 00:00:00', NULL, 3, '2017-01-23 09:48:19', '2017-01-23 09:50:10'),
	(13, NULL, 232, NULL, '24', '0000-00-00 00:00:00', '0000-00-00 00:00:00', 3, '2017-01-23 10:26:01', '2017-01-23 10:26:01'),
	(0, NULL, 12, NULL, 'as', '2017-01-04 00:00:00', '2017-01-13 00:00:00', 5, '2017-01-23 11:18:17', '2017-01-23 11:18:17');
/*!40000 ALTER TABLE `zone1s` ENABLE KEYS */;


-- Dumping structure for table timf.zones
DROP TABLE IF EXISTS `zones`;
CREATE TABLE IF NOT EXISTS `zones` (
  `id` int(11) NOT NULL AUTO_INCREMENT,
  `name` varchar(500) DEFAULT NULL,
  `ZoneName` varchar(500) DEFAULT NULL,
  `ZoneCode` varchar(500) DEFAULT NULL,
  `created_at` datetime DEFAULT NULL,
  `updated_at` datetime DEFAULT NULL,
  PRIMARY KEY (`id`)
) ENGINE=InnoDB AUTO_INCREMENT=14 DEFAULT CHARSET=utf8;

-- Dumping data for table timf.zones: ~2 rows (approximately)
DELETE FROM `zones`;
/*!40000 ALTER TABLE `zones` DISABLE KEYS */;
INSERT INTO `zones` (`id`, `name`, `ZoneName`, `ZoneCode`, `created_at`, `updated_at`) VALUES
	(11, NULL, 'zone1', '2001', '2017-01-23 09:34:44', '2017-01-23 09:34:44'),
	(12, NULL, 'zone2', '2002', '2017-01-23 09:34:53', '2017-01-23 09:35:07'),
	(13, NULL, 'zone3', '2003', '2017-01-23 09:35:35', '2017-01-23 09:35:35');
/*!40000 ALTER TABLE `zones` ENABLE KEYS */;
/*!40101 SET SQL_MODE=IFNULL(@OLD_SQL_MODE, '') */;
/*!40014 SET FOREIGN_KEY_CHECKS=IF(@OLD_FOREIGN_KEY_CHECKS IS NULL, 1, @OLD_FOREIGN_KEY_CHECKS) */;
/*!40101 SET CHARACTER_SET_CLIENT=@OLD_CHARACTER_SET_CLIENT */;
